ISO-10303-21;
HEADER;
FILE_DESCRIPTION(('KiCad electronic assembly'),'2;1');
FILE_NAME('walking_logger.step','2026-07-11T21:57:40',('Pcbnew'),(
    'Kicad'),'Open CASCADE STEP processor 7.8','KiCad to STEP converter'
  ,'Unknown');
FILE_SCHEMA(('AUTOMOTIVE_DESIGN { 1 0 10303 214 1 1 1 1 }'));
ENDSEC;
DATA;
#1 = APPLICATION_PROTOCOL_DEFINITION('international standard',
  'automotive_design',2000,#2);
#2 = APPLICATION_CONTEXT(
  'core data for automotive mechanical design processes');
#3 = SHAPE_DEFINITION_REPRESENTATION(#4,#10);
#4 = PRODUCT_DEFINITION_SHAPE('','',#5);
#5 = PRODUCT_DEFINITION('design','',#6,#9);
#6 = PRODUCT_DEFINITION_FORMATION('','',#7);
#7 = PRODUCT('walking_logger 1','walking_logger 1','',(#8));
#8 = PRODUCT_CONTEXT('',#2,'mechanical');
#9 = PRODUCT_DEFINITION_CONTEXT('part definition',#2,'design');
#10 = SHAPE_REPRESENTATION('',(#11,#15,#19),#23);
#11 = AXIS2_PLACEMENT_3D('',#12,#13,#14);
#12 = CARTESIAN_POINT('',(0.,0.,0.));
#13 = DIRECTION('',(0.,0.,1.));
#14 = DIRECTION('',(1.,0.,-0.));
#15 = AXIS2_PLACEMENT_3D('',#16,#17,#18);
#16 = CARTESIAN_POINT('',(170.44,-105.44,1.595));
#17 = DIRECTION('',(0.,0.,1.));
#18 = DIRECTION('',(1.,0.,0.));
#19 = AXIS2_PLACEMENT_3D('',#20,#21,#22);
#20 = CARTESIAN_POINT('',(0.,0.,0.));
#21 = DIRECTION('',(0.,0.,1.));
#22 = DIRECTION('',(1.,0.,-0.));
#23 = ( GEOMETRIC_REPRESENTATION_CONTEXT(3) 
GLOBAL_UNCERTAINTY_ASSIGNED_CONTEXT((#27)) GLOBAL_UNIT_ASSIGNED_CONTEXT(
(#24,#25,#26)) REPRESENTATION_CONTEXT('Context #1',
  '3D Context with UNIT and UNCERTAINTY') );
#24 = ( LENGTH_UNIT() NAMED_UNIT(*) SI_UNIT(.MILLI.,.METRE.) );
#25 = ( NAMED_UNIT(*) PLANE_ANGLE_UNIT() SI_UNIT($,.RADIAN.) );
#26 = ( NAMED_UNIT(*) SI_UNIT($,.STERADIAN.) SOLID_ANGLE_UNIT() );
#27 = UNCERTAINTY_MEASURE_WITH_UNIT(LENGTH_MEASURE(1.E-07),#24,
  'distance_accuracy_value','confusion accuracy');
#28 = PRODUCT_RELATED_PRODUCT_CATEGORY('part',$,(#7));
#29 = SHAPE_DEFINITION_REPRESENTATION(#30,#36);
#30 = PRODUCT_DEFINITION_SHAPE('','',#31);
#31 = PRODUCT_DEFINITION('design','',#32,#35);
#32 = PRODUCT_DEFINITION_FORMATION('','',#33);
#33 = PRODUCT('RaspberryPi_Pico','RaspberryPi_Pico','',(#34));
#34 = PRODUCT_CONTEXT('',#2,'mechanical');
#35 = PRODUCT_DEFINITION_CONTEXT('part definition',#2,'design');
#36 = SHAPE_REPRESENTATION('',(#11,#37,#41),#45);
#37 = AXIS2_PLACEMENT_3D('',#38,#39,#40);
#38 = CARTESIAN_POINT('',(0.,0.,0.));
#39 = DIRECTION('',(0.,0.,1.));
#40 = DIRECTION('',(1.,0.,-0.));
#41 = AXIS2_PLACEMENT_3D('',#42,#43,#44);
#42 = CARTESIAN_POINT('',(0.,0.,0.));
#43 = DIRECTION('',(0.,0.,1.));
#44 = DIRECTION('',(1.,0.,-0.));
#45 = ( GEOMETRIC_REPRESENTATION_CONTEXT(3) 
GLOBAL_UNCERTAINTY_ASSIGNED_CONTEXT((#49)) GLOBAL_UNIT_ASSIGNED_CONTEXT(
(#46,#47,#48)) REPRESENTATION_CONTEXT('Context #1',
  '3D Context with UNIT and UNCERTAINTY') );
#46 = ( LENGTH_UNIT() NAMED_UNIT(*) SI_UNIT(.MILLI.,.METRE.) );
#47 = ( NAMED_UNIT(*) PLANE_ANGLE_UNIT() SI_UNIT($,.RADIAN.) );
#48 = ( NAMED_UNIT(*) SI_UNIT($,.STERADIAN.) SOLID_ANGLE_UNIT() );
#49 = UNCERTAINTY_MEASURE_WITH_UNIT(LENGTH_MEASURE(1.E-07),#46,
  'distance_accuracy_value','confusion accuracy');
#50 = CONTEXT_DEPENDENT_SHAPE_REPRESENTATION(#51,#53);
#51 = ( REPRESENTATION_RELATIONSHIP('','',#36,#10) 
REPRESENTATION_RELATIONSHIP_WITH_TRANSFORMATION(#52) 
SHAPE_REPRESENTATION_RELATIONSHIP() );
#52 = ITEM_DEFINED_TRANSFORMATION('','',#11,#15);
#53 = PRODUCT_DEFINITION_SHAPE('Placement','Placement of an item',#54);
#54 = NEXT_ASSEMBLY_USAGE_OCCURRENCE('3','A1','',#5,#31,$);
#55 = PRODUCT_RELATED_PRODUCT_CATEGORY('part',$,(#33));
#56 = SHAPE_DEFINITION_REPRESENTATION(#57,#63);
#57 = PRODUCT_DEFINITION_SHAPE('','',#58);
#58 = PRODUCT_DEFINITION('design','',#59,#62);
#59 = PRODUCT_DEFINITION_FORMATION('','',#60);
#60 = PRODUCT('RaspberryPi_Pico_KiCad','RaspberryPi_Pico_KiCad','',(#61)
  );
#61 = PRODUCT_CONTEXT('',#2,'mechanical');
#62 = PRODUCT_DEFINITION_CONTEXT('part definition',#2,'design');
#63 = SHAPE_REPRESENTATION('',(#11),#64);
#64 = ( GEOMETRIC_REPRESENTATION_CONTEXT(3) 
GLOBAL_UNCERTAINTY_ASSIGNED_CONTEXT((#68)) GLOBAL_UNIT_ASSIGNED_CONTEXT(
(#65,#66,#67)) REPRESENTATION_CONTEXT('Context #1',
  '3D Context with UNIT and UNCERTAINTY') );
#65 = ( LENGTH_UNIT() NAMED_UNIT(*) SI_UNIT(.MILLI.,.METRE.) );
#66 = ( NAMED_UNIT(*) PLANE_ANGLE_UNIT() SI_UNIT($,.RADIAN.) );
#67 = ( NAMED_UNIT(*) SI_UNIT($,.STERADIAN.) SOLID_ANGLE_UNIT() );
#68 = UNCERTAINTY_MEASURE_WITH_UNIT(LENGTH_MEASURE(1.E-07),#65,
  'distance_accuracy_value','confusion accuracy');
#69 = CONTEXT_DEPENDENT_SHAPE_REPRESENTATION(#70,#72);
#70 = ( REPRESENTATION_RELATIONSHIP('','',#63,#36) 
REPRESENTATION_RELATIONSHIP_WITH_TRANSFORMATION(#71) 
SHAPE_REPRESENTATION_RELATIONSHIP() );
#71 = ITEM_DEFINED_TRANSFORMATION('','',#11,#37);
#72 = PRODUCT_DEFINITION_SHAPE('Placement','Placement of an item',#73);
#73 = NEXT_ASSEMBLY_USAGE_OCCURRENCE('1','=>[0:1:1:3]','',#31,#58,$);
#74 = PRODUCT_RELATED_PRODUCT_CATEGORY('part',$,(#60));
#75 = SHAPE_DEFINITION_REPRESENTATION(#76,#82);
#76 = PRODUCT_DEFINITION_SHAPE('','',#77);
#77 = PRODUCT_DEFINITION('design','',#78,#81);
#78 = PRODUCT_DEFINITION_FORMATION('','',#79);
#79 = PRODUCT('RaspberryPi_Pico_Module_KiCad',
  'RaspberryPi_Pico_Module_KiCad','',(#80));
#80 = PRODUCT_CONTEXT('',#2,'mechanical');
#81 = PRODUCT_DEFINITION_CONTEXT('part definition',#2,'design');
#82 = ADVANCED_BREP_SHAPE_REPRESENTATION('',(#11,#83),#16450);
#83 = MANIFOLD_SOLID_BREP('',#84);
#84 = CLOSED_SHELL('',(#85,#125,#156,#180,#204,#235,#275,#292,#332,#349,
    #2488,#2505,#2517,#2548,#2593,#2624,#2669,#2700,#2747,#2778,#2823,
    #2854,#2899,#2930,#2975,#3006,#3051,#3082,#3129,#3160,#3205,#3236,
    #3281,#3312,#3357,#3388,#3433,#3464,#3511,#3542,#3587,#3618,#3663,
    #3694,#3739,#3770,#3815,#3846,#3893,#3924,#3969,#4000,#4045,#4076,
    #4101,#4132,#4173,#4266,#4299,#4324,#4348,#4393,#4424,#4469,#4500,
    #4547,#4578,#4623,#4654,#4699,#4730,#4775,#4806,#4851,#4882,#4929,
    #4960,#5005,#5036,#5081,#5112,#5157,#5188,#5233,#5264,#5311,#5342,
    #5387,#5418,#5463,#5494,#5539,#5570,#5615,#5646,#5693,#5724,#5769,
    #5800,#5845,#5876,#5901,#5925,#5970,#6001,#6048,#6079,#6124,#6155,
    #6173,#6193,#6224,#6248,#6272,#6289,#6320,#6344,#6368,#6385,#6405,
    #6436,#6460,#6484,#6501,#6521,#6552,#6576,#6600,#6617,#6648,#6672,
    #6696,#6713,#6744,#6768,#6792,#6809,#6840,#6864,#6888,#6905,#6936,
    #6960,#6984,#7001,#7032,#7056,#7080,#7097,#7128,#7191,#7216,#7240,
    #7258,#7282,#7338,#7363,#7387,#7405,#7425,#9234,#9258,#9283,#9300,
    #9325,#9349,#9374,#9391,#9416,#9440,#9465,#9482,#9507,#9531,#9556,
    #9573,#9598,#9622,#9647,#9664,#9689,#9713,#9738,#9755,#9780,#9804,
    #9829,#9846,#9871,#9895,#9920,#9937,#9962,#9986,#10011,#10028,#10053
    ,#10077,#10102,#10119,#10144,#10168,#10193,#10210,#10235,#10259,
    #10284,#10301,#10326,#10350,#10375,#10392,#10417,#10441,#10466,
    #10483,#10508,#10532,#10557,#10574,#10599,#10623,#10648,#10665,
    #10690,#10714,#10739,#10756,#10781,#10805,#10830,#10847,#10872,
    #10896,#10921,#10938,#10963,#10987,#11012,#11029,#11054,#11103,
    #11194,#11211,#11235,#11252,#11277,#11326,#11382,#11407,#11432,
    #11481,#11550,#11574,#11599,#11616,#11641,#11665,#11690,#11707,
    #11732,#11756,#11781,#11798,#11823,#11847,#11872,#11889,#11914,
    #11938,#11963,#11980,#12005,#12029,#12054,#12071,#12096,#12120,
    #12145,#12162,#12187,#12211,#12236,#12253,#12278,#12302,#12327,
    #12344,#12369,#12393,#12418,#12435,#12460,#12484,#12509,#12526,
    #12551,#12575,#12600,#12617,#12642,#12666,#12691,#12708,#12733,
    #12757,#12782,#12799,#12824,#12848,#12873,#12890,#12915,#12939,
    #12964,#12981,#13006,#13030,#13055,#13072,#13097,#13121,#13146,
    #13163,#13188,#13212,#13237,#13254,#13279,#13303,#13328,#13345,
    #13370,#13394,#13419,#13436,#13461,#13485,#13510,#13527,#13552,
    #13576,#13601,#13618,#13643,#13668,#13680,#13692,#13717,#13729,
    #13754,#13802,#13814,#13826,#13838,#13850,#13862,#13874,#13886,
    #13898,#13923,#13940,#13957,#13976,#13993,#14010,#14027,#14044,
    #14063,#14080,#14097,#14114,#14131,#14150,#14167,#14184,#14201,
    #14218,#14237,#14254,#14271,#14288,#14305,#14324,#14341,#14358,
    #14375,#14392,#14411,#14428,#14445,#14462,#14479,#14498,#14515,
    #14532,#14549,#14566,#14585,#14602,#14619,#14636,#14655,#14672,
    #14684,#14696,#14712,#14724,#14740,#14756,#14768,#14780,#14796,
    #14812,#14828,#14840,#14852,#14864,#14913,#14955,#14997,#15037,
    #15062,#15086,#15111,#15167,#15209,#15250,#15292,#15327,#15377,
    #15426,#15468,#15510,#15559,#15601,#15643,#15683,#15708,#15732,
    #15750,#15782,#15806,#15831,#15848,#15879,#15897,#15915,#15934,
    #15946,#15987,#16004,#16021,#16046,#16073,#16099,#16116,#16128,
    #16140,#16165,#16197,#16209,#16226,#16238,#16263,#16295,#16307,
    #16324,#16336,#16370,#16395,#16421,#16438));
#85 = ADVANCED_FACE('',(#86),#120,.F.);
#86 = FACE_BOUND('',#87,.F.);
#87 = EDGE_LOOP('',(#88,#98,#106,#114));
#88 = ORIENTED_EDGE('',*,*,#89,.F.);
#89 = EDGE_CURVE('',#90,#92,#94,.T.);
#90 = VERTEX_POINT('',#91);
#91 = CARTESIAN_POINT('',(-6.2,20.3,1.3));
#92 = VERTEX_POINT('',#93);
#93 = CARTESIAN_POINT('',(-6.2,20.3,1.6));
#94 = LINE('',#95,#96);
#95 = CARTESIAN_POINT('',(-6.2,20.3,1.3));
#96 = VECTOR('',#97,1.);
#97 = DIRECTION('',(0.,0.,1.));
#98 = ORIENTED_EDGE('',*,*,#99,.T.);
#99 = EDGE_CURVE('',#90,#100,#102,.T.);
#100 = VERTEX_POINT('',#101);
#101 = CARTESIAN_POINT('',(-6.2,21.1,1.3));
#102 = LINE('',#103,#104);
#103 = CARTESIAN_POINT('',(-6.2,20.3,1.3));
#104 = VECTOR('',#105,1.);
#105 = DIRECTION('',(0.,1.,0.));
#106 = ORIENTED_EDGE('',*,*,#107,.T.);
#107 = EDGE_CURVE('',#100,#108,#110,.T.);
#108 = VERTEX_POINT('',#109);
#109 = CARTESIAN_POINT('',(-6.2,21.1,1.6));
#110 = LINE('',#111,#112);
#111 = CARTESIAN_POINT('',(-6.2,21.1,1.3));
#112 = VECTOR('',#113,1.);
#113 = DIRECTION('',(0.,0.,1.));
#114 = ORIENTED_EDGE('',*,*,#115,.F.);
#115 = EDGE_CURVE('',#92,#108,#116,.T.);
#116 = LINE('',#117,#118);
#117 = CARTESIAN_POINT('',(-6.2,20.3,1.6));
#118 = VECTOR('',#119,1.);
#119 = DIRECTION('',(0.,1.,0.));
#120 = PLANE('',#121);
#121 = AXIS2_PLACEMENT_3D('',#122,#123,#124);
#122 = CARTESIAN_POINT('',(-6.2,20.3,1.3));
#123 = DIRECTION('',(1.,0.,-0.));
#124 = DIRECTION('',(0.,0.,1.));
#125 = ADVANCED_FACE('',(#126),#151,.F.);
#126 = FACE_BOUND('',#127,.F.);
#127 = EDGE_LOOP('',(#128,#136,#137,#145));
#128 = ORIENTED_EDGE('',*,*,#129,.F.);
#129 = EDGE_CURVE('',#90,#130,#132,.T.);
#130 = VERTEX_POINT('',#131);
#131 = CARTESIAN_POINT('',(-5.2,20.3,1.3));
#132 = LINE('',#133,#134);
#133 = CARTESIAN_POINT('',(-6.2,20.3,1.3));
#134 = VECTOR('',#135,1.);
#135 = DIRECTION('',(1.,0.,-0.));
#136 = ORIENTED_EDGE('',*,*,#89,.T.);
#137 = ORIENTED_EDGE('',*,*,#138,.T.);
#138 = EDGE_CURVE('',#92,#139,#141,.T.);
#139 = VERTEX_POINT('',#140);
#140 = CARTESIAN_POINT('',(-5.2,20.3,1.6));
#141 = LINE('',#142,#143);
#142 = CARTESIAN_POINT('',(-6.2,20.3,1.6));
#143 = VECTOR('',#144,1.);
#144 = DIRECTION('',(1.,0.,-0.));
#145 = ORIENTED_EDGE('',*,*,#146,.F.);
#146 = EDGE_CURVE('',#130,#139,#147,.T.);
#147 = LINE('',#148,#149);
#148 = CARTESIAN_POINT('',(-5.2,20.3,1.3));
#149 = VECTOR('',#150,1.);
#150 = DIRECTION('',(0.,0.,1.));
#151 = PLANE('',#152);
#152 = AXIS2_PLACEMENT_3D('',#153,#154,#155);
#153 = CARTESIAN_POINT('',(-6.2,20.3,1.3));
#154 = DIRECTION('',(0.,1.,0.));
#155 = DIRECTION('',(0.,-0.,1.));
#156 = ADVANCED_FACE('',(#157),#175,.T.);
#157 = FACE_BOUND('',#158,.T.);
#158 = EDGE_LOOP('',(#159,#160,#161,#169));
#159 = ORIENTED_EDGE('',*,*,#115,.F.);
#160 = ORIENTED_EDGE('',*,*,#138,.T.);
#161 = ORIENTED_EDGE('',*,*,#162,.T.);
#162 = EDGE_CURVE('',#139,#163,#165,.T.);
#163 = VERTEX_POINT('',#164);
#164 = CARTESIAN_POINT('',(-5.2,21.1,1.6));
#165 = LINE('',#166,#167);
#166 = CARTESIAN_POINT('',(-5.2,20.3,1.6));
#167 = VECTOR('',#168,1.);
#168 = DIRECTION('',(0.,1.,0.));
#169 = ORIENTED_EDGE('',*,*,#170,.F.);
#170 = EDGE_CURVE('',#108,#163,#171,.T.);
#171 = LINE('',#172,#173);
#172 = CARTESIAN_POINT('',(-6.2,21.1,1.6));
#173 = VECTOR('',#174,1.);
#174 = DIRECTION('',(1.,0.,-0.));
#175 = PLANE('',#176);
#176 = AXIS2_PLACEMENT_3D('',#177,#178,#179);
#177 = CARTESIAN_POINT('',(-6.2,20.3,1.6));
#178 = DIRECTION('',(0.,0.,1.));
#179 = DIRECTION('',(1.,0.,-0.));
#180 = ADVANCED_FACE('',(#181),#199,.T.);
#181 = FACE_BOUND('',#182,.T.);
#182 = EDGE_LOOP('',(#183,#191,#192,#193));
#183 = ORIENTED_EDGE('',*,*,#184,.F.);
#184 = EDGE_CURVE('',#100,#185,#187,.T.);
#185 = VERTEX_POINT('',#186);
#186 = CARTESIAN_POINT('',(-5.2,21.1,1.3));
#187 = LINE('',#188,#189);
#188 = CARTESIAN_POINT('',(-6.2,21.1,1.3));
#189 = VECTOR('',#190,1.);
#190 = DIRECTION('',(1.,0.,-0.));
#191 = ORIENTED_EDGE('',*,*,#107,.T.);
#192 = ORIENTED_EDGE('',*,*,#170,.T.);
#193 = ORIENTED_EDGE('',*,*,#194,.F.);
#194 = EDGE_CURVE('',#185,#163,#195,.T.);
#195 = LINE('',#196,#197);
#196 = CARTESIAN_POINT('',(-5.2,21.1,1.3));
#197 = VECTOR('',#198,1.);
#198 = DIRECTION('',(0.,0.,1.));
#199 = PLANE('',#200);
#200 = AXIS2_PLACEMENT_3D('',#201,#202,#203);
#201 = CARTESIAN_POINT('',(-6.2,21.1,1.3));
#202 = DIRECTION('',(0.,1.,0.));
#203 = DIRECTION('',(0.,-0.,1.));
#204 = ADVANCED_FACE('',(#205),#230,.T.);
#205 = FACE_BOUND('',#206,.T.);
#206 = EDGE_LOOP('',(#207,#215,#223,#229));
#207 = ORIENTED_EDGE('',*,*,#208,.F.);
#208 = EDGE_CURVE('',#209,#100,#211,.T.);
#209 = VERTEX_POINT('',#210);
#210 = CARTESIAN_POINT('',(-6.5,21.1,1.3));
#211 = LINE('',#212,#213);
#212 = CARTESIAN_POINT('',(-6.5,21.1,1.3));
#213 = VECTOR('',#214,1.);
#214 = DIRECTION('',(1.,0.,-0.));
#215 = ORIENTED_EDGE('',*,*,#216,.F.);
#216 = EDGE_CURVE('',#217,#209,#219,.T.);
#217 = VERTEX_POINT('',#218);
#218 = CARTESIAN_POINT('',(-6.5,20.3,1.3));
#219 = LINE('',#220,#221);
#220 = CARTESIAN_POINT('',(-6.5,20.3,1.3));
#221 = VECTOR('',#222,1.);
#222 = DIRECTION('',(0.,1.,0.));
#223 = ORIENTED_EDGE('',*,*,#224,.T.);
#224 = EDGE_CURVE('',#217,#90,#225,.T.);
#225 = LINE('',#226,#227);
#226 = CARTESIAN_POINT('',(-6.5,20.3,1.3));
#227 = VECTOR('',#228,1.);
#228 = DIRECTION('',(1.,0.,-0.));
#229 = ORIENTED_EDGE('',*,*,#99,.T.);
#230 = PLANE('',#231);
#231 = AXIS2_PLACEMENT_3D('',#232,#233,#234);
#232 = CARTESIAN_POINT('',(-6.5,20.3,1.3));
#233 = DIRECTION('',(0.,0.,1.));
#234 = DIRECTION('',(1.,0.,-0.));
#235 = ADVANCED_FACE('',(#236),#270,.F.);
#236 = FACE_BOUND('',#237,.F.);
#237 = EDGE_LOOP('',(#238,#248,#254,#255,#256,#264));
#238 = ORIENTED_EDGE('',*,*,#239,.F.);
#239 = EDGE_CURVE('',#240,#242,#244,.T.);
#240 = VERTEX_POINT('',#241);
#241 = CARTESIAN_POINT('',(-6.5,20.3,1.));
#242 = VERTEX_POINT('',#243);
#243 = CARTESIAN_POINT('',(-4.9,20.3,1.));
#244 = LINE('',#245,#246);
#245 = CARTESIAN_POINT('',(-6.5,20.3,1.));
#246 = VECTOR('',#247,1.);
#247 = DIRECTION('',(1.,0.,-0.));
#248 = ORIENTED_EDGE('',*,*,#249,.T.);
#249 = EDGE_CURVE('',#240,#217,#250,.T.);
#250 = LINE('',#251,#252);
#251 = CARTESIAN_POINT('',(-6.5,20.3,1.));
#252 = VECTOR('',#253,1.);
#253 = DIRECTION('',(0.,0.,1.));
#254 = ORIENTED_EDGE('',*,*,#224,.T.);
#255 = ORIENTED_EDGE('',*,*,#129,.T.);
#256 = ORIENTED_EDGE('',*,*,#257,.T.);
#257 = EDGE_CURVE('',#130,#258,#260,.T.);
#258 = VERTEX_POINT('',#259);
#259 = CARTESIAN_POINT('',(-4.9,20.3,1.3));
#260 = LINE('',#261,#262);
#261 = CARTESIAN_POINT('',(-6.5,20.3,1.3));
#262 = VECTOR('',#263,1.);
#263 = DIRECTION('',(1.,0.,-0.));
#264 = ORIENTED_EDGE('',*,*,#265,.F.);
#265 = EDGE_CURVE('',#242,#258,#266,.T.);
#266 = LINE('',#267,#268);
#267 = CARTESIAN_POINT('',(-4.9,20.3,1.));
#268 = VECTOR('',#269,1.);
#269 = DIRECTION('',(0.,0.,1.));
#270 = PLANE('',#271);
#271 = AXIS2_PLACEMENT_3D('',#272,#273,#274);
#272 = CARTESIAN_POINT('',(-6.5,20.3,1.));
#273 = DIRECTION('',(0.,1.,0.));
#274 = DIRECTION('',(0.,-0.,1.));
#275 = ADVANCED_FACE('',(#276),#287,.T.);
#276 = FACE_BOUND('',#277,.T.);
#277 = EDGE_LOOP('',(#278,#279,#285,#286));
#278 = ORIENTED_EDGE('',*,*,#146,.F.);
#279 = ORIENTED_EDGE('',*,*,#280,.T.);
#280 = EDGE_CURVE('',#130,#185,#281,.T.);
#281 = LINE('',#282,#283);
#282 = CARTESIAN_POINT('',(-5.2,20.3,1.3));
#283 = VECTOR('',#284,1.);
#284 = DIRECTION('',(0.,1.,0.));
#285 = ORIENTED_EDGE('',*,*,#194,.T.);
#286 = ORIENTED_EDGE('',*,*,#162,.F.);
#287 = PLANE('',#288);
#288 = AXIS2_PLACEMENT_3D('',#289,#290,#291);
#289 = CARTESIAN_POINT('',(-5.2,20.3,1.3));
#290 = DIRECTION('',(1.,0.,-0.));
#291 = DIRECTION('',(0.,0.,1.));
#292 = ADVANCED_FACE('',(#293),#327,.T.);
#293 = FACE_BOUND('',#294,.T.);
#294 = EDGE_LOOP('',(#295,#305,#311,#312,#313,#321));
#295 = ORIENTED_EDGE('',*,*,#296,.F.);
#296 = EDGE_CURVE('',#297,#299,#301,.T.);
#297 = VERTEX_POINT('',#298);
#298 = CARTESIAN_POINT('',(-6.5,21.1,1.));
#299 = VERTEX_POINT('',#300);
#300 = CARTESIAN_POINT('',(-4.9,21.1,1.));
#301 = LINE('',#302,#303);
#302 = CARTESIAN_POINT('',(-6.5,21.1,1.));
#303 = VECTOR('',#304,1.);
#304 = DIRECTION('',(1.,0.,-0.));
#305 = ORIENTED_EDGE('',*,*,#306,.T.);
#306 = EDGE_CURVE('',#297,#209,#307,.T.);
#307 = LINE('',#308,#309);
#308 = CARTESIAN_POINT('',(-6.5,21.1,1.));
#309 = VECTOR('',#310,1.);
#310 = DIRECTION('',(0.,0.,1.));
#311 = ORIENTED_EDGE('',*,*,#208,.T.);
#312 = ORIENTED_EDGE('',*,*,#184,.T.);
#313 = ORIENTED_EDGE('',*,*,#314,.T.);
#314 = EDGE_CURVE('',#185,#315,#317,.T.);
#315 = VERTEX_POINT('',#316);
#316 = CARTESIAN_POINT('',(-4.9,21.1,1.3));
#317 = LINE('',#318,#319);
#318 = CARTESIAN_POINT('',(-6.5,21.1,1.3));
#319 = VECTOR('',#320,1.);
#320 = DIRECTION('',(1.,0.,-0.));
#321 = ORIENTED_EDGE('',*,*,#322,.F.);
#322 = EDGE_CURVE('',#299,#315,#323,.T.);
#323 = LINE('',#324,#325);
#324 = CARTESIAN_POINT('',(-4.9,21.1,1.));
#325 = VECTOR('',#326,1.);
#326 = DIRECTION('',(0.,0.,1.));
#327 = PLANE('',#328);
#328 = AXIS2_PLACEMENT_3D('',#329,#330,#331);
#329 = CARTESIAN_POINT('',(-6.5,21.1,1.));
#330 = DIRECTION('',(0.,1.,0.));
#331 = DIRECTION('',(0.,-0.,1.));
#332 = ADVANCED_FACE('',(#333),#344,.F.);
#333 = FACE_BOUND('',#334,.F.);
#334 = EDGE_LOOP('',(#335,#336,#342,#343));
#335 = ORIENTED_EDGE('',*,*,#249,.F.);
#336 = ORIENTED_EDGE('',*,*,#337,.T.);
#337 = EDGE_CURVE('',#240,#297,#338,.T.);
#338 = LINE('',#339,#340);
#339 = CARTESIAN_POINT('',(-6.5,20.3,1.));
#340 = VECTOR('',#341,1.);
#341 = DIRECTION('',(0.,1.,0.));
#342 = ORIENTED_EDGE('',*,*,#306,.T.);
#343 = ORIENTED_EDGE('',*,*,#216,.F.);
#344 = PLANE('',#345);
#345 = AXIS2_PLACEMENT_3D('',#346,#347,#348);
#346 = CARTESIAN_POINT('',(-6.5,20.3,1.));
#347 = DIRECTION('',(1.,0.,-0.));
#348 = DIRECTION('',(0.,0.,1.));
#349 = ADVANCED_FACE('',(#350,#2024,#2035,#2069,#2103,#2114,#2148,#2159,
    #2170,#2204,#2238,#2272,#2306,#2340,#2374,#2472),#2483,.T.);
#350 = FACE_BOUND('',#351,.T.);
#351 = EDGE_LOOP('',(#352,#362,#371,#379,#387,#396,#404,#412,#420,#429,
    #437,#446,#454,#462,#470,#479,#487,#495,#504,#512,#520,#529,#537,
    #545,#553,#562,#570,#578,#586,#595,#603,#612,#620,#628,#636,#645,
    #653,#661,#669,#678,#686,#694,#702,#711,#719,#727,#735,#744,#752,
    #760,#768,#777,#785,#794,#802,#810,#818,#827,#835,#843,#851,#860,
    #868,#876,#884,#893,#901,#909,#917,#926,#934,#942,#950,#959,#967,
    #976,#984,#992,#1000,#1009,#1017,#1025,#1033,#1042,#1050,#1058,#1066
    ,#1075,#1083,#1091,#1099,#1108,#1116,#1124,#1132,#1141,#1149,#1158,
    #1166,#1174,#1182,#1191,#1199,#1207,#1215,#1224,#1232,#1240,#1249,
    #1257,#1265,#1273,#1281,#1289,#1298,#1306,#1314,#1323,#1331,#1339,
    #1347,#1356,#1364,#1372,#1380,#1389,#1397,#1406,#1414,#1422,#1430,
    #1439,#1447,#1455,#1463,#1472,#1480,#1488,#1496,#1505,#1513,#1521,
    #1529,#1538,#1546,#1554,#1562,#1571,#1579,#1588,#1596,#1604,#1612,
    #1621,#1629,#1637,#1645,#1654,#1662,#1670,#1678,#1687,#1695,#1703,
    #1711,#1720,#1728,#1736,#1744,#1753,#1761,#1770,#1778,#1786,#1794,
    #1803,#1811,#1819,#1827,#1836,#1844,#1852,#1860,#1869,#1877,#1885,
    #1893,#1902,#1910,#1918,#1926,#1935,#1943,#1952,#1960,#1968,#1976,
    #1985,#1993,#2001,#2009,#2018));
#352 = ORIENTED_EDGE('',*,*,#353,.F.);
#353 = EDGE_CURVE('',#354,#356,#358,.T.);
#354 = VERTEX_POINT('',#355);
#355 = CARTESIAN_POINT('',(-10.5,-25.,1.));
#356 = VERTEX_POINT('',#357);
#357 = CARTESIAN_POINT('',(-10.5,-24.93,1.));
#358 = LINE('',#359,#360);
#359 = CARTESIAN_POINT('',(-10.5,-25.,1.));
#360 = VECTOR('',#361,1.);
#361 = DIRECTION('',(0.,1.,0.));
#362 = ORIENTED_EDGE('',*,*,#363,.T.);
#363 = EDGE_CURVE('',#354,#364,#366,.T.);
#364 = VERTEX_POINT('',#365);
#365 = CARTESIAN_POINT('',(-10.,-25.5,1.));
#366 = CIRCLE('',#367,0.5);
#367 = AXIS2_PLACEMENT_3D('',#368,#369,#370);
#368 = CARTESIAN_POINT('',(-10.,-25.,1.));
#369 = DIRECTION('',(0.,0.,1.));
#370 = DIRECTION('',(1.,0.,-0.));
#371 = ORIENTED_EDGE('',*,*,#372,.F.);
#372 = EDGE_CURVE('',#373,#364,#375,.T.);
#373 = VERTEX_POINT('',#374);
#374 = CARTESIAN_POINT('',(-3.34,-25.5,1.));
#375 = LINE('',#376,#377);
#376 = CARTESIAN_POINT('',(10.,-25.5,1.));
#377 = VECTOR('',#378,1.);
#378 = DIRECTION('',(-1.,0.,0.));
#379 = ORIENTED_EDGE('',*,*,#380,.F.);
#380 = EDGE_CURVE('',#381,#373,#383,.T.);
#381 = VERTEX_POINT('',#382);
#382 = CARTESIAN_POINT('',(-3.34,-23.9,1.));
#383 = LINE('',#384,#385);
#384 = CARTESIAN_POINT('',(-3.34,-23.9,1.));
#385 = VECTOR('',#386,1.);
#386 = DIRECTION('',(0.,-1.,0.));
#387 = ORIENTED_EDGE('',*,*,#388,.F.);
#388 = EDGE_CURVE('',#389,#381,#391,.T.);
#389 = VERTEX_POINT('',#390);
#390 = CARTESIAN_POINT('',(-1.74,-23.9,1.));
#391 = CIRCLE('',#392,0.8);
#392 = AXIS2_PLACEMENT_3D('',#393,#394,#395);
#393 = CARTESIAN_POINT('',(-2.54,-23.9,1.));
#394 = DIRECTION('',(0.,-0.,1.));
#395 = DIRECTION('',(0.,1.,0.));
#396 = ORIENTED_EDGE('',*,*,#397,.T.);
#397 = EDGE_CURVE('',#389,#398,#400,.T.);
#398 = VERTEX_POINT('',#399);
#399 = CARTESIAN_POINT('',(-1.74,-25.5,1.));
#400 = LINE('',#401,#402);
#401 = CARTESIAN_POINT('',(-1.74,-23.9,1.));
#402 = VECTOR('',#403,1.);
#403 = DIRECTION('',(0.,-1.,0.));
#404 = ORIENTED_EDGE('',*,*,#405,.F.);
#405 = EDGE_CURVE('',#406,#398,#408,.T.);
#406 = VERTEX_POINT('',#407);
#407 = CARTESIAN_POINT('',(-0.800000000001,-25.5,1.));
#408 = LINE('',#409,#410);
#409 = CARTESIAN_POINT('',(10.,-25.5,1.));
#410 = VECTOR('',#411,1.);
#411 = DIRECTION('',(-1.,0.,0.));
#412 = ORIENTED_EDGE('',*,*,#413,.F.);
#413 = EDGE_CURVE('',#414,#406,#416,.T.);
#414 = VERTEX_POINT('',#415);
#415 = CARTESIAN_POINT('',(-0.800000000001,-23.3,1.));
#416 = LINE('',#417,#418);
#417 = CARTESIAN_POINT('',(-0.800000000001,-23.3,1.));
#418 = VECTOR('',#419,1.);
#419 = DIRECTION('',(0.,-1.,0.));
#420 = ORIENTED_EDGE('',*,*,#421,.F.);
#421 = EDGE_CURVE('',#422,#414,#424,.T.);
#422 = VERTEX_POINT('',#423);
#423 = CARTESIAN_POINT('',(-0.600000000001,-23.1,1.));
#424 = CIRCLE('',#425,0.2);
#425 = AXIS2_PLACEMENT_3D('',#426,#427,#428);
#426 = CARTESIAN_POINT('',(-0.600000000001,-23.3,1.));
#427 = DIRECTION('',(0.,-0.,1.));
#428 = DIRECTION('',(0.,1.,0.));
#429 = ORIENTED_EDGE('',*,*,#430,.T.);
#430 = EDGE_CURVE('',#422,#431,#433,.T.);
#431 = VERTEX_POINT('',#432);
#432 = CARTESIAN_POINT('',(0.600000000001,-23.1,1.));
#433 = LINE('',#434,#435);
#434 = CARTESIAN_POINT('',(-0.600000000001,-23.1,1.));
#435 = VECTOR('',#436,1.);
#436 = DIRECTION('',(1.,0.,-0.));
#437 = ORIENTED_EDGE('',*,*,#438,.F.);
#438 = EDGE_CURVE('',#439,#431,#441,.T.);
#439 = VERTEX_POINT('',#440);
#440 = CARTESIAN_POINT('',(0.800000000001,-23.3,1.));
#441 = CIRCLE('',#442,0.2);
#442 = AXIS2_PLACEMENT_3D('',#443,#444,#445);
#443 = CARTESIAN_POINT('',(0.600000000001,-23.3,1.));
#444 = DIRECTION('',(0.,-0.,1.));
#445 = DIRECTION('',(0.,1.,0.));
#446 = ORIENTED_EDGE('',*,*,#447,.T.);
#447 = EDGE_CURVE('',#439,#448,#450,.T.);
#448 = VERTEX_POINT('',#449);
#449 = CARTESIAN_POINT('',(0.800000000001,-25.5,1.));
#450 = LINE('',#451,#452);
#451 = CARTESIAN_POINT('',(0.800000000001,-23.3,1.));
#452 = VECTOR('',#453,1.);
#453 = DIRECTION('',(0.,-1.,0.));
#454 = ORIENTED_EDGE('',*,*,#455,.F.);
#455 = EDGE_CURVE('',#456,#448,#458,.T.);
#456 = VERTEX_POINT('',#457);
#457 = CARTESIAN_POINT('',(1.74,-25.5,1.));
#458 = LINE('',#459,#460);
#459 = CARTESIAN_POINT('',(10.,-25.5,1.));
#460 = VECTOR('',#461,1.);
#461 = DIRECTION('',(-1.,0.,0.));
#462 = ORIENTED_EDGE('',*,*,#463,.F.);
#463 = EDGE_CURVE('',#464,#456,#466,.T.);
#464 = VERTEX_POINT('',#465);
#465 = CARTESIAN_POINT('',(1.74,-23.9,1.));
#466 = LINE('',#467,#468);
#467 = CARTESIAN_POINT('',(1.74,-23.9,1.));
#468 = VECTOR('',#469,1.);
#469 = DIRECTION('',(0.,-1.,0.));
#470 = ORIENTED_EDGE('',*,*,#471,.T.);
#471 = EDGE_CURVE('',#464,#472,#474,.T.);
#472 = VERTEX_POINT('',#473);
#473 = CARTESIAN_POINT('',(3.34,-23.9,1.));
#474 = CIRCLE('',#475,0.8);
#475 = AXIS2_PLACEMENT_3D('',#476,#477,#478);
#476 = CARTESIAN_POINT('',(2.54,-23.9,1.));
#477 = DIRECTION('',(2.2E-16,0.,-1.));
#478 = DIRECTION('',(0.,1.,0.));
#479 = ORIENTED_EDGE('',*,*,#480,.T.);
#480 = EDGE_CURVE('',#472,#481,#483,.T.);
#481 = VERTEX_POINT('',#482);
#482 = CARTESIAN_POINT('',(3.34,-25.5,1.));
#483 = LINE('',#484,#485);
#484 = CARTESIAN_POINT('',(3.34,-23.9,1.));
#485 = VECTOR('',#486,1.);
#486 = DIRECTION('',(0.,-1.,0.));
#487 = ORIENTED_EDGE('',*,*,#488,.F.);
#488 = EDGE_CURVE('',#489,#481,#491,.T.);
#489 = VERTEX_POINT('',#490);
#490 = CARTESIAN_POINT('',(10.,-25.5,1.));
#491 = LINE('',#492,#493);
#492 = CARTESIAN_POINT('',(10.,-25.5,1.));
#493 = VECTOR('',#494,1.);
#494 = DIRECTION('',(-1.,0.,0.));
#495 = ORIENTED_EDGE('',*,*,#496,.T.);
#496 = EDGE_CURVE('',#489,#497,#499,.T.);
#497 = VERTEX_POINT('',#498);
#498 = CARTESIAN_POINT('',(10.5,-25.,1.));
#499 = CIRCLE('',#500,0.5);
#500 = AXIS2_PLACEMENT_3D('',#501,#502,#503);
#501 = CARTESIAN_POINT('',(10.,-25.,1.));
#502 = DIRECTION('',(0.,0.,1.));
#503 = DIRECTION('',(1.,0.,-0.));
#504 = ORIENTED_EDGE('',*,*,#505,.F.);
#505 = EDGE_CURVE('',#506,#497,#508,.T.);
#506 = VERTEX_POINT('',#507);
#507 = CARTESIAN_POINT('',(10.5,-24.93,1.));
#508 = LINE('',#509,#510);
#509 = CARTESIAN_POINT('',(10.5,25.,1.));
#510 = VECTOR('',#511,1.);
#511 = DIRECTION('',(0.,-1.,0.));
#512 = ORIENTED_EDGE('',*,*,#513,.F.);
#513 = EDGE_CURVE('',#514,#506,#516,.T.);
#514 = VERTEX_POINT('',#515);
#515 = CARTESIAN_POINT('',(8.89,-24.93,1.));
#516 = LINE('',#517,#518);
#517 = CARTESIAN_POINT('',(8.89,-24.93,1.));
#518 = VECTOR('',#519,1.);
#519 = DIRECTION('',(1.,0.,-0.));
#520 = ORIENTED_EDGE('',*,*,#521,.T.);
#521 = EDGE_CURVE('',#514,#522,#524,.T.);
#522 = VERTEX_POINT('',#523);
#523 = CARTESIAN_POINT('',(8.89,-23.33,1.));
#524 = CIRCLE('',#525,0.8);
#525 = AXIS2_PLACEMENT_3D('',#526,#527,#528);
#526 = CARTESIAN_POINT('',(8.89,-24.13,1.));
#527 = DIRECTION('',(2.2E-16,0.,-1.));
#528 = DIRECTION('',(-1.,0.,-2.2E-16));
#529 = ORIENTED_EDGE('',*,*,#530,.T.);
#530 = EDGE_CURVE('',#522,#531,#533,.T.);
#531 = VERTEX_POINT('',#532);
#532 = CARTESIAN_POINT('',(10.5,-23.33,1.));
#533 = LINE('',#534,#535);
#534 = CARTESIAN_POINT('',(8.89,-23.33,1.));
#535 = VECTOR('',#536,1.);
#536 = DIRECTION('',(1.,0.,-0.));
#537 = ORIENTED_EDGE('',*,*,#538,.F.);
#538 = EDGE_CURVE('',#539,#531,#541,.T.);
#539 = VERTEX_POINT('',#540);
#540 = CARTESIAN_POINT('',(10.5,-22.39,1.));
#541 = LINE('',#542,#543);
#542 = CARTESIAN_POINT('',(10.5,25.,1.));
#543 = VECTOR('',#544,1.);
#544 = DIRECTION('',(0.,-1.,0.));
#545 = ORIENTED_EDGE('',*,*,#546,.F.);
#546 = EDGE_CURVE('',#547,#539,#549,.T.);
#547 = VERTEX_POINT('',#548);
#548 = CARTESIAN_POINT('',(8.89,-22.39,1.));
#549 = LINE('',#550,#551);
#550 = CARTESIAN_POINT('',(8.89,-22.39,1.));
#551 = VECTOR('',#552,1.);
#552 = DIRECTION('',(1.,0.,-0.));
#553 = ORIENTED_EDGE('',*,*,#554,.T.);
#554 = EDGE_CURVE('',#547,#555,#557,.T.);
#555 = VERTEX_POINT('',#556);
#556 = CARTESIAN_POINT('',(8.89,-20.79,1.));
#557 = CIRCLE('',#558,0.8);
#558 = AXIS2_PLACEMENT_3D('',#559,#560,#561);
#559 = CARTESIAN_POINT('',(8.89,-21.59,1.));
#560 = DIRECTION('',(2.2E-16,0.,-1.));
#561 = DIRECTION('',(-1.,0.,-2.2E-16));
#562 = ORIENTED_EDGE('',*,*,#563,.T.);
#563 = EDGE_CURVE('',#555,#564,#566,.T.);
#564 = VERTEX_POINT('',#565);
#565 = CARTESIAN_POINT('',(10.5,-20.79,1.));
#566 = LINE('',#567,#568);
#567 = CARTESIAN_POINT('',(8.89,-20.79,1.));
#568 = VECTOR('',#569,1.);
#569 = DIRECTION('',(1.,0.,-0.));
#570 = ORIENTED_EDGE('',*,*,#571,.F.);
#571 = EDGE_CURVE('',#572,#564,#574,.T.);
#572 = VERTEX_POINT('',#573);
#573 = CARTESIAN_POINT('',(10.5,-19.85,1.));
#574 = LINE('',#575,#576);
#575 = CARTESIAN_POINT('',(10.5,25.,1.));
#576 = VECTOR('',#577,1.);
#577 = DIRECTION('',(0.,-1.,0.));
#578 = ORIENTED_EDGE('',*,*,#579,.F.);
#579 = EDGE_CURVE('',#580,#572,#582,.T.);
#580 = VERTEX_POINT('',#581);
#581 = CARTESIAN_POINT('',(8.29,-19.85,1.));
#582 = LINE('',#583,#584);
#583 = CARTESIAN_POINT('',(8.29,-19.85,1.));
#584 = VECTOR('',#585,1.);
#585 = DIRECTION('',(1.,0.,-0.));
#586 = ORIENTED_EDGE('',*,*,#587,.T.);
#587 = EDGE_CURVE('',#580,#588,#590,.T.);
#588 = VERTEX_POINT('',#589);
#589 = CARTESIAN_POINT('',(8.09,-19.65,1.));
#590 = CIRCLE('',#591,0.2);
#591 = AXIS2_PLACEMENT_3D('',#592,#593,#594);
#592 = CARTESIAN_POINT('',(8.29,-19.65,1.));
#593 = DIRECTION('',(2.2E-16,0.,-1.));
#594 = DIRECTION('',(-1.,0.,-2.2E-16));
#595 = ORIENTED_EDGE('',*,*,#596,.F.);
#596 = EDGE_CURVE('',#597,#588,#599,.T.);
#597 = VERTEX_POINT('',#598);
#598 = CARTESIAN_POINT('',(8.09,-18.44999999999,1.));
#599 = LINE('',#600,#601);
#600 = CARTESIAN_POINT('',(8.09,-18.44999999999,1.));
#601 = VECTOR('',#602,1.);
#602 = DIRECTION('',(0.,-1.,0.));
#603 = ORIENTED_EDGE('',*,*,#604,.T.);
#604 = EDGE_CURVE('',#597,#605,#607,.T.);
#605 = VERTEX_POINT('',#606);
#606 = CARTESIAN_POINT('',(8.29,-18.24999999999,1.));
#607 = CIRCLE('',#608,0.2);
#608 = AXIS2_PLACEMENT_3D('',#609,#610,#611);
#609 = CARTESIAN_POINT('',(8.29,-18.44999999999,1.));
#610 = DIRECTION('',(2.2E-16,0.,-1.));
#611 = DIRECTION('',(-1.,0.,-2.2E-16));
#612 = ORIENTED_EDGE('',*,*,#613,.T.);
#613 = EDGE_CURVE('',#605,#614,#616,.T.);
#614 = VERTEX_POINT('',#615);
#615 = CARTESIAN_POINT('',(10.5,-18.24999999999,1.));
#616 = LINE('',#617,#618);
#617 = CARTESIAN_POINT('',(8.29,-18.24999999999,1.));
#618 = VECTOR('',#619,1.);
#619 = DIRECTION('',(1.,0.,-0.));
#620 = ORIENTED_EDGE('',*,*,#621,.F.);
#621 = EDGE_CURVE('',#622,#614,#624,.T.);
#622 = VERTEX_POINT('',#623);
#623 = CARTESIAN_POINT('',(10.5,-17.31,1.));
#624 = LINE('',#625,#626);
#625 = CARTESIAN_POINT('',(10.5,25.,1.));
#626 = VECTOR('',#627,1.);
#627 = DIRECTION('',(0.,-1.,0.));
#628 = ORIENTED_EDGE('',*,*,#629,.F.);
#629 = EDGE_CURVE('',#630,#622,#632,.T.);
#630 = VERTEX_POINT('',#631);
#631 = CARTESIAN_POINT('',(8.89,-17.31,1.));
#632 = LINE('',#633,#634);
#633 = CARTESIAN_POINT('',(8.89,-17.31,1.));
#634 = VECTOR('',#635,1.);
#635 = DIRECTION('',(1.,0.,-0.));
#636 = ORIENTED_EDGE('',*,*,#637,.T.);
#637 = EDGE_CURVE('',#630,#638,#640,.T.);
#638 = VERTEX_POINT('',#639);
#639 = CARTESIAN_POINT('',(8.89,-15.71,1.));
#640 = CIRCLE('',#641,0.8);
#641 = AXIS2_PLACEMENT_3D('',#642,#643,#644);
#642 = CARTESIAN_POINT('',(8.89,-16.51,1.));
#643 = DIRECTION('',(2.2E-16,0.,-1.));
#644 = DIRECTION('',(-1.,0.,-2.2E-16));
#645 = ORIENTED_EDGE('',*,*,#646,.T.);
#646 = EDGE_CURVE('',#638,#647,#649,.T.);
#647 = VERTEX_POINT('',#648);
#648 = CARTESIAN_POINT('',(10.5,-15.71,1.));
#649 = LINE('',#650,#651);
#650 = CARTESIAN_POINT('',(8.89,-15.71,1.));
#651 = VECTOR('',#652,1.);
#652 = DIRECTION('',(1.,0.,-0.));
#653 = ORIENTED_EDGE('',*,*,#654,.F.);
#654 = EDGE_CURVE('',#655,#647,#657,.T.);
#655 = VERTEX_POINT('',#656);
#656 = CARTESIAN_POINT('',(10.5,-14.77,1.));
#657 = LINE('',#658,#659);
#658 = CARTESIAN_POINT('',(10.5,25.,1.));
#659 = VECTOR('',#660,1.);
#660 = DIRECTION('',(0.,-1.,0.));
#661 = ORIENTED_EDGE('',*,*,#662,.F.);
#662 = EDGE_CURVE('',#663,#655,#665,.T.);
#663 = VERTEX_POINT('',#664);
#664 = CARTESIAN_POINT('',(8.89,-14.77,1.));
#665 = LINE('',#666,#667);
#666 = CARTESIAN_POINT('',(8.89,-14.77,1.));
#667 = VECTOR('',#668,1.);
#668 = DIRECTION('',(1.,0.,-0.));
#669 = ORIENTED_EDGE('',*,*,#670,.T.);
#670 = EDGE_CURVE('',#663,#671,#673,.T.);
#671 = VERTEX_POINT('',#672);
#672 = CARTESIAN_POINT('',(8.89,-13.17,1.));
#673 = CIRCLE('',#674,0.8);
#674 = AXIS2_PLACEMENT_3D('',#675,#676,#677);
#675 = CARTESIAN_POINT('',(8.89,-13.97,1.));
#676 = DIRECTION('',(2.2E-16,0.,-1.));
#677 = DIRECTION('',(-1.,0.,-2.2E-16));
#678 = ORIENTED_EDGE('',*,*,#679,.T.);
#679 = EDGE_CURVE('',#671,#680,#682,.T.);
#680 = VERTEX_POINT('',#681);
#681 = CARTESIAN_POINT('',(10.5,-13.17,1.));
#682 = LINE('',#683,#684);
#683 = CARTESIAN_POINT('',(8.89,-13.17,1.));
#684 = VECTOR('',#685,1.);
#685 = DIRECTION('',(1.,0.,-0.));
#686 = ORIENTED_EDGE('',*,*,#687,.F.);
#687 = EDGE_CURVE('',#688,#680,#690,.T.);
#688 = VERTEX_POINT('',#689);
#689 = CARTESIAN_POINT('',(10.5,-12.23,1.));
#690 = LINE('',#691,#692);
#691 = CARTESIAN_POINT('',(10.5,25.,1.));
#692 = VECTOR('',#693,1.);
#693 = DIRECTION('',(0.,-1.,0.));
#694 = ORIENTED_EDGE('',*,*,#695,.F.);
#695 = EDGE_CURVE('',#696,#688,#698,.T.);
#696 = VERTEX_POINT('',#697);
#697 = CARTESIAN_POINT('',(8.89,-12.23,1.));
#698 = LINE('',#699,#700);
#699 = CARTESIAN_POINT('',(8.89,-12.23,1.));
#700 = VECTOR('',#701,1.);
#701 = DIRECTION('',(1.,0.,-0.));
#702 = ORIENTED_EDGE('',*,*,#703,.T.);
#703 = EDGE_CURVE('',#696,#704,#706,.T.);
#704 = VERTEX_POINT('',#705);
#705 = CARTESIAN_POINT('',(8.89,-10.63,1.));
#706 = CIRCLE('',#707,0.8);
#707 = AXIS2_PLACEMENT_3D('',#708,#709,#710);
#708 = CARTESIAN_POINT('',(8.89,-11.43,1.));
#709 = DIRECTION('',(2.2E-16,0.,-1.));
#710 = DIRECTION('',(-1.,0.,-2.2E-16));
#711 = ORIENTED_EDGE('',*,*,#712,.T.);
#712 = EDGE_CURVE('',#704,#713,#715,.T.);
#713 = VERTEX_POINT('',#714);
#714 = CARTESIAN_POINT('',(10.5,-10.63,1.));
#715 = LINE('',#716,#717);
#716 = CARTESIAN_POINT('',(8.89,-10.63,1.));
#717 = VECTOR('',#718,1.);
#718 = DIRECTION('',(1.,0.,-0.));
#719 = ORIENTED_EDGE('',*,*,#720,.F.);
#720 = EDGE_CURVE('',#721,#713,#723,.T.);
#721 = VERTEX_POINT('',#722);
#722 = CARTESIAN_POINT('',(10.5,-9.69,1.));
#723 = LINE('',#724,#725);
#724 = CARTESIAN_POINT('',(10.5,25.,1.));
#725 = VECTOR('',#726,1.);
#726 = DIRECTION('',(0.,-1.,0.));
#727 = ORIENTED_EDGE('',*,*,#728,.F.);
#728 = EDGE_CURVE('',#729,#721,#731,.T.);
#729 = VERTEX_POINT('',#730);
#730 = CARTESIAN_POINT('',(8.89,-9.69,1.));
#731 = LINE('',#732,#733);
#732 = CARTESIAN_POINT('',(8.89,-9.69,1.));
#733 = VECTOR('',#734,1.);
#734 = DIRECTION('',(1.,0.,-0.));
#735 = ORIENTED_EDGE('',*,*,#736,.T.);
#736 = EDGE_CURVE('',#729,#737,#739,.T.);
#737 = VERTEX_POINT('',#738);
#738 = CARTESIAN_POINT('',(8.89,-8.09,1.));
#739 = CIRCLE('',#740,0.8);
#740 = AXIS2_PLACEMENT_3D('',#741,#742,#743);
#741 = CARTESIAN_POINT('',(8.89,-8.89,1.));
#742 = DIRECTION('',(2.2E-16,0.,-1.));
#743 = DIRECTION('',(-1.,0.,-2.2E-16));
#744 = ORIENTED_EDGE('',*,*,#745,.T.);
#745 = EDGE_CURVE('',#737,#746,#748,.T.);
#746 = VERTEX_POINT('',#747);
#747 = CARTESIAN_POINT('',(10.5,-8.09,1.));
#748 = LINE('',#749,#750);
#749 = CARTESIAN_POINT('',(8.89,-8.09,1.));
#750 = VECTOR('',#751,1.);
#751 = DIRECTION('',(1.,0.,-0.));
#752 = ORIENTED_EDGE('',*,*,#753,.F.);
#753 = EDGE_CURVE('',#754,#746,#756,.T.);
#754 = VERTEX_POINT('',#755);
#755 = CARTESIAN_POINT('',(10.5,-7.150000000001,1.));
#756 = LINE('',#757,#758);
#757 = CARTESIAN_POINT('',(10.5,25.,1.));
#758 = VECTOR('',#759,1.);
#759 = DIRECTION('',(0.,-1.,0.));
#760 = ORIENTED_EDGE('',*,*,#761,.F.);
#761 = EDGE_CURVE('',#762,#754,#764,.T.);
#762 = VERTEX_POINT('',#763);
#763 = CARTESIAN_POINT('',(8.29,-7.150000000001,1.));
#764 = LINE('',#765,#766);
#765 = CARTESIAN_POINT('',(8.29,-7.150000000001,1.));
#766 = VECTOR('',#767,1.);
#767 = DIRECTION('',(1.,0.,-0.));
#768 = ORIENTED_EDGE('',*,*,#769,.T.);
#769 = EDGE_CURVE('',#762,#770,#772,.T.);
#770 = VERTEX_POINT('',#771);
#771 = CARTESIAN_POINT('',(8.09,-6.950000000001,1.));
#772 = CIRCLE('',#773,0.2);
#773 = AXIS2_PLACEMENT_3D('',#774,#775,#776);
#774 = CARTESIAN_POINT('',(8.29,-6.950000000001,1.));
#775 = DIRECTION('',(2.2E-16,0.,-1.));
#776 = DIRECTION('',(-1.,0.,-2.2E-16));
#777 = ORIENTED_EDGE('',*,*,#778,.F.);
#778 = EDGE_CURVE('',#779,#770,#781,.T.);
#779 = VERTEX_POINT('',#780);
#780 = CARTESIAN_POINT('',(8.09,-5.749999999999,1.));
#781 = LINE('',#782,#783);
#782 = CARTESIAN_POINT('',(8.09,-5.749999999999,1.));
#783 = VECTOR('',#784,1.);
#784 = DIRECTION('',(0.,-1.,0.));
#785 = ORIENTED_EDGE('',*,*,#786,.T.);
#786 = EDGE_CURVE('',#779,#787,#789,.T.);
#787 = VERTEX_POINT('',#788);
#788 = CARTESIAN_POINT('',(8.29,-5.549999999999,1.));
#789 = CIRCLE('',#790,0.2);
#790 = AXIS2_PLACEMENT_3D('',#791,#792,#793);
#791 = CARTESIAN_POINT('',(8.29,-5.749999999999,1.));
#792 = DIRECTION('',(2.2E-16,0.,-1.));
#793 = DIRECTION('',(-1.,0.,-2.2E-16));
#794 = ORIENTED_EDGE('',*,*,#795,.T.);
#795 = EDGE_CURVE('',#787,#796,#798,.T.);
#796 = VERTEX_POINT('',#797);
#797 = CARTESIAN_POINT('',(10.5,-5.549999999999,1.));
#798 = LINE('',#799,#800);
#799 = CARTESIAN_POINT('',(8.29,-5.549999999999,1.));
#800 = VECTOR('',#801,1.);
#801 = DIRECTION('',(1.,0.,-0.));
#802 = ORIENTED_EDGE('',*,*,#803,.F.);
#803 = EDGE_CURVE('',#804,#796,#806,.T.);
#804 = VERTEX_POINT('',#805);
#805 = CARTESIAN_POINT('',(10.5,-4.61,1.));
#806 = LINE('',#807,#808);
#807 = CARTESIAN_POINT('',(10.5,25.,1.));
#808 = VECTOR('',#809,1.);
#809 = DIRECTION('',(0.,-1.,0.));
#810 = ORIENTED_EDGE('',*,*,#811,.F.);
#811 = EDGE_CURVE('',#812,#804,#814,.T.);
#812 = VERTEX_POINT('',#813);
#813 = CARTESIAN_POINT('',(8.89,-4.61,1.));
#814 = LINE('',#815,#816);
#815 = CARTESIAN_POINT('',(8.89,-4.61,1.));
#816 = VECTOR('',#817,1.);
#817 = DIRECTION('',(1.,0.,-0.));
#818 = ORIENTED_EDGE('',*,*,#819,.T.);
#819 = EDGE_CURVE('',#812,#820,#822,.T.);
#820 = VERTEX_POINT('',#821);
#821 = CARTESIAN_POINT('',(8.89,-3.01,1.));
#822 = CIRCLE('',#823,0.8);
#823 = AXIS2_PLACEMENT_3D('',#824,#825,#826);
#824 = CARTESIAN_POINT('',(8.89,-3.81,1.));
#825 = DIRECTION('',(2.2E-16,0.,-1.));
#826 = DIRECTION('',(-1.,0.,-2.2E-16));
#827 = ORIENTED_EDGE('',*,*,#828,.T.);
#828 = EDGE_CURVE('',#820,#829,#831,.T.);
#829 = VERTEX_POINT('',#830);
#830 = CARTESIAN_POINT('',(10.5,-3.01,1.));
#831 = LINE('',#832,#833);
#832 = CARTESIAN_POINT('',(8.89,-3.01,1.));
#833 = VECTOR('',#834,1.);
#834 = DIRECTION('',(1.,0.,-0.));
#835 = ORIENTED_EDGE('',*,*,#836,.F.);
#836 = EDGE_CURVE('',#837,#829,#839,.T.);
#837 = VERTEX_POINT('',#838);
#838 = CARTESIAN_POINT('',(10.5,-2.07,1.));
#839 = LINE('',#840,#841);
#840 = CARTESIAN_POINT('',(10.5,25.,1.));
#841 = VECTOR('',#842,1.);
#842 = DIRECTION('',(0.,-1.,0.));
#843 = ORIENTED_EDGE('',*,*,#844,.F.);
#844 = EDGE_CURVE('',#845,#837,#847,.T.);
#845 = VERTEX_POINT('',#846);
#846 = CARTESIAN_POINT('',(8.89,-2.07,1.));
#847 = LINE('',#848,#849);
#848 = CARTESIAN_POINT('',(8.89,-2.07,1.));
#849 = VECTOR('',#850,1.);
#850 = DIRECTION('',(1.,0.,-0.));
#851 = ORIENTED_EDGE('',*,*,#852,.T.);
#852 = EDGE_CURVE('',#845,#853,#855,.T.);
#853 = VERTEX_POINT('',#854);
#854 = CARTESIAN_POINT('',(8.89,-0.47,1.));
#855 = CIRCLE('',#856,0.8);
#856 = AXIS2_PLACEMENT_3D('',#857,#858,#859);
#857 = CARTESIAN_POINT('',(8.89,-1.27,1.));
#858 = DIRECTION('',(2.2E-16,0.,-1.));
#859 = DIRECTION('',(-1.,0.,-2.2E-16));
#860 = ORIENTED_EDGE('',*,*,#861,.T.);
#861 = EDGE_CURVE('',#853,#862,#864,.T.);
#862 = VERTEX_POINT('',#863);
#863 = CARTESIAN_POINT('',(10.5,-0.47,1.));
#864 = LINE('',#865,#866);
#865 = CARTESIAN_POINT('',(8.89,-0.47,1.));
#866 = VECTOR('',#867,1.);
#867 = DIRECTION('',(1.,0.,-0.));
#868 = ORIENTED_EDGE('',*,*,#869,.F.);
#869 = EDGE_CURVE('',#870,#862,#872,.T.);
#870 = VERTEX_POINT('',#871);
#871 = CARTESIAN_POINT('',(10.5,0.47,1.));
#872 = LINE('',#873,#874);
#873 = CARTESIAN_POINT('',(10.5,25.,1.));
#874 = VECTOR('',#875,1.);
#875 = DIRECTION('',(0.,-1.,0.));
#876 = ORIENTED_EDGE('',*,*,#877,.F.);
#877 = EDGE_CURVE('',#878,#870,#880,.T.);
#878 = VERTEX_POINT('',#879);
#879 = CARTESIAN_POINT('',(8.89,0.47,1.));
#880 = LINE('',#881,#882);
#881 = CARTESIAN_POINT('',(8.89,0.47,1.));
#882 = VECTOR('',#883,1.);
#883 = DIRECTION('',(1.,0.,-0.));
#884 = ORIENTED_EDGE('',*,*,#885,.T.);
#885 = EDGE_CURVE('',#878,#886,#888,.T.);
#886 = VERTEX_POINT('',#887);
#887 = CARTESIAN_POINT('',(8.89,2.07,1.));
#888 = CIRCLE('',#889,0.8);
#889 = AXIS2_PLACEMENT_3D('',#890,#891,#892);
#890 = CARTESIAN_POINT('',(8.89,1.27,1.));
#891 = DIRECTION('',(2.2E-16,0.,-1.));
#892 = DIRECTION('',(-1.,0.,-2.2E-16));
#893 = ORIENTED_EDGE('',*,*,#894,.T.);
#894 = EDGE_CURVE('',#886,#895,#897,.T.);
#895 = VERTEX_POINT('',#896);
#896 = CARTESIAN_POINT('',(10.5,2.07,1.));
#897 = LINE('',#898,#899);
#898 = CARTESIAN_POINT('',(8.89,2.07,1.));
#899 = VECTOR('',#900,1.);
#900 = DIRECTION('',(1.,0.,-0.));
#901 = ORIENTED_EDGE('',*,*,#902,.F.);
#902 = EDGE_CURVE('',#903,#895,#905,.T.);
#903 = VERTEX_POINT('',#904);
#904 = CARTESIAN_POINT('',(10.5,3.01,1.));
#905 = LINE('',#906,#907);
#906 = CARTESIAN_POINT('',(10.5,25.,1.));
#907 = VECTOR('',#908,1.);
#908 = DIRECTION('',(0.,-1.,0.));
#909 = ORIENTED_EDGE('',*,*,#910,.F.);
#910 = EDGE_CURVE('',#911,#903,#913,.T.);
#911 = VERTEX_POINT('',#912);
#912 = CARTESIAN_POINT('',(8.89,3.01,1.));
#913 = LINE('',#914,#915);
#914 = CARTESIAN_POINT('',(8.89,3.01,1.));
#915 = VECTOR('',#916,1.);
#916 = DIRECTION('',(1.,0.,-0.));
#917 = ORIENTED_EDGE('',*,*,#918,.T.);
#918 = EDGE_CURVE('',#911,#919,#921,.T.);
#919 = VERTEX_POINT('',#920);
#920 = CARTESIAN_POINT('',(8.89,4.61,1.));
#921 = CIRCLE('',#922,0.8);
#922 = AXIS2_PLACEMENT_3D('',#923,#924,#925);
#923 = CARTESIAN_POINT('',(8.89,3.81,1.));
#924 = DIRECTION('',(2.2E-16,0.,-1.));
#925 = DIRECTION('',(-1.,0.,-2.2E-16));
#926 = ORIENTED_EDGE('',*,*,#927,.T.);
#927 = EDGE_CURVE('',#919,#928,#930,.T.);
#928 = VERTEX_POINT('',#929);
#929 = CARTESIAN_POINT('',(10.5,4.61,1.));
#930 = LINE('',#931,#932);
#931 = CARTESIAN_POINT('',(8.89,4.61,1.));
#932 = VECTOR('',#933,1.);
#933 = DIRECTION('',(1.,0.,-0.));
#934 = ORIENTED_EDGE('',*,*,#935,.F.);
#935 = EDGE_CURVE('',#936,#928,#938,.T.);
#936 = VERTEX_POINT('',#937);
#937 = CARTESIAN_POINT('',(10.5,5.549999999999,1.));
#938 = LINE('',#939,#940);
#939 = CARTESIAN_POINT('',(10.5,25.,1.));
#940 = VECTOR('',#941,1.);
#941 = DIRECTION('',(0.,-1.,0.));
#942 = ORIENTED_EDGE('',*,*,#943,.F.);
#943 = EDGE_CURVE('',#944,#936,#946,.T.);
#944 = VERTEX_POINT('',#945);
#945 = CARTESIAN_POINT('',(8.29,5.549999999999,1.));
#946 = LINE('',#947,#948);
#947 = CARTESIAN_POINT('',(8.29,5.549999999999,1.));
#948 = VECTOR('',#949,1.);
#949 = DIRECTION('',(1.,0.,-0.));
#950 = ORIENTED_EDGE('',*,*,#951,.T.);
#951 = EDGE_CURVE('',#944,#952,#954,.T.);
#952 = VERTEX_POINT('',#953);
#953 = CARTESIAN_POINT('',(8.09,5.749999999999,1.));
#954 = CIRCLE('',#955,0.2);
#955 = AXIS2_PLACEMENT_3D('',#956,#957,#958);
#956 = CARTESIAN_POINT('',(8.29,5.749999999999,1.));
#957 = DIRECTION('',(2.2E-16,0.,-1.));
#958 = DIRECTION('',(-1.,0.,-2.2E-16));
#959 = ORIENTED_EDGE('',*,*,#960,.F.);
#960 = EDGE_CURVE('',#961,#952,#963,.T.);
#961 = VERTEX_POINT('',#962);
#962 = CARTESIAN_POINT('',(8.09,6.950000000001,1.));
#963 = LINE('',#964,#965);
#964 = CARTESIAN_POINT('',(8.09,6.950000000001,1.));
#965 = VECTOR('',#966,1.);
#966 = DIRECTION('',(0.,-1.,0.));
#967 = ORIENTED_EDGE('',*,*,#968,.T.);
#968 = EDGE_CURVE('',#961,#969,#971,.T.);
#969 = VERTEX_POINT('',#970);
#970 = CARTESIAN_POINT('',(8.29,7.150000000001,1.));
#971 = CIRCLE('',#972,0.2);
#972 = AXIS2_PLACEMENT_3D('',#973,#974,#975);
#973 = CARTESIAN_POINT('',(8.29,6.950000000001,1.));
#974 = DIRECTION('',(2.2E-16,0.,-1.));
#975 = DIRECTION('',(-1.,0.,-2.2E-16));
#976 = ORIENTED_EDGE('',*,*,#977,.T.);
#977 = EDGE_CURVE('',#969,#978,#980,.T.);
#978 = VERTEX_POINT('',#979);
#979 = CARTESIAN_POINT('',(10.5,7.150000000001,1.));
#980 = LINE('',#981,#982);
#981 = CARTESIAN_POINT('',(8.29,7.150000000001,1.));
#982 = VECTOR('',#983,1.);
#983 = DIRECTION('',(1.,0.,-0.));
#984 = ORIENTED_EDGE('',*,*,#985,.F.);
#985 = EDGE_CURVE('',#986,#978,#988,.T.);
#986 = VERTEX_POINT('',#987);
#987 = CARTESIAN_POINT('',(10.5,8.09,1.));
#988 = LINE('',#989,#990);
#989 = CARTESIAN_POINT('',(10.5,25.,1.));
#990 = VECTOR('',#991,1.);
#991 = DIRECTION('',(0.,-1.,0.));
#992 = ORIENTED_EDGE('',*,*,#993,.F.);
#993 = EDGE_CURVE('',#994,#986,#996,.T.);
#994 = VERTEX_POINT('',#995);
#995 = CARTESIAN_POINT('',(8.89,8.09,1.));
#996 = LINE('',#997,#998);
#997 = CARTESIAN_POINT('',(8.89,8.09,1.));
#998 = VECTOR('',#999,1.);
#999 = DIRECTION('',(1.,0.,-0.));
#1000 = ORIENTED_EDGE('',*,*,#1001,.T.);
#1001 = EDGE_CURVE('',#994,#1002,#1004,.T.);
#1002 = VERTEX_POINT('',#1003);
#1003 = CARTESIAN_POINT('',(8.89,9.69,1.));
#1004 = CIRCLE('',#1005,0.8);
#1005 = AXIS2_PLACEMENT_3D('',#1006,#1007,#1008);
#1006 = CARTESIAN_POINT('',(8.89,8.89,1.));
#1007 = DIRECTION('',(2.2E-16,0.,-1.));
#1008 = DIRECTION('',(-1.,0.,-2.2E-16));
#1009 = ORIENTED_EDGE('',*,*,#1010,.T.);
#1010 = EDGE_CURVE('',#1002,#1011,#1013,.T.);
#1011 = VERTEX_POINT('',#1012);
#1012 = CARTESIAN_POINT('',(10.5,9.69,1.));
#1013 = LINE('',#1014,#1015);
#1014 = CARTESIAN_POINT('',(8.89,9.69,1.));
#1015 = VECTOR('',#1016,1.);
#1016 = DIRECTION('',(1.,0.,-0.));
#1017 = ORIENTED_EDGE('',*,*,#1018,.F.);
#1018 = EDGE_CURVE('',#1019,#1011,#1021,.T.);
#1019 = VERTEX_POINT('',#1020);
#1020 = CARTESIAN_POINT('',(10.5,10.63,1.));
#1021 = LINE('',#1022,#1023);
#1022 = CARTESIAN_POINT('',(10.5,25.,1.));
#1023 = VECTOR('',#1024,1.);
#1024 = DIRECTION('',(0.,-1.,0.));
#1025 = ORIENTED_EDGE('',*,*,#1026,.F.);
#1026 = EDGE_CURVE('',#1027,#1019,#1029,.T.);
#1027 = VERTEX_POINT('',#1028);
#1028 = CARTESIAN_POINT('',(8.89,10.63,1.));
#1029 = LINE('',#1030,#1031);
#1030 = CARTESIAN_POINT('',(8.89,10.63,1.));
#1031 = VECTOR('',#1032,1.);
#1032 = DIRECTION('',(1.,0.,-0.));
#1033 = ORIENTED_EDGE('',*,*,#1034,.T.);
#1034 = EDGE_CURVE('',#1027,#1035,#1037,.T.);
#1035 = VERTEX_POINT('',#1036);
#1036 = CARTESIAN_POINT('',(8.89,12.23,1.));
#1037 = CIRCLE('',#1038,0.8);
#1038 = AXIS2_PLACEMENT_3D('',#1039,#1040,#1041);
#1039 = CARTESIAN_POINT('',(8.89,11.43,1.));
#1040 = DIRECTION('',(2.2E-16,0.,-1.));
#1041 = DIRECTION('',(-1.,0.,-2.2E-16));
#1042 = ORIENTED_EDGE('',*,*,#1043,.T.);
#1043 = EDGE_CURVE('',#1035,#1044,#1046,.T.);
#1044 = VERTEX_POINT('',#1045);
#1045 = CARTESIAN_POINT('',(10.5,12.23,1.));
#1046 = LINE('',#1047,#1048);
#1047 = CARTESIAN_POINT('',(8.89,12.23,1.));
#1048 = VECTOR('',#1049,1.);
#1049 = DIRECTION('',(1.,0.,-0.));
#1050 = ORIENTED_EDGE('',*,*,#1051,.F.);
#1051 = EDGE_CURVE('',#1052,#1044,#1054,.T.);
#1052 = VERTEX_POINT('',#1053);
#1053 = CARTESIAN_POINT('',(10.5,13.17,1.));
#1054 = LINE('',#1055,#1056);
#1055 = CARTESIAN_POINT('',(10.5,25.,1.));
#1056 = VECTOR('',#1057,1.);
#1057 = DIRECTION('',(0.,-1.,0.));
#1058 = ORIENTED_EDGE('',*,*,#1059,.F.);
#1059 = EDGE_CURVE('',#1060,#1052,#1062,.T.);
#1060 = VERTEX_POINT('',#1061);
#1061 = CARTESIAN_POINT('',(8.89,13.17,1.));
#1062 = LINE('',#1063,#1064);
#1063 = CARTESIAN_POINT('',(8.89,13.17,1.));
#1064 = VECTOR('',#1065,1.);
#1065 = DIRECTION('',(1.,0.,-0.));
#1066 = ORIENTED_EDGE('',*,*,#1067,.T.);
#1067 = EDGE_CURVE('',#1060,#1068,#1070,.T.);
#1068 = VERTEX_POINT('',#1069);
#1069 = CARTESIAN_POINT('',(8.89,14.77,1.));
#1070 = CIRCLE('',#1071,0.8);
#1071 = AXIS2_PLACEMENT_3D('',#1072,#1073,#1074);
#1072 = CARTESIAN_POINT('',(8.89,13.97,1.));
#1073 = DIRECTION('',(2.2E-16,0.,-1.));
#1074 = DIRECTION('',(-1.,0.,-2.2E-16));
#1075 = ORIENTED_EDGE('',*,*,#1076,.T.);
#1076 = EDGE_CURVE('',#1068,#1077,#1079,.T.);
#1077 = VERTEX_POINT('',#1078);
#1078 = CARTESIAN_POINT('',(10.5,14.77,1.));
#1079 = LINE('',#1080,#1081);
#1080 = CARTESIAN_POINT('',(8.89,14.77,1.));
#1081 = VECTOR('',#1082,1.);
#1082 = DIRECTION('',(1.,0.,-0.));
#1083 = ORIENTED_EDGE('',*,*,#1084,.F.);
#1084 = EDGE_CURVE('',#1085,#1077,#1087,.T.);
#1085 = VERTEX_POINT('',#1086);
#1086 = CARTESIAN_POINT('',(10.5,15.71,1.));
#1087 = LINE('',#1088,#1089);
#1088 = CARTESIAN_POINT('',(10.5,25.,1.));
#1089 = VECTOR('',#1090,1.);
#1090 = DIRECTION('',(0.,-1.,0.));
#1091 = ORIENTED_EDGE('',*,*,#1092,.F.);
#1092 = EDGE_CURVE('',#1093,#1085,#1095,.T.);
#1093 = VERTEX_POINT('',#1094);
#1094 = CARTESIAN_POINT('',(8.89,15.71,1.));
#1095 = LINE('',#1096,#1097);
#1096 = CARTESIAN_POINT('',(8.89,15.71,1.));
#1097 = VECTOR('',#1098,1.);
#1098 = DIRECTION('',(1.,0.,-0.));
#1099 = ORIENTED_EDGE('',*,*,#1100,.T.);
#1100 = EDGE_CURVE('',#1093,#1101,#1103,.T.);
#1101 = VERTEX_POINT('',#1102);
#1102 = CARTESIAN_POINT('',(8.89,17.31,1.));
#1103 = CIRCLE('',#1104,0.8);
#1104 = AXIS2_PLACEMENT_3D('',#1105,#1106,#1107);
#1105 = CARTESIAN_POINT('',(8.89,16.51,1.));
#1106 = DIRECTION('',(2.2E-16,0.,-1.));
#1107 = DIRECTION('',(-1.,0.,-2.2E-16));
#1108 = ORIENTED_EDGE('',*,*,#1109,.T.);
#1109 = EDGE_CURVE('',#1101,#1110,#1112,.T.);
#1110 = VERTEX_POINT('',#1111);
#1111 = CARTESIAN_POINT('',(10.5,17.31,1.));
#1112 = LINE('',#1113,#1114);
#1113 = CARTESIAN_POINT('',(8.89,17.31,1.));
#1114 = VECTOR('',#1115,1.);
#1115 = DIRECTION('',(1.,0.,-0.));
#1116 = ORIENTED_EDGE('',*,*,#1117,.F.);
#1117 = EDGE_CURVE('',#1118,#1110,#1120,.T.);
#1118 = VERTEX_POINT('',#1119);
#1119 = CARTESIAN_POINT('',(10.5,18.249999999999,1.));
#1120 = LINE('',#1121,#1122);
#1121 = CARTESIAN_POINT('',(10.5,25.,1.));
#1122 = VECTOR('',#1123,1.);
#1123 = DIRECTION('',(0.,-1.,0.));
#1124 = ORIENTED_EDGE('',*,*,#1125,.F.);
#1125 = EDGE_CURVE('',#1126,#1118,#1128,.T.);
#1126 = VERTEX_POINT('',#1127);
#1127 = CARTESIAN_POINT('',(8.29,18.249999999999,1.));
#1128 = LINE('',#1129,#1130);
#1129 = CARTESIAN_POINT('',(8.29,18.249999999999,1.));
#1130 = VECTOR('',#1131,1.);
#1131 = DIRECTION('',(1.,0.,-0.));
#1132 = ORIENTED_EDGE('',*,*,#1133,.T.);
#1133 = EDGE_CURVE('',#1126,#1134,#1136,.T.);
#1134 = VERTEX_POINT('',#1135);
#1135 = CARTESIAN_POINT('',(8.09,18.449999999999,1.));
#1136 = CIRCLE('',#1137,0.2);
#1137 = AXIS2_PLACEMENT_3D('',#1138,#1139,#1140);
#1138 = CARTESIAN_POINT('',(8.29,18.449999999999,1.));
#1139 = DIRECTION('',(2.2E-16,0.,-1.));
#1140 = DIRECTION('',(-1.,0.,-2.2E-16));
#1141 = ORIENTED_EDGE('',*,*,#1142,.F.);
#1142 = EDGE_CURVE('',#1143,#1134,#1145,.T.);
#1143 = VERTEX_POINT('',#1144);
#1144 = CARTESIAN_POINT('',(8.09,19.650000000001,1.));
#1145 = LINE('',#1146,#1147);
#1146 = CARTESIAN_POINT('',(8.09,19.650000000001,1.));
#1147 = VECTOR('',#1148,1.);
#1148 = DIRECTION('',(0.,-1.,0.));
#1149 = ORIENTED_EDGE('',*,*,#1150,.T.);
#1150 = EDGE_CURVE('',#1143,#1151,#1153,.T.);
#1151 = VERTEX_POINT('',#1152);
#1152 = CARTESIAN_POINT('',(8.29,19.850000000001,1.));
#1153 = CIRCLE('',#1154,0.2);
#1154 = AXIS2_PLACEMENT_3D('',#1155,#1156,#1157);
#1155 = CARTESIAN_POINT('',(8.29,19.650000000001,1.));
#1156 = DIRECTION('',(2.2E-16,0.,-1.));
#1157 = DIRECTION('',(-1.,0.,-2.2E-16));
#1158 = ORIENTED_EDGE('',*,*,#1159,.T.);
#1159 = EDGE_CURVE('',#1151,#1160,#1162,.T.);
#1160 = VERTEX_POINT('',#1161);
#1161 = CARTESIAN_POINT('',(10.5,19.850000000001,1.));
#1162 = LINE('',#1163,#1164);
#1163 = CARTESIAN_POINT('',(8.29,19.850000000001,1.));
#1164 = VECTOR('',#1165,1.);
#1165 = DIRECTION('',(1.,0.,-0.));
#1166 = ORIENTED_EDGE('',*,*,#1167,.F.);
#1167 = EDGE_CURVE('',#1168,#1160,#1170,.T.);
#1168 = VERTEX_POINT('',#1169);
#1169 = CARTESIAN_POINT('',(10.5,20.79,1.));
#1170 = LINE('',#1171,#1172);
#1171 = CARTESIAN_POINT('',(10.5,25.,1.));
#1172 = VECTOR('',#1173,1.);
#1173 = DIRECTION('',(0.,-1.,0.));
#1174 = ORIENTED_EDGE('',*,*,#1175,.F.);
#1175 = EDGE_CURVE('',#1176,#1168,#1178,.T.);
#1176 = VERTEX_POINT('',#1177);
#1177 = CARTESIAN_POINT('',(8.89,20.79,1.));
#1178 = LINE('',#1179,#1180);
#1179 = CARTESIAN_POINT('',(8.89,20.79,1.));
#1180 = VECTOR('',#1181,1.);
#1181 = DIRECTION('',(1.,0.,-0.));
#1182 = ORIENTED_EDGE('',*,*,#1183,.T.);
#1183 = EDGE_CURVE('',#1176,#1184,#1186,.T.);
#1184 = VERTEX_POINT('',#1185);
#1185 = CARTESIAN_POINT('',(8.89,22.39,1.));
#1186 = CIRCLE('',#1187,0.8);
#1187 = AXIS2_PLACEMENT_3D('',#1188,#1189,#1190);
#1188 = CARTESIAN_POINT('',(8.89,21.59,1.));
#1189 = DIRECTION('',(2.2E-16,0.,-1.));
#1190 = DIRECTION('',(-1.,0.,-2.2E-16));
#1191 = ORIENTED_EDGE('',*,*,#1192,.T.);
#1192 = EDGE_CURVE('',#1184,#1193,#1195,.T.);
#1193 = VERTEX_POINT('',#1194);
#1194 = CARTESIAN_POINT('',(10.5,22.39,1.));
#1195 = LINE('',#1196,#1197);
#1196 = CARTESIAN_POINT('',(8.89,22.39,1.));
#1197 = VECTOR('',#1198,1.);
#1198 = DIRECTION('',(1.,0.,-0.));
#1199 = ORIENTED_EDGE('',*,*,#1200,.F.);
#1200 = EDGE_CURVE('',#1201,#1193,#1203,.T.);
#1201 = VERTEX_POINT('',#1202);
#1202 = CARTESIAN_POINT('',(10.5,23.33,1.));
#1203 = LINE('',#1204,#1205);
#1204 = CARTESIAN_POINT('',(10.5,25.,1.));
#1205 = VECTOR('',#1206,1.);
#1206 = DIRECTION('',(0.,-1.,0.));
#1207 = ORIENTED_EDGE('',*,*,#1208,.F.);
#1208 = EDGE_CURVE('',#1209,#1201,#1211,.T.);
#1209 = VERTEX_POINT('',#1210);
#1210 = CARTESIAN_POINT('',(8.89,23.33,1.));
#1211 = LINE('',#1212,#1213);
#1212 = CARTESIAN_POINT('',(8.89,23.33,1.));
#1213 = VECTOR('',#1214,1.);
#1214 = DIRECTION('',(1.,0.,-0.));
#1215 = ORIENTED_EDGE('',*,*,#1216,.T.);
#1216 = EDGE_CURVE('',#1209,#1217,#1219,.T.);
#1217 = VERTEX_POINT('',#1218);
#1218 = CARTESIAN_POINT('',(8.89,24.93,1.));
#1219 = CIRCLE('',#1220,0.8);
#1220 = AXIS2_PLACEMENT_3D('',#1221,#1222,#1223);
#1221 = CARTESIAN_POINT('',(8.89,24.13,1.));
#1222 = DIRECTION('',(2.2E-16,0.,-1.));
#1223 = DIRECTION('',(-1.,0.,-2.2E-16));
#1224 = ORIENTED_EDGE('',*,*,#1225,.T.);
#1225 = EDGE_CURVE('',#1217,#1226,#1228,.T.);
#1226 = VERTEX_POINT('',#1227);
#1227 = CARTESIAN_POINT('',(10.5,24.93,1.));
#1228 = LINE('',#1229,#1230);
#1229 = CARTESIAN_POINT('',(8.89,24.93,1.));
#1230 = VECTOR('',#1231,1.);
#1231 = DIRECTION('',(1.,0.,-0.));
#1232 = ORIENTED_EDGE('',*,*,#1233,.F.);
#1233 = EDGE_CURVE('',#1234,#1226,#1236,.T.);
#1234 = VERTEX_POINT('',#1235);
#1235 = CARTESIAN_POINT('',(10.5,25.,1.));
#1236 = LINE('',#1237,#1238);
#1237 = CARTESIAN_POINT('',(10.5,25.,1.));
#1238 = VECTOR('',#1239,1.);
#1239 = DIRECTION('',(0.,-1.,0.));
#1240 = ORIENTED_EDGE('',*,*,#1241,.T.);
#1241 = EDGE_CURVE('',#1234,#1242,#1244,.T.);
#1242 = VERTEX_POINT('',#1243);
#1243 = CARTESIAN_POINT('',(10.,25.5,1.));
#1244 = CIRCLE('',#1245,0.5);
#1245 = AXIS2_PLACEMENT_3D('',#1246,#1247,#1248);
#1246 = CARTESIAN_POINT('',(10.,25.,1.));
#1247 = DIRECTION('',(0.,0.,1.));
#1248 = DIRECTION('',(1.,0.,-0.));
#1249 = ORIENTED_EDGE('',*,*,#1250,.F.);
#1250 = EDGE_CURVE('',#1251,#1242,#1253,.T.);
#1251 = VERTEX_POINT('',#1252);
#1252 = CARTESIAN_POINT('',(2.660723304703,25.5,1.));
#1253 = LINE('',#1254,#1255);
#1254 = CARTESIAN_POINT('',(-10.,25.5,1.));
#1255 = VECTOR('',#1256,1.);
#1256 = DIRECTION('',(1.,0.,-0.));
#1257 = ORIENTED_EDGE('',*,*,#1258,.T.);
#1258 = EDGE_CURVE('',#1251,#1259,#1261,.T.);
#1259 = VERTEX_POINT('',#1260);
#1260 = CARTESIAN_POINT('',(2.660723304703,21.2,1.));
#1261 = LINE('',#1262,#1263);
#1262 = CARTESIAN_POINT('',(2.660723304703,26.2,1.));
#1263 = VECTOR('',#1264,1.);
#1264 = DIRECTION('',(0.,-1.,0.));
#1265 = ORIENTED_EDGE('',*,*,#1266,.F.);
#1266 = EDGE_CURVE('',#1267,#1259,#1269,.T.);
#1267 = VERTEX_POINT('',#1268);
#1268 = CARTESIAN_POINT('',(-2.660723304703,21.2,1.));
#1269 = LINE('',#1270,#1271);
#1270 = CARTESIAN_POINT('',(-2.836764068712,21.2,1.));
#1271 = VECTOR('',#1272,1.);
#1272 = DIRECTION('',(1.,0.,-0.));
#1273 = ORIENTED_EDGE('',*,*,#1274,.F.);
#1274 = EDGE_CURVE('',#1275,#1267,#1277,.T.);
#1275 = VERTEX_POINT('',#1276);
#1276 = CARTESIAN_POINT('',(-2.660723304703,25.5,1.));
#1277 = LINE('',#1278,#1279);
#1278 = CARTESIAN_POINT('',(-2.660723304703,26.2,1.));
#1279 = VECTOR('',#1280,1.);
#1280 = DIRECTION('',(0.,-1.,0.));
#1281 = ORIENTED_EDGE('',*,*,#1282,.F.);
#1282 = EDGE_CURVE('',#1283,#1275,#1285,.T.);
#1283 = VERTEX_POINT('',#1284);
#1284 = CARTESIAN_POINT('',(-10.,25.5,1.));
#1285 = LINE('',#1286,#1287);
#1286 = CARTESIAN_POINT('',(-10.,25.5,1.));
#1287 = VECTOR('',#1288,1.);
#1288 = DIRECTION('',(1.,0.,-0.));
#1289 = ORIENTED_EDGE('',*,*,#1290,.T.);
#1290 = EDGE_CURVE('',#1283,#1291,#1293,.T.);
#1291 = VERTEX_POINT('',#1292);
#1292 = CARTESIAN_POINT('',(-10.5,25.,1.));
#1293 = CIRCLE('',#1294,0.5);
#1294 = AXIS2_PLACEMENT_3D('',#1295,#1296,#1297);
#1295 = CARTESIAN_POINT('',(-10.,25.,1.));
#1296 = DIRECTION('',(0.,0.,1.));
#1297 = DIRECTION('',(1.,0.,-0.));
#1298 = ORIENTED_EDGE('',*,*,#1299,.F.);
#1299 = EDGE_CURVE('',#1300,#1291,#1302,.T.);
#1300 = VERTEX_POINT('',#1301);
#1301 = CARTESIAN_POINT('',(-10.5,24.93,1.));
#1302 = LINE('',#1303,#1304);
#1303 = CARTESIAN_POINT('',(-10.5,-25.,1.));
#1304 = VECTOR('',#1305,1.);
#1305 = DIRECTION('',(0.,1.,0.));
#1306 = ORIENTED_EDGE('',*,*,#1307,.F.);
#1307 = EDGE_CURVE('',#1308,#1300,#1310,.T.);
#1308 = VERTEX_POINT('',#1309);
#1309 = CARTESIAN_POINT('',(-8.89,24.93,1.));
#1310 = LINE('',#1311,#1312);
#1311 = CARTESIAN_POINT('',(-8.89,24.93,1.));
#1312 = VECTOR('',#1313,1.);
#1313 = DIRECTION('',(-1.,0.,0.));
#1314 = ORIENTED_EDGE('',*,*,#1315,.F.);
#1315 = EDGE_CURVE('',#1316,#1308,#1318,.T.);
#1316 = VERTEX_POINT('',#1317);
#1317 = CARTESIAN_POINT('',(-8.89,23.33,1.));
#1318 = CIRCLE('',#1319,0.8);
#1319 = AXIS2_PLACEMENT_3D('',#1320,#1321,#1322);
#1320 = CARTESIAN_POINT('',(-8.89,24.13,1.));
#1321 = DIRECTION('',(0.,0.,1.));
#1322 = DIRECTION('',(1.,0.,-0.));
#1323 = ORIENTED_EDGE('',*,*,#1324,.T.);
#1324 = EDGE_CURVE('',#1316,#1325,#1327,.T.);
#1325 = VERTEX_POINT('',#1326);
#1326 = CARTESIAN_POINT('',(-10.5,23.33,1.));
#1327 = LINE('',#1328,#1329);
#1328 = CARTESIAN_POINT('',(-8.89,23.33,1.));
#1329 = VECTOR('',#1330,1.);
#1330 = DIRECTION('',(-1.,0.,0.));
#1331 = ORIENTED_EDGE('',*,*,#1332,.F.);
#1332 = EDGE_CURVE('',#1333,#1325,#1335,.T.);
#1333 = VERTEX_POINT('',#1334);
#1334 = CARTESIAN_POINT('',(-10.5,22.39,1.));
#1335 = LINE('',#1336,#1337);
#1336 = CARTESIAN_POINT('',(-10.5,-25.,1.));
#1337 = VECTOR('',#1338,1.);
#1338 = DIRECTION('',(0.,1.,0.));
#1339 = ORIENTED_EDGE('',*,*,#1340,.F.);
#1340 = EDGE_CURVE('',#1341,#1333,#1343,.T.);
#1341 = VERTEX_POINT('',#1342);
#1342 = CARTESIAN_POINT('',(-8.89,22.39,1.));
#1343 = LINE('',#1344,#1345);
#1344 = CARTESIAN_POINT('',(-8.89,22.39,1.));
#1345 = VECTOR('',#1346,1.);
#1346 = DIRECTION('',(-1.,0.,0.));
#1347 = ORIENTED_EDGE('',*,*,#1348,.F.);
#1348 = EDGE_CURVE('',#1349,#1341,#1351,.T.);
#1349 = VERTEX_POINT('',#1350);
#1350 = CARTESIAN_POINT('',(-8.89,20.79,1.));
#1351 = CIRCLE('',#1352,0.8);
#1352 = AXIS2_PLACEMENT_3D('',#1353,#1354,#1355);
#1353 = CARTESIAN_POINT('',(-8.89,21.59,1.));
#1354 = DIRECTION('',(0.,0.,1.));
#1355 = DIRECTION('',(1.,0.,-0.));
#1356 = ORIENTED_EDGE('',*,*,#1357,.T.);
#1357 = EDGE_CURVE('',#1349,#1358,#1360,.T.);
#1358 = VERTEX_POINT('',#1359);
#1359 = CARTESIAN_POINT('',(-10.5,20.79,1.));
#1360 = LINE('',#1361,#1362);
#1361 = CARTESIAN_POINT('',(-8.89,20.79,1.));
#1362 = VECTOR('',#1363,1.);
#1363 = DIRECTION('',(-1.,0.,0.));
#1364 = ORIENTED_EDGE('',*,*,#1365,.F.);
#1365 = EDGE_CURVE('',#1366,#1358,#1368,.T.);
#1366 = VERTEX_POINT('',#1367);
#1367 = CARTESIAN_POINT('',(-10.5,19.850000000001,1.));
#1368 = LINE('',#1369,#1370);
#1369 = CARTESIAN_POINT('',(-10.5,-25.,1.));
#1370 = VECTOR('',#1371,1.);
#1371 = DIRECTION('',(0.,1.,0.));
#1372 = ORIENTED_EDGE('',*,*,#1373,.F.);
#1373 = EDGE_CURVE('',#1374,#1366,#1376,.T.);
#1374 = VERTEX_POINT('',#1375);
#1375 = CARTESIAN_POINT('',(-8.29,19.850000000001,1.));
#1376 = LINE('',#1377,#1378);
#1377 = CARTESIAN_POINT('',(-8.29,19.850000000001,1.));
#1378 = VECTOR('',#1379,1.);
#1379 = DIRECTION('',(-1.,0.,0.));
#1380 = ORIENTED_EDGE('',*,*,#1381,.F.);
#1381 = EDGE_CURVE('',#1382,#1374,#1384,.T.);
#1382 = VERTEX_POINT('',#1383);
#1383 = CARTESIAN_POINT('',(-8.09,19.650000000001,1.));
#1384 = CIRCLE('',#1385,0.2);
#1385 = AXIS2_PLACEMENT_3D('',#1386,#1387,#1388);
#1386 = CARTESIAN_POINT('',(-8.29,19.650000000001,1.));
#1387 = DIRECTION('',(0.,0.,1.));
#1388 = DIRECTION('',(1.,0.,-0.));
#1389 = ORIENTED_EDGE('',*,*,#1390,.T.);
#1390 = EDGE_CURVE('',#1382,#1391,#1393,.T.);
#1391 = VERTEX_POINT('',#1392);
#1392 = CARTESIAN_POINT('',(-8.09,18.449999999999,1.));
#1393 = LINE('',#1394,#1395);
#1394 = CARTESIAN_POINT('',(-8.09,19.650000000001,1.));
#1395 = VECTOR('',#1396,1.);
#1396 = DIRECTION('',(0.,-1.,0.));
#1397 = ORIENTED_EDGE('',*,*,#1398,.F.);
#1398 = EDGE_CURVE('',#1399,#1391,#1401,.T.);
#1399 = VERTEX_POINT('',#1400);
#1400 = CARTESIAN_POINT('',(-8.29,18.249999999999,1.));
#1401 = CIRCLE('',#1402,0.2);
#1402 = AXIS2_PLACEMENT_3D('',#1403,#1404,#1405);
#1403 = CARTESIAN_POINT('',(-8.29,18.449999999999,1.));
#1404 = DIRECTION('',(0.,0.,1.));
#1405 = DIRECTION('',(1.,0.,-0.));
#1406 = ORIENTED_EDGE('',*,*,#1407,.T.);
#1407 = EDGE_CURVE('',#1399,#1408,#1410,.T.);
#1408 = VERTEX_POINT('',#1409);
#1409 = CARTESIAN_POINT('',(-10.5,18.249999999999,1.));
#1410 = LINE('',#1411,#1412);
#1411 = CARTESIAN_POINT('',(-8.29,18.249999999999,1.));
#1412 = VECTOR('',#1413,1.);
#1413 = DIRECTION('',(-1.,0.,0.));
#1414 = ORIENTED_EDGE('',*,*,#1415,.F.);
#1415 = EDGE_CURVE('',#1416,#1408,#1418,.T.);
#1416 = VERTEX_POINT('',#1417);
#1417 = CARTESIAN_POINT('',(-10.5,17.31,1.));
#1418 = LINE('',#1419,#1420);
#1419 = CARTESIAN_POINT('',(-10.5,-25.,1.));
#1420 = VECTOR('',#1421,1.);
#1421 = DIRECTION('',(0.,1.,0.));
#1422 = ORIENTED_EDGE('',*,*,#1423,.F.);
#1423 = EDGE_CURVE('',#1424,#1416,#1426,.T.);
#1424 = VERTEX_POINT('',#1425);
#1425 = CARTESIAN_POINT('',(-8.89,17.31,1.));
#1426 = LINE('',#1427,#1428);
#1427 = CARTESIAN_POINT('',(-8.89,17.31,1.));
#1428 = VECTOR('',#1429,1.);
#1429 = DIRECTION('',(-1.,0.,0.));
#1430 = ORIENTED_EDGE('',*,*,#1431,.F.);
#1431 = EDGE_CURVE('',#1432,#1424,#1434,.T.);
#1432 = VERTEX_POINT('',#1433);
#1433 = CARTESIAN_POINT('',(-8.89,15.71,1.));
#1434 = CIRCLE('',#1435,0.8);
#1435 = AXIS2_PLACEMENT_3D('',#1436,#1437,#1438);
#1436 = CARTESIAN_POINT('',(-8.89,16.51,1.));
#1437 = DIRECTION('',(0.,0.,1.));
#1438 = DIRECTION('',(1.,0.,-0.));
#1439 = ORIENTED_EDGE('',*,*,#1440,.T.);
#1440 = EDGE_CURVE('',#1432,#1441,#1443,.T.);
#1441 = VERTEX_POINT('',#1442);
#1442 = CARTESIAN_POINT('',(-10.5,15.71,1.));
#1443 = LINE('',#1444,#1445);
#1444 = CARTESIAN_POINT('',(-8.89,15.71,1.));
#1445 = VECTOR('',#1446,1.);
#1446 = DIRECTION('',(-1.,0.,0.));
#1447 = ORIENTED_EDGE('',*,*,#1448,.F.);
#1448 = EDGE_CURVE('',#1449,#1441,#1451,.T.);
#1449 = VERTEX_POINT('',#1450);
#1450 = CARTESIAN_POINT('',(-10.5,14.77,1.));
#1451 = LINE('',#1452,#1453);
#1452 = CARTESIAN_POINT('',(-10.5,-25.,1.));
#1453 = VECTOR('',#1454,1.);
#1454 = DIRECTION('',(0.,1.,0.));
#1455 = ORIENTED_EDGE('',*,*,#1456,.F.);
#1456 = EDGE_CURVE('',#1457,#1449,#1459,.T.);
#1457 = VERTEX_POINT('',#1458);
#1458 = CARTESIAN_POINT('',(-8.89,14.77,1.));
#1459 = LINE('',#1460,#1461);
#1460 = CARTESIAN_POINT('',(-8.89,14.77,1.));
#1461 = VECTOR('',#1462,1.);
#1462 = DIRECTION('',(-1.,0.,0.));
#1463 = ORIENTED_EDGE('',*,*,#1464,.F.);
#1464 = EDGE_CURVE('',#1465,#1457,#1467,.T.);
#1465 = VERTEX_POINT('',#1466);
#1466 = CARTESIAN_POINT('',(-8.89,13.17,1.));
#1467 = CIRCLE('',#1468,0.8);
#1468 = AXIS2_PLACEMENT_3D('',#1469,#1470,#1471);
#1469 = CARTESIAN_POINT('',(-8.89,13.97,1.));
#1470 = DIRECTION('',(0.,0.,1.));
#1471 = DIRECTION('',(1.,0.,-0.));
#1472 = ORIENTED_EDGE('',*,*,#1473,.T.);
#1473 = EDGE_CURVE('',#1465,#1474,#1476,.T.);
#1474 = VERTEX_POINT('',#1475);
#1475 = CARTESIAN_POINT('',(-10.5,13.17,1.));
#1476 = LINE('',#1477,#1478);
#1477 = CARTESIAN_POINT('',(-8.89,13.17,1.));
#1478 = VECTOR('',#1479,1.);
#1479 = DIRECTION('',(-1.,0.,0.));
#1480 = ORIENTED_EDGE('',*,*,#1481,.F.);
#1481 = EDGE_CURVE('',#1482,#1474,#1484,.T.);
#1482 = VERTEX_POINT('',#1483);
#1483 = CARTESIAN_POINT('',(-10.5,12.23,1.));
#1484 = LINE('',#1485,#1486);
#1485 = CARTESIAN_POINT('',(-10.5,-25.,1.));
#1486 = VECTOR('',#1487,1.);
#1487 = DIRECTION('',(0.,1.,0.));
#1488 = ORIENTED_EDGE('',*,*,#1489,.F.);
#1489 = EDGE_CURVE('',#1490,#1482,#1492,.T.);
#1490 = VERTEX_POINT('',#1491);
#1491 = CARTESIAN_POINT('',(-8.89,12.23,1.));
#1492 = LINE('',#1493,#1494);
#1493 = CARTESIAN_POINT('',(-8.89,12.23,1.));
#1494 = VECTOR('',#1495,1.);
#1495 = DIRECTION('',(-1.,0.,0.));
#1496 = ORIENTED_EDGE('',*,*,#1497,.F.);
#1497 = EDGE_CURVE('',#1498,#1490,#1500,.T.);
#1498 = VERTEX_POINT('',#1499);
#1499 = CARTESIAN_POINT('',(-8.89,10.63,1.));
#1500 = CIRCLE('',#1501,0.8);
#1501 = AXIS2_PLACEMENT_3D('',#1502,#1503,#1504);
#1502 = CARTESIAN_POINT('',(-8.89,11.43,1.));
#1503 = DIRECTION('',(0.,0.,1.));
#1504 = DIRECTION('',(1.,0.,-0.));
#1505 = ORIENTED_EDGE('',*,*,#1506,.T.);
#1506 = EDGE_CURVE('',#1498,#1507,#1509,.T.);
#1507 = VERTEX_POINT('',#1508);
#1508 = CARTESIAN_POINT('',(-10.5,10.63,1.));
#1509 = LINE('',#1510,#1511);
#1510 = CARTESIAN_POINT('',(-8.89,10.63,1.));
#1511 = VECTOR('',#1512,1.);
#1512 = DIRECTION('',(-1.,0.,0.));
#1513 = ORIENTED_EDGE('',*,*,#1514,.F.);
#1514 = EDGE_CURVE('',#1515,#1507,#1517,.T.);
#1515 = VERTEX_POINT('',#1516);
#1516 = CARTESIAN_POINT('',(-10.5,9.69,1.));
#1517 = LINE('',#1518,#1519);
#1518 = CARTESIAN_POINT('',(-10.5,-25.,1.));
#1519 = VECTOR('',#1520,1.);
#1520 = DIRECTION('',(0.,1.,0.));
#1521 = ORIENTED_EDGE('',*,*,#1522,.F.);
#1522 = EDGE_CURVE('',#1523,#1515,#1525,.T.);
#1523 = VERTEX_POINT('',#1524);
#1524 = CARTESIAN_POINT('',(-8.89,9.69,1.));
#1525 = LINE('',#1526,#1527);
#1526 = CARTESIAN_POINT('',(-8.89,9.69,1.));
#1527 = VECTOR('',#1528,1.);
#1528 = DIRECTION('',(-1.,0.,0.));
#1529 = ORIENTED_EDGE('',*,*,#1530,.F.);
#1530 = EDGE_CURVE('',#1531,#1523,#1533,.T.);
#1531 = VERTEX_POINT('',#1532);
#1532 = CARTESIAN_POINT('',(-8.89,8.09,1.));
#1533 = CIRCLE('',#1534,0.8);
#1534 = AXIS2_PLACEMENT_3D('',#1535,#1536,#1537);
#1535 = CARTESIAN_POINT('',(-8.89,8.89,1.));
#1536 = DIRECTION('',(0.,0.,1.));
#1537 = DIRECTION('',(1.,0.,-0.));
#1538 = ORIENTED_EDGE('',*,*,#1539,.T.);
#1539 = EDGE_CURVE('',#1531,#1540,#1542,.T.);
#1540 = VERTEX_POINT('',#1541);
#1541 = CARTESIAN_POINT('',(-10.5,8.09,1.));
#1542 = LINE('',#1543,#1544);
#1543 = CARTESIAN_POINT('',(-8.89,8.09,1.));
#1544 = VECTOR('',#1545,1.);
#1545 = DIRECTION('',(-1.,0.,0.));
#1546 = ORIENTED_EDGE('',*,*,#1547,.F.);
#1547 = EDGE_CURVE('',#1548,#1540,#1550,.T.);
#1548 = VERTEX_POINT('',#1549);
#1549 = CARTESIAN_POINT('',(-10.5,7.150000000001,1.));
#1550 = LINE('',#1551,#1552);
#1551 = CARTESIAN_POINT('',(-10.5,-25.,1.));
#1552 = VECTOR('',#1553,1.);
#1553 = DIRECTION('',(0.,1.,0.));
#1554 = ORIENTED_EDGE('',*,*,#1555,.F.);
#1555 = EDGE_CURVE('',#1556,#1548,#1558,.T.);
#1556 = VERTEX_POINT('',#1557);
#1557 = CARTESIAN_POINT('',(-8.29,7.150000000001,1.));
#1558 = LINE('',#1559,#1560);
#1559 = CARTESIAN_POINT('',(-8.29,7.150000000001,1.));
#1560 = VECTOR('',#1561,1.);
#1561 = DIRECTION('',(-1.,0.,0.));
#1562 = ORIENTED_EDGE('',*,*,#1563,.F.);
#1563 = EDGE_CURVE('',#1564,#1556,#1566,.T.);
#1564 = VERTEX_POINT('',#1565);
#1565 = CARTESIAN_POINT('',(-8.09,6.950000000001,1.));
#1566 = CIRCLE('',#1567,0.2);
#1567 = AXIS2_PLACEMENT_3D('',#1568,#1569,#1570);
#1568 = CARTESIAN_POINT('',(-8.29,6.950000000001,1.));
#1569 = DIRECTION('',(0.,0.,1.));
#1570 = DIRECTION('',(1.,0.,-0.));
#1571 = ORIENTED_EDGE('',*,*,#1572,.T.);
#1572 = EDGE_CURVE('',#1564,#1573,#1575,.T.);
#1573 = VERTEX_POINT('',#1574);
#1574 = CARTESIAN_POINT('',(-8.09,5.749999999999,1.));
#1575 = LINE('',#1576,#1577);
#1576 = CARTESIAN_POINT('',(-8.09,6.950000000001,1.));
#1577 = VECTOR('',#1578,1.);
#1578 = DIRECTION('',(0.,-1.,0.));
#1579 = ORIENTED_EDGE('',*,*,#1580,.F.);
#1580 = EDGE_CURVE('',#1581,#1573,#1583,.T.);
#1581 = VERTEX_POINT('',#1582);
#1582 = CARTESIAN_POINT('',(-8.29,5.549999999999,1.));
#1583 = CIRCLE('',#1584,0.2);
#1584 = AXIS2_PLACEMENT_3D('',#1585,#1586,#1587);
#1585 = CARTESIAN_POINT('',(-8.29,5.749999999999,1.));
#1586 = DIRECTION('',(0.,0.,1.));
#1587 = DIRECTION('',(1.,0.,-0.));
#1588 = ORIENTED_EDGE('',*,*,#1589,.T.);
#1589 = EDGE_CURVE('',#1581,#1590,#1592,.T.);
#1590 = VERTEX_POINT('',#1591);
#1591 = CARTESIAN_POINT('',(-10.5,5.549999999999,1.));
#1592 = LINE('',#1593,#1594);
#1593 = CARTESIAN_POINT('',(-8.29,5.549999999999,1.));
#1594 = VECTOR('',#1595,1.);
#1595 = DIRECTION('',(-1.,0.,0.));
#1596 = ORIENTED_EDGE('',*,*,#1597,.F.);
#1597 = EDGE_CURVE('',#1598,#1590,#1600,.T.);
#1598 = VERTEX_POINT('',#1599);
#1599 = CARTESIAN_POINT('',(-10.5,4.61,1.));
#1600 = LINE('',#1601,#1602);
#1601 = CARTESIAN_POINT('',(-10.5,-25.,1.));
#1602 = VECTOR('',#1603,1.);
#1603 = DIRECTION('',(0.,1.,0.));
#1604 = ORIENTED_EDGE('',*,*,#1605,.F.);
#1605 = EDGE_CURVE('',#1606,#1598,#1608,.T.);
#1606 = VERTEX_POINT('',#1607);
#1607 = CARTESIAN_POINT('',(-8.89,4.61,1.));
#1608 = LINE('',#1609,#1610);
#1609 = CARTESIAN_POINT('',(-8.89,4.61,1.));
#1610 = VECTOR('',#1611,1.);
#1611 = DIRECTION('',(-1.,0.,0.));
#1612 = ORIENTED_EDGE('',*,*,#1613,.F.);
#1613 = EDGE_CURVE('',#1614,#1606,#1616,.T.);
#1614 = VERTEX_POINT('',#1615);
#1615 = CARTESIAN_POINT('',(-8.89,3.01,1.));
#1616 = CIRCLE('',#1617,0.8);
#1617 = AXIS2_PLACEMENT_3D('',#1618,#1619,#1620);
#1618 = CARTESIAN_POINT('',(-8.89,3.81,1.));
#1619 = DIRECTION('',(0.,0.,1.));
#1620 = DIRECTION('',(1.,0.,-0.));
#1621 = ORIENTED_EDGE('',*,*,#1622,.T.);
#1622 = EDGE_CURVE('',#1614,#1623,#1625,.T.);
#1623 = VERTEX_POINT('',#1624);
#1624 = CARTESIAN_POINT('',(-10.5,3.01,1.));
#1625 = LINE('',#1626,#1627);
#1626 = CARTESIAN_POINT('',(-8.89,3.01,1.));
#1627 = VECTOR('',#1628,1.);
#1628 = DIRECTION('',(-1.,0.,0.));
#1629 = ORIENTED_EDGE('',*,*,#1630,.F.);
#1630 = EDGE_CURVE('',#1631,#1623,#1633,.T.);
#1631 = VERTEX_POINT('',#1632);
#1632 = CARTESIAN_POINT('',(-10.5,2.07,1.));
#1633 = LINE('',#1634,#1635);
#1634 = CARTESIAN_POINT('',(-10.5,-25.,1.));
#1635 = VECTOR('',#1636,1.);
#1636 = DIRECTION('',(0.,1.,0.));
#1637 = ORIENTED_EDGE('',*,*,#1638,.F.);
#1638 = EDGE_CURVE('',#1639,#1631,#1641,.T.);
#1639 = VERTEX_POINT('',#1640);
#1640 = CARTESIAN_POINT('',(-8.89,2.07,1.));
#1641 = LINE('',#1642,#1643);
#1642 = CARTESIAN_POINT('',(-8.89,2.07,1.));
#1643 = VECTOR('',#1644,1.);
#1644 = DIRECTION('',(-1.,0.,0.));
#1645 = ORIENTED_EDGE('',*,*,#1646,.F.);
#1646 = EDGE_CURVE('',#1647,#1639,#1649,.T.);
#1647 = VERTEX_POINT('',#1648);
#1648 = CARTESIAN_POINT('',(-8.89,0.47,1.));
#1649 = CIRCLE('',#1650,0.8);
#1650 = AXIS2_PLACEMENT_3D('',#1651,#1652,#1653);
#1651 = CARTESIAN_POINT('',(-8.89,1.27,1.));
#1652 = DIRECTION('',(0.,0.,1.));
#1653 = DIRECTION('',(1.,0.,-0.));
#1654 = ORIENTED_EDGE('',*,*,#1655,.T.);
#1655 = EDGE_CURVE('',#1647,#1656,#1658,.T.);
#1656 = VERTEX_POINT('',#1657);
#1657 = CARTESIAN_POINT('',(-10.5,0.47,1.));
#1658 = LINE('',#1659,#1660);
#1659 = CARTESIAN_POINT('',(-8.89,0.47,1.));
#1660 = VECTOR('',#1661,1.);
#1661 = DIRECTION('',(-1.,0.,0.));
#1662 = ORIENTED_EDGE('',*,*,#1663,.F.);
#1663 = EDGE_CURVE('',#1664,#1656,#1666,.T.);
#1664 = VERTEX_POINT('',#1665);
#1665 = CARTESIAN_POINT('',(-10.5,-0.47,1.));
#1666 = LINE('',#1667,#1668);
#1667 = CARTESIAN_POINT('',(-10.5,-25.,1.));
#1668 = VECTOR('',#1669,1.);
#1669 = DIRECTION('',(0.,1.,0.));
#1670 = ORIENTED_EDGE('',*,*,#1671,.F.);
#1671 = EDGE_CURVE('',#1672,#1664,#1674,.T.);
#1672 = VERTEX_POINT('',#1673);
#1673 = CARTESIAN_POINT('',(-8.89,-0.47,1.));
#1674 = LINE('',#1675,#1676);
#1675 = CARTESIAN_POINT('',(-8.89,-0.47,1.));
#1676 = VECTOR('',#1677,1.);
#1677 = DIRECTION('',(-1.,0.,0.));
#1678 = ORIENTED_EDGE('',*,*,#1679,.F.);
#1679 = EDGE_CURVE('',#1680,#1672,#1682,.T.);
#1680 = VERTEX_POINT('',#1681);
#1681 = CARTESIAN_POINT('',(-8.89,-2.07,1.));
#1682 = CIRCLE('',#1683,0.8);
#1683 = AXIS2_PLACEMENT_3D('',#1684,#1685,#1686);
#1684 = CARTESIAN_POINT('',(-8.89,-1.27,1.));
#1685 = DIRECTION('',(0.,0.,1.));
#1686 = DIRECTION('',(1.,0.,-0.));
#1687 = ORIENTED_EDGE('',*,*,#1688,.T.);
#1688 = EDGE_CURVE('',#1680,#1689,#1691,.T.);
#1689 = VERTEX_POINT('',#1690);
#1690 = CARTESIAN_POINT('',(-10.5,-2.07,1.));
#1691 = LINE('',#1692,#1693);
#1692 = CARTESIAN_POINT('',(-8.89,-2.07,1.));
#1693 = VECTOR('',#1694,1.);
#1694 = DIRECTION('',(-1.,0.,0.));
#1695 = ORIENTED_EDGE('',*,*,#1696,.F.);
#1696 = EDGE_CURVE('',#1697,#1689,#1699,.T.);
#1697 = VERTEX_POINT('',#1698);
#1698 = CARTESIAN_POINT('',(-10.5,-3.01,1.));
#1699 = LINE('',#1700,#1701);
#1700 = CARTESIAN_POINT('',(-10.5,-25.,1.));
#1701 = VECTOR('',#1702,1.);
#1702 = DIRECTION('',(0.,1.,0.));
#1703 = ORIENTED_EDGE('',*,*,#1704,.F.);
#1704 = EDGE_CURVE('',#1705,#1697,#1707,.T.);
#1705 = VERTEX_POINT('',#1706);
#1706 = CARTESIAN_POINT('',(-8.89,-3.01,1.));
#1707 = LINE('',#1708,#1709);
#1708 = CARTESIAN_POINT('',(-8.89,-3.01,1.));
#1709 = VECTOR('',#1710,1.);
#1710 = DIRECTION('',(-1.,0.,0.));
#1711 = ORIENTED_EDGE('',*,*,#1712,.F.);
#1712 = EDGE_CURVE('',#1713,#1705,#1715,.T.);
#1713 = VERTEX_POINT('',#1714);
#1714 = CARTESIAN_POINT('',(-8.89,-4.61,1.));
#1715 = CIRCLE('',#1716,0.8);
#1716 = AXIS2_PLACEMENT_3D('',#1717,#1718,#1719);
#1717 = CARTESIAN_POINT('',(-8.89,-3.81,1.));
#1718 = DIRECTION('',(0.,0.,1.));
#1719 = DIRECTION('',(1.,0.,-0.));
#1720 = ORIENTED_EDGE('',*,*,#1721,.T.);
#1721 = EDGE_CURVE('',#1713,#1722,#1724,.T.);
#1722 = VERTEX_POINT('',#1723);
#1723 = CARTESIAN_POINT('',(-10.5,-4.61,1.));
#1724 = LINE('',#1725,#1726);
#1725 = CARTESIAN_POINT('',(-8.89,-4.61,1.));
#1726 = VECTOR('',#1727,1.);
#1727 = DIRECTION('',(-1.,0.,0.));
#1728 = ORIENTED_EDGE('',*,*,#1729,.F.);
#1729 = EDGE_CURVE('',#1730,#1722,#1732,.T.);
#1730 = VERTEX_POINT('',#1731);
#1731 = CARTESIAN_POINT('',(-10.5,-5.549999999999,1.));
#1732 = LINE('',#1733,#1734);
#1733 = CARTESIAN_POINT('',(-10.5,-25.,1.));
#1734 = VECTOR('',#1735,1.);
#1735 = DIRECTION('',(0.,1.,0.));
#1736 = ORIENTED_EDGE('',*,*,#1737,.F.);
#1737 = EDGE_CURVE('',#1738,#1730,#1740,.T.);
#1738 = VERTEX_POINT('',#1739);
#1739 = CARTESIAN_POINT('',(-8.29,-5.549999999999,1.));
#1740 = LINE('',#1741,#1742);
#1741 = CARTESIAN_POINT('',(-8.29,-5.549999999999,1.));
#1742 = VECTOR('',#1743,1.);
#1743 = DIRECTION('',(-1.,0.,0.));
#1744 = ORIENTED_EDGE('',*,*,#1745,.F.);
#1745 = EDGE_CURVE('',#1746,#1738,#1748,.T.);
#1746 = VERTEX_POINT('',#1747);
#1747 = CARTESIAN_POINT('',(-8.09,-5.749999999999,1.));
#1748 = CIRCLE('',#1749,0.2);
#1749 = AXIS2_PLACEMENT_3D('',#1750,#1751,#1752);
#1750 = CARTESIAN_POINT('',(-8.29,-5.749999999999,1.));
#1751 = DIRECTION('',(0.,0.,1.));
#1752 = DIRECTION('',(1.,0.,-0.));
#1753 = ORIENTED_EDGE('',*,*,#1754,.T.);
#1754 = EDGE_CURVE('',#1746,#1755,#1757,.T.);
#1755 = VERTEX_POINT('',#1756);
#1756 = CARTESIAN_POINT('',(-8.09,-6.950000000001,1.));
#1757 = LINE('',#1758,#1759);
#1758 = CARTESIAN_POINT('',(-8.09,-5.749999999999,1.));
#1759 = VECTOR('',#1760,1.);
#1760 = DIRECTION('',(0.,-1.,0.));
#1761 = ORIENTED_EDGE('',*,*,#1762,.F.);
#1762 = EDGE_CURVE('',#1763,#1755,#1765,.T.);
#1763 = VERTEX_POINT('',#1764);
#1764 = CARTESIAN_POINT('',(-8.29,-7.150000000001,1.));
#1765 = CIRCLE('',#1766,0.2);
#1766 = AXIS2_PLACEMENT_3D('',#1767,#1768,#1769);
#1767 = CARTESIAN_POINT('',(-8.29,-6.950000000001,1.));
#1768 = DIRECTION('',(0.,0.,1.));
#1769 = DIRECTION('',(1.,0.,-0.));
#1770 = ORIENTED_EDGE('',*,*,#1771,.T.);
#1771 = EDGE_CURVE('',#1763,#1772,#1774,.T.);
#1772 = VERTEX_POINT('',#1773);
#1773 = CARTESIAN_POINT('',(-10.5,-7.150000000001,1.));
#1774 = LINE('',#1775,#1776);
#1775 = CARTESIAN_POINT('',(-8.29,-7.150000000001,1.));
#1776 = VECTOR('',#1777,1.);
#1777 = DIRECTION('',(-1.,0.,0.));
#1778 = ORIENTED_EDGE('',*,*,#1779,.F.);
#1779 = EDGE_CURVE('',#1780,#1772,#1782,.T.);
#1780 = VERTEX_POINT('',#1781);
#1781 = CARTESIAN_POINT('',(-10.5,-8.09,1.));
#1782 = LINE('',#1783,#1784);
#1783 = CARTESIAN_POINT('',(-10.5,-25.,1.));
#1784 = VECTOR('',#1785,1.);
#1785 = DIRECTION('',(0.,1.,0.));
#1786 = ORIENTED_EDGE('',*,*,#1787,.F.);
#1787 = EDGE_CURVE('',#1788,#1780,#1790,.T.);
#1788 = VERTEX_POINT('',#1789);
#1789 = CARTESIAN_POINT('',(-8.89,-8.09,1.));
#1790 = LINE('',#1791,#1792);
#1791 = CARTESIAN_POINT('',(-8.89,-8.09,1.));
#1792 = VECTOR('',#1793,1.);
#1793 = DIRECTION('',(-1.,0.,0.));
#1794 = ORIENTED_EDGE('',*,*,#1795,.F.);
#1795 = EDGE_CURVE('',#1796,#1788,#1798,.T.);
#1796 = VERTEX_POINT('',#1797);
#1797 = CARTESIAN_POINT('',(-8.89,-9.69,1.));
#1798 = CIRCLE('',#1799,0.8);
#1799 = AXIS2_PLACEMENT_3D('',#1800,#1801,#1802);
#1800 = CARTESIAN_POINT('',(-8.89,-8.89,1.));
#1801 = DIRECTION('',(0.,0.,1.));
#1802 = DIRECTION('',(1.,0.,-0.));
#1803 = ORIENTED_EDGE('',*,*,#1804,.T.);
#1804 = EDGE_CURVE('',#1796,#1805,#1807,.T.);
#1805 = VERTEX_POINT('',#1806);
#1806 = CARTESIAN_POINT('',(-10.5,-9.69,1.));
#1807 = LINE('',#1808,#1809);
#1808 = CARTESIAN_POINT('',(-8.89,-9.69,1.));
#1809 = VECTOR('',#1810,1.);
#1810 = DIRECTION('',(-1.,0.,0.));
#1811 = ORIENTED_EDGE('',*,*,#1812,.F.);
#1812 = EDGE_CURVE('',#1813,#1805,#1815,.T.);
#1813 = VERTEX_POINT('',#1814);
#1814 = CARTESIAN_POINT('',(-10.5,-10.63,1.));
#1815 = LINE('',#1816,#1817);
#1816 = CARTESIAN_POINT('',(-10.5,-25.,1.));
#1817 = VECTOR('',#1818,1.);
#1818 = DIRECTION('',(0.,1.,0.));
#1819 = ORIENTED_EDGE('',*,*,#1820,.F.);
#1820 = EDGE_CURVE('',#1821,#1813,#1823,.T.);
#1821 = VERTEX_POINT('',#1822);
#1822 = CARTESIAN_POINT('',(-8.89,-10.63,1.));
#1823 = LINE('',#1824,#1825);
#1824 = CARTESIAN_POINT('',(-8.89,-10.63,1.));
#1825 = VECTOR('',#1826,1.);
#1826 = DIRECTION('',(-1.,0.,0.));
#1827 = ORIENTED_EDGE('',*,*,#1828,.F.);
#1828 = EDGE_CURVE('',#1829,#1821,#1831,.T.);
#1829 = VERTEX_POINT('',#1830);
#1830 = CARTESIAN_POINT('',(-8.89,-12.23,1.));
#1831 = CIRCLE('',#1832,0.8);
#1832 = AXIS2_PLACEMENT_3D('',#1833,#1834,#1835);
#1833 = CARTESIAN_POINT('',(-8.89,-11.43,1.));
#1834 = DIRECTION('',(0.,0.,1.));
#1835 = DIRECTION('',(1.,0.,-0.));
#1836 = ORIENTED_EDGE('',*,*,#1837,.T.);
#1837 = EDGE_CURVE('',#1829,#1838,#1840,.T.);
#1838 = VERTEX_POINT('',#1839);
#1839 = CARTESIAN_POINT('',(-10.5,-12.23,1.));
#1840 = LINE('',#1841,#1842);
#1841 = CARTESIAN_POINT('',(-8.89,-12.23,1.));
#1842 = VECTOR('',#1843,1.);
#1843 = DIRECTION('',(-1.,0.,0.));
#1844 = ORIENTED_EDGE('',*,*,#1845,.F.);
#1845 = EDGE_CURVE('',#1846,#1838,#1848,.T.);
#1846 = VERTEX_POINT('',#1847);
#1847 = CARTESIAN_POINT('',(-10.5,-13.17,1.));
#1848 = LINE('',#1849,#1850);
#1849 = CARTESIAN_POINT('',(-10.5,-25.,1.));
#1850 = VECTOR('',#1851,1.);
#1851 = DIRECTION('',(0.,1.,0.));
#1852 = ORIENTED_EDGE('',*,*,#1853,.F.);
#1853 = EDGE_CURVE('',#1854,#1846,#1856,.T.);
#1854 = VERTEX_POINT('',#1855);
#1855 = CARTESIAN_POINT('',(-8.89,-13.17,1.));
#1856 = LINE('',#1857,#1858);
#1857 = CARTESIAN_POINT('',(-8.89,-13.17,1.));
#1858 = VECTOR('',#1859,1.);
#1859 = DIRECTION('',(-1.,0.,0.));
#1860 = ORIENTED_EDGE('',*,*,#1861,.F.);
#1861 = EDGE_CURVE('',#1862,#1854,#1864,.T.);
#1862 = VERTEX_POINT('',#1863);
#1863 = CARTESIAN_POINT('',(-8.89,-14.77,1.));
#1864 = CIRCLE('',#1865,0.8);
#1865 = AXIS2_PLACEMENT_3D('',#1866,#1867,#1868);
#1866 = CARTESIAN_POINT('',(-8.89,-13.97,1.));
#1867 = DIRECTION('',(0.,0.,1.));
#1868 = DIRECTION('',(1.,0.,-0.));
#1869 = ORIENTED_EDGE('',*,*,#1870,.T.);
#1870 = EDGE_CURVE('',#1862,#1871,#1873,.T.);
#1871 = VERTEX_POINT('',#1872);
#1872 = CARTESIAN_POINT('',(-10.5,-14.77,1.));
#1873 = LINE('',#1874,#1875);
#1874 = CARTESIAN_POINT('',(-8.89,-14.77,1.));
#1875 = VECTOR('',#1876,1.);
#1876 = DIRECTION('',(-1.,0.,0.));
#1877 = ORIENTED_EDGE('',*,*,#1878,.F.);
#1878 = EDGE_CURVE('',#1879,#1871,#1881,.T.);
#1879 = VERTEX_POINT('',#1880);
#1880 = CARTESIAN_POINT('',(-10.5,-15.71,1.));
#1881 = LINE('',#1882,#1883);
#1882 = CARTESIAN_POINT('',(-10.5,-25.,1.));
#1883 = VECTOR('',#1884,1.);
#1884 = DIRECTION('',(0.,1.,0.));
#1885 = ORIENTED_EDGE('',*,*,#1886,.F.);
#1886 = EDGE_CURVE('',#1887,#1879,#1889,.T.);
#1887 = VERTEX_POINT('',#1888);
#1888 = CARTESIAN_POINT('',(-8.89,-15.71,1.));
#1889 = LINE('',#1890,#1891);
#1890 = CARTESIAN_POINT('',(-8.89,-15.71,1.));
#1891 = VECTOR('',#1892,1.);
#1892 = DIRECTION('',(-1.,0.,0.));
#1893 = ORIENTED_EDGE('',*,*,#1894,.F.);
#1894 = EDGE_CURVE('',#1895,#1887,#1897,.T.);
#1895 = VERTEX_POINT('',#1896);
#1896 = CARTESIAN_POINT('',(-8.89,-17.31,1.));
#1897 = CIRCLE('',#1898,0.8);
#1898 = AXIS2_PLACEMENT_3D('',#1899,#1900,#1901);
#1899 = CARTESIAN_POINT('',(-8.89,-16.51,1.));
#1900 = DIRECTION('',(0.,0.,1.));
#1901 = DIRECTION('',(1.,0.,-0.));
#1902 = ORIENTED_EDGE('',*,*,#1903,.T.);
#1903 = EDGE_CURVE('',#1895,#1904,#1906,.T.);
#1904 = VERTEX_POINT('',#1905);
#1905 = CARTESIAN_POINT('',(-10.5,-17.31,1.));
#1906 = LINE('',#1907,#1908);
#1907 = CARTESIAN_POINT('',(-8.89,-17.31,1.));
#1908 = VECTOR('',#1909,1.);
#1909 = DIRECTION('',(-1.,0.,0.));
#1910 = ORIENTED_EDGE('',*,*,#1911,.F.);
#1911 = EDGE_CURVE('',#1912,#1904,#1914,.T.);
#1912 = VERTEX_POINT('',#1913);
#1913 = CARTESIAN_POINT('',(-10.5,-18.24999999999,1.));
#1914 = LINE('',#1915,#1916);
#1915 = CARTESIAN_POINT('',(-10.5,-25.,1.));
#1916 = VECTOR('',#1917,1.);
#1917 = DIRECTION('',(0.,1.,0.));
#1918 = ORIENTED_EDGE('',*,*,#1919,.F.);
#1919 = EDGE_CURVE('',#1920,#1912,#1922,.T.);
#1920 = VERTEX_POINT('',#1921);
#1921 = CARTESIAN_POINT('',(-8.29,-18.24999999999,1.));
#1922 = LINE('',#1923,#1924);
#1923 = CARTESIAN_POINT('',(-8.29,-18.24999999999,1.));
#1924 = VECTOR('',#1925,1.);
#1925 = DIRECTION('',(-1.,0.,0.));
#1926 = ORIENTED_EDGE('',*,*,#1927,.F.);
#1927 = EDGE_CURVE('',#1928,#1920,#1930,.T.);
#1928 = VERTEX_POINT('',#1929);
#1929 = CARTESIAN_POINT('',(-8.09,-18.44999999999,1.));
#1930 = CIRCLE('',#1931,0.2);
#1931 = AXIS2_PLACEMENT_3D('',#1932,#1933,#1934);
#1932 = CARTESIAN_POINT('',(-8.29,-18.44999999999,1.));
#1933 = DIRECTION('',(0.,0.,1.));
#1934 = DIRECTION('',(1.,0.,-0.));
#1935 = ORIENTED_EDGE('',*,*,#1936,.T.);
#1936 = EDGE_CURVE('',#1928,#1937,#1939,.T.);
#1937 = VERTEX_POINT('',#1938);
#1938 = CARTESIAN_POINT('',(-8.09,-19.65,1.));
#1939 = LINE('',#1940,#1941);
#1940 = CARTESIAN_POINT('',(-8.09,-18.44999999999,1.));
#1941 = VECTOR('',#1942,1.);
#1942 = DIRECTION('',(0.,-1.,0.));
#1943 = ORIENTED_EDGE('',*,*,#1944,.F.);
#1944 = EDGE_CURVE('',#1945,#1937,#1947,.T.);
#1945 = VERTEX_POINT('',#1946);
#1946 = CARTESIAN_POINT('',(-8.29,-19.85,1.));
#1947 = CIRCLE('',#1948,0.2);
#1948 = AXIS2_PLACEMENT_3D('',#1949,#1950,#1951);
#1949 = CARTESIAN_POINT('',(-8.29,-19.65,1.));
#1950 = DIRECTION('',(0.,0.,1.));
#1951 = DIRECTION('',(1.,0.,-0.));
#1952 = ORIENTED_EDGE('',*,*,#1953,.T.);
#1953 = EDGE_CURVE('',#1945,#1954,#1956,.T.);
#1954 = VERTEX_POINT('',#1955);
#1955 = CARTESIAN_POINT('',(-10.5,-19.85,1.));
#1956 = LINE('',#1957,#1958);
#1957 = CARTESIAN_POINT('',(-8.29,-19.85,1.));
#1958 = VECTOR('',#1959,1.);
#1959 = DIRECTION('',(-1.,0.,0.));
#1960 = ORIENTED_EDGE('',*,*,#1961,.F.);
#1961 = EDGE_CURVE('',#1962,#1954,#1964,.T.);
#1962 = VERTEX_POINT('',#1963);
#1963 = CARTESIAN_POINT('',(-10.5,-20.79,1.));
#1964 = LINE('',#1965,#1966);
#1965 = CARTESIAN_POINT('',(-10.5,-25.,1.));
#1966 = VECTOR('',#1967,1.);
#1967 = DIRECTION('',(0.,1.,0.));
#1968 = ORIENTED_EDGE('',*,*,#1969,.F.);
#1969 = EDGE_CURVE('',#1970,#1962,#1972,.T.);
#1970 = VERTEX_POINT('',#1971);
#1971 = CARTESIAN_POINT('',(-8.89,-20.79,1.));
#1972 = LINE('',#1973,#1974);
#1973 = CARTESIAN_POINT('',(-8.89,-20.79,1.));
#1974 = VECTOR('',#1975,1.);
#1975 = DIRECTION('',(-1.,0.,0.));
#1976 = ORIENTED_EDGE('',*,*,#1977,.F.);
#1977 = EDGE_CURVE('',#1978,#1970,#1980,.T.);
#1978 = VERTEX_POINT('',#1979);
#1979 = CARTESIAN_POINT('',(-8.89,-22.39,1.));
#1980 = CIRCLE('',#1981,0.8);
#1981 = AXIS2_PLACEMENT_3D('',#1982,#1983,#1984);
#1982 = CARTESIAN_POINT('',(-8.89,-21.59,1.));
#1983 = DIRECTION('',(0.,0.,1.));
#1984 = DIRECTION('',(1.,0.,-0.));
#1985 = ORIENTED_EDGE('',*,*,#1986,.T.);
#1986 = EDGE_CURVE('',#1978,#1987,#1989,.T.);
#1987 = VERTEX_POINT('',#1988);
#1988 = CARTESIAN_POINT('',(-10.5,-22.39,1.));
#1989 = LINE('',#1990,#1991);
#1990 = CARTESIAN_POINT('',(-8.89,-22.39,1.));
#1991 = VECTOR('',#1992,1.);
#1992 = DIRECTION('',(-1.,0.,0.));
#1993 = ORIENTED_EDGE('',*,*,#1994,.F.);
#1994 = EDGE_CURVE('',#1995,#1987,#1997,.T.);
#1995 = VERTEX_POINT('',#1996);
#1996 = CARTESIAN_POINT('',(-10.5,-23.33,1.));
#1997 = LINE('',#1998,#1999);
#1998 = CARTESIAN_POINT('',(-10.5,-25.,1.));
#1999 = VECTOR('',#2000,1.);
#2000 = DIRECTION('',(0.,1.,0.));
#2001 = ORIENTED_EDGE('',*,*,#2002,.F.);
#2002 = EDGE_CURVE('',#2003,#1995,#2005,.T.);
#2003 = VERTEX_POINT('',#2004);
#2004 = CARTESIAN_POINT('',(-8.89,-23.33,1.));
#2005 = LINE('',#2006,#2007);
#2006 = CARTESIAN_POINT('',(-8.89,-23.33,1.));
#2007 = VECTOR('',#2008,1.);
#2008 = DIRECTION('',(-1.,0.,0.));
#2009 = ORIENTED_EDGE('',*,*,#2010,.F.);
#2010 = EDGE_CURVE('',#2011,#2003,#2013,.T.);
#2011 = VERTEX_POINT('',#2012);
#2012 = CARTESIAN_POINT('',(-8.89,-24.93,1.));
#2013 = CIRCLE('',#2014,0.8);
#2014 = AXIS2_PLACEMENT_3D('',#2015,#2016,#2017);
#2015 = CARTESIAN_POINT('',(-8.89,-24.13,1.));
#2016 = DIRECTION('',(0.,0.,1.));
#2017 = DIRECTION('',(1.,0.,-0.));
#2018 = ORIENTED_EDGE('',*,*,#2019,.T.);
#2019 = EDGE_CURVE('',#2011,#356,#2020,.T.);
#2020 = LINE('',#2021,#2022);
#2021 = CARTESIAN_POINT('',(-8.89,-24.93,1.));
#2022 = VECTOR('',#2023,1.);
#2023 = DIRECTION('',(-1.,0.,0.));
#2024 = FACE_BOUND('',#2025,.T.);
#2025 = EDGE_LOOP('',(#2026));
#2026 = ORIENTED_EDGE('',*,*,#2027,.F.);
#2027 = EDGE_CURVE('',#2028,#2028,#2030,.T.);
#2028 = VERTEX_POINT('',#2029);
#2029 = CARTESIAN_POINT('',(-3.8,-23.5,1.));
#2030 = CIRCLE('',#2031,1.9);
#2031 = AXIS2_PLACEMENT_3D('',#2032,#2033,#2034);
#2032 = CARTESIAN_POINT('',(-5.7,-23.5,1.));
#2033 = DIRECTION('',(0.,0.,1.));
#2034 = DIRECTION('',(1.,0.,-0.));
#2035 = FACE_BOUND('',#2036,.T.);
#2036 = EDGE_LOOP('',(#2037,#2047,#2055,#2063));
#2037 = ORIENTED_EDGE('',*,*,#2038,.T.);
#2038 = EDGE_CURVE('',#2039,#2041,#2043,.T.);
#2039 = VERTEX_POINT('',#2040);
#2040 = CARTESIAN_POINT('',(-3.9,-10.3,1.));
#2041 = VERTEX_POINT('',#2042);
#2042 = CARTESIAN_POINT('',(-3.9,-7.8,1.));
#2043 = LINE('',#2044,#2045);
#2044 = CARTESIAN_POINT('',(-3.9,-10.3,1.));
#2045 = VECTOR('',#2046,1.);
#2046 = DIRECTION('',(0.,1.,0.));
#2047 = ORIENTED_EDGE('',*,*,#2048,.T.);
#2048 = EDGE_CURVE('',#2041,#2049,#2051,.T.);
#2049 = VERTEX_POINT('',#2050);
#2050 = CARTESIAN_POINT('',(-0.7,-7.8,1.));
#2051 = LINE('',#2052,#2053);
#2052 = CARTESIAN_POINT('',(-3.9,-7.8,1.));
#2053 = VECTOR('',#2054,1.);
#2054 = DIRECTION('',(1.,0.,-0.));
#2055 = ORIENTED_EDGE('',*,*,#2056,.F.);
#2056 = EDGE_CURVE('',#2057,#2049,#2059,.T.);
#2057 = VERTEX_POINT('',#2058);
#2058 = CARTESIAN_POINT('',(-0.7,-10.3,1.));
#2059 = LINE('',#2060,#2061);
#2060 = CARTESIAN_POINT('',(-0.7,-10.3,1.));
#2061 = VECTOR('',#2062,1.);
#2062 = DIRECTION('',(0.,1.,0.));
#2063 = ORIENTED_EDGE('',*,*,#2064,.F.);
#2064 = EDGE_CURVE('',#2039,#2057,#2065,.T.);
#2065 = LINE('',#2066,#2067);
#2066 = CARTESIAN_POINT('',(-3.9,-10.3,1.));
#2067 = VECTOR('',#2068,1.);
#2068 = DIRECTION('',(1.,0.,-0.));
#2069 = FACE_BOUND('',#2070,.T.);
#2070 = EDGE_LOOP('',(#2071,#2081,#2089,#2097));
#2071 = ORIENTED_EDGE('',*,*,#2072,.T.);
#2072 = EDGE_CURVE('',#2073,#2075,#2077,.T.);
#2073 = VERTEX_POINT('',#2074);
#2074 = CARTESIAN_POINT('',(-3.5,-4.,1.));
#2075 = VERTEX_POINT('',#2076);
#2076 = CARTESIAN_POINT('',(-3.5,3.,1.));
#2077 = LINE('',#2078,#2079);
#2078 = CARTESIAN_POINT('',(-3.5,-4.,1.));
#2079 = VECTOR('',#2080,1.);
#2080 = DIRECTION('',(0.,1.,0.));
#2081 = ORIENTED_EDGE('',*,*,#2082,.T.);
#2082 = EDGE_CURVE('',#2075,#2083,#2085,.T.);
#2083 = VERTEX_POINT('',#2084);
#2084 = CARTESIAN_POINT('',(3.5,3.,1.));
#2085 = LINE('',#2086,#2087);
#2086 = CARTESIAN_POINT('',(-3.5,3.,1.));
#2087 = VECTOR('',#2088,1.);
#2088 = DIRECTION('',(1.,0.,-0.));
#2089 = ORIENTED_EDGE('',*,*,#2090,.F.);
#2090 = EDGE_CURVE('',#2091,#2083,#2093,.T.);
#2091 = VERTEX_POINT('',#2092);
#2092 = CARTESIAN_POINT('',(3.5,-4.,1.));
#2093 = LINE('',#2094,#2095);
#2094 = CARTESIAN_POINT('',(3.5,-4.,1.));
#2095 = VECTOR('',#2096,1.);
#2096 = DIRECTION('',(0.,1.,0.));
#2097 = ORIENTED_EDGE('',*,*,#2098,.F.);
#2098 = EDGE_CURVE('',#2073,#2091,#2099,.T.);
#2099 = LINE('',#2100,#2101);
#2100 = CARTESIAN_POINT('',(-3.5,-4.,1.));
#2101 = VECTOR('',#2102,1.);
#2102 = DIRECTION('',(1.,0.,-0.));
#2103 = FACE_BOUND('',#2104,.T.);
#2104 = EDGE_LOOP('',(#2105));
#2105 = ORIENTED_EDGE('',*,*,#2106,.F.);
#2106 = EDGE_CURVE('',#2107,#2107,#2109,.T.);
#2107 = VERTEX_POINT('',#2108);
#2108 = CARTESIAN_POINT('',(3.8,-23.5,1.));
#2109 = CIRCLE('',#2110,1.9);
#2110 = AXIS2_PLACEMENT_3D('',#2111,#2112,#2113);
#2111 = CARTESIAN_POINT('',(5.7,-23.5,1.));
#2112 = DIRECTION('',(0.,0.,1.));
#2113 = DIRECTION('',(-1.,0.,0.));
#2114 = FACE_BOUND('',#2115,.T.);
#2115 = EDGE_LOOP('',(#2116,#2126,#2134,#2142));
#2116 = ORIENTED_EDGE('',*,*,#2117,.T.);
#2117 = EDGE_CURVE('',#2118,#2120,#2122,.T.);
#2118 = VERTEX_POINT('',#2119);
#2119 = CARTESIAN_POINT('',(-2.8,4.9,1.));
#2120 = VERTEX_POINT('',#2121);
#2121 = CARTESIAN_POINT('',(-4.8,4.9,1.));
#2122 = LINE('',#2123,#2124);
#2123 = CARTESIAN_POINT('',(-2.8,4.9,1.));
#2124 = VECTOR('',#2125,1.);
#2125 = DIRECTION('',(-1.,0.,0.));
#2126 = ORIENTED_EDGE('',*,*,#2127,.T.);
#2127 = EDGE_CURVE('',#2120,#2128,#2130,.T.);
#2128 = VERTEX_POINT('',#2129);
#2129 = CARTESIAN_POINT('',(-4.8,7.9,1.));
#2130 = LINE('',#2131,#2132);
#2131 = CARTESIAN_POINT('',(-4.8,4.9,1.));
#2132 = VECTOR('',#2133,1.);
#2133 = DIRECTION('',(0.,1.,0.));
#2134 = ORIENTED_EDGE('',*,*,#2135,.F.);
#2135 = EDGE_CURVE('',#2136,#2128,#2138,.T.);
#2136 = VERTEX_POINT('',#2137);
#2137 = CARTESIAN_POINT('',(-2.8,7.9,1.));
#2138 = LINE('',#2139,#2140);
#2139 = CARTESIAN_POINT('',(-2.8,7.9,1.));
#2140 = VECTOR('',#2141,1.);
#2141 = DIRECTION('',(-1.,0.,0.));
#2142 = ORIENTED_EDGE('',*,*,#2143,.F.);
#2143 = EDGE_CURVE('',#2118,#2136,#2144,.T.);
#2144 = LINE('',#2145,#2146);
#2145 = CARTESIAN_POINT('',(-2.8,4.9,1.));
#2146 = VECTOR('',#2147,1.);
#2147 = DIRECTION('',(0.,1.,0.));
#2148 = FACE_BOUND('',#2149,.T.);
#2149 = EDGE_LOOP('',(#2150,#2151,#2152,#2158));
#2150 = ORIENTED_EDGE('',*,*,#337,.T.);
#2151 = ORIENTED_EDGE('',*,*,#296,.T.);
#2152 = ORIENTED_EDGE('',*,*,#2153,.F.);
#2153 = EDGE_CURVE('',#242,#299,#2154,.T.);
#2154 = LINE('',#2155,#2156);
#2155 = CARTESIAN_POINT('',(-4.9,20.3,1.));
#2156 = VECTOR('',#2157,1.);
#2157 = DIRECTION('',(0.,1.,0.));
#2158 = ORIENTED_EDGE('',*,*,#239,.F.);
#2159 = FACE_BOUND('',#2160,.T.);
#2160 = EDGE_LOOP('',(#2161));
#2161 = ORIENTED_EDGE('',*,*,#2162,.F.);
#2162 = EDGE_CURVE('',#2163,#2163,#2165,.T.);
#2163 = VERTEX_POINT('',#2164);
#2164 = CARTESIAN_POINT('',(-3.8,23.5,1.));
#2165 = CIRCLE('',#2166,1.9);
#2166 = AXIS2_PLACEMENT_3D('',#2167,#2168,#2169);
#2167 = CARTESIAN_POINT('',(-5.7,23.5,1.));
#2168 = DIRECTION('',(0.,0.,1.));
#2169 = DIRECTION('',(1.,0.,-0.));
#2170 = FACE_BOUND('',#2171,.T.);
#2171 = EDGE_LOOP('',(#2172,#2182,#2190,#2198));
#2172 = ORIENTED_EDGE('',*,*,#2173,.T.);
#2173 = EDGE_CURVE('',#2174,#2176,#2178,.T.);
#2174 = VERTEX_POINT('',#2175);
#2175 = CARTESIAN_POINT('',(-5.1,11.375,1.));
#2176 = VERTEX_POINT('',#2177);
#2177 = CARTESIAN_POINT('',(-5.1,15.625,1.));
#2178 = LINE('',#2179,#2180);
#2179 = CARTESIAN_POINT('',(-5.1,11.375,1.));
#2180 = VECTOR('',#2181,1.);
#2181 = DIRECTION('',(0.,1.,0.));
#2182 = ORIENTED_EDGE('',*,*,#2183,.T.);
#2183 = EDGE_CURVE('',#2176,#2184,#2186,.T.);
#2184 = VERTEX_POINT('',#2185);
#2185 = CARTESIAN_POINT('',(-1.9,15.625,1.));
#2186 = LINE('',#2187,#2188);
#2187 = CARTESIAN_POINT('',(-5.1,15.625,1.));
#2188 = VECTOR('',#2189,1.);
#2189 = DIRECTION('',(1.,0.,-0.));
#2190 = ORIENTED_EDGE('',*,*,#2191,.F.);
#2191 = EDGE_CURVE('',#2192,#2184,#2194,.T.);
#2192 = VERTEX_POINT('',#2193);
#2193 = CARTESIAN_POINT('',(-1.9,11.375,1.));
#2194 = LINE('',#2195,#2196);
#2195 = CARTESIAN_POINT('',(-1.9,11.375,1.));
#2196 = VECTOR('',#2197,1.);
#2197 = DIRECTION('',(0.,1.,0.));
#2198 = ORIENTED_EDGE('',*,*,#2199,.F.);
#2199 = EDGE_CURVE('',#2174,#2192,#2200,.T.);
#2200 = LINE('',#2201,#2202);
#2201 = CARTESIAN_POINT('',(-5.1,11.375,1.));
#2202 = VECTOR('',#2203,1.);
#2203 = DIRECTION('',(1.,0.,-0.));
#2204 = FACE_BOUND('',#2205,.T.);
#2205 = EDGE_LOOP('',(#2206,#2216,#2224,#2232));
#2206 = ORIENTED_EDGE('',*,*,#2207,.T.);
#2207 = EDGE_CURVE('',#2208,#2210,#2212,.T.);
#2208 = VERTEX_POINT('',#2209);
#2209 = CARTESIAN_POINT('',(1.9,11.475,1.));
#2210 = VERTEX_POINT('',#2211);
#2211 = CARTESIAN_POINT('',(1.9,12.725,1.));
#2212 = LINE('',#2213,#2214);
#2213 = CARTESIAN_POINT('',(1.9,11.475,1.));
#2214 = VECTOR('',#2215,1.);
#2215 = DIRECTION('',(0.,1.,0.));
#2216 = ORIENTED_EDGE('',*,*,#2217,.T.);
#2217 = EDGE_CURVE('',#2210,#2218,#2220,.T.);
#2218 = VERTEX_POINT('',#2219);
#2219 = CARTESIAN_POINT('',(3.9,12.725,1.));
#2220 = LINE('',#2221,#2222);
#2221 = CARTESIAN_POINT('',(1.9,12.725,1.));
#2222 = VECTOR('',#2223,1.);
#2223 = DIRECTION('',(1.,0.,-0.));
#2224 = ORIENTED_EDGE('',*,*,#2225,.F.);
#2225 = EDGE_CURVE('',#2226,#2218,#2228,.T.);
#2226 = VERTEX_POINT('',#2227);
#2227 = CARTESIAN_POINT('',(3.9,11.475,1.));
#2228 = LINE('',#2229,#2230);
#2229 = CARTESIAN_POINT('',(3.9,11.475,1.));
#2230 = VECTOR('',#2231,1.);
#2231 = DIRECTION('',(0.,1.,0.));
#2232 = ORIENTED_EDGE('',*,*,#2233,.F.);
#2233 = EDGE_CURVE('',#2208,#2226,#2234,.T.);
#2234 = LINE('',#2235,#2236);
#2235 = CARTESIAN_POINT('',(1.9,11.475,1.));
#2236 = VECTOR('',#2237,1.);
#2237 = DIRECTION('',(1.,0.,-0.));
#2238 = FACE_BOUND('',#2239,.T.);
#2239 = EDGE_LOOP('',(#2240,#2250,#2258,#2266));
#2240 = ORIENTED_EDGE('',*,*,#2241,.T.);
#2241 = EDGE_CURVE('',#2242,#2244,#2246,.T.);
#2242 = VERTEX_POINT('',#2243);
#2243 = CARTESIAN_POINT('',(5.6,6.8,1.));
#2244 = VERTEX_POINT('',#2245);
#2245 = CARTESIAN_POINT('',(5.6,7.6,1.));
#2246 = LINE('',#2247,#2248);
#2247 = CARTESIAN_POINT('',(5.6,6.8,1.));
#2248 = VECTOR('',#2249,1.);
#2249 = DIRECTION('',(0.,1.,0.));
#2250 = ORIENTED_EDGE('',*,*,#2251,.T.);
#2251 = EDGE_CURVE('',#2244,#2252,#2254,.T.);
#2252 = VERTEX_POINT('',#2253);
#2253 = CARTESIAN_POINT('',(7.2,7.6,1.));
#2254 = LINE('',#2255,#2256);
#2255 = CARTESIAN_POINT('',(5.6,7.6,1.));
#2256 = VECTOR('',#2257,1.);
#2257 = DIRECTION('',(1.,0.,-0.));
#2258 = ORIENTED_EDGE('',*,*,#2259,.F.);
#2259 = EDGE_CURVE('',#2260,#2252,#2262,.T.);
#2260 = VERTEX_POINT('',#2261);
#2261 = CARTESIAN_POINT('',(7.2,6.8,1.));
#2262 = LINE('',#2263,#2264);
#2263 = CARTESIAN_POINT('',(7.2,6.8,1.));
#2264 = VECTOR('',#2265,1.);
#2265 = DIRECTION('',(0.,1.,0.));
#2266 = ORIENTED_EDGE('',*,*,#2267,.F.);
#2267 = EDGE_CURVE('',#2242,#2260,#2268,.T.);
#2268 = LINE('',#2269,#2270);
#2269 = CARTESIAN_POINT('',(5.6,6.8,1.));
#2270 = VECTOR('',#2271,1.);
#2271 = DIRECTION('',(1.,0.,-0.));
#2272 = FACE_BOUND('',#2273,.T.);
#2273 = EDGE_LOOP('',(#2274,#2284,#2292,#2300));
#2274 = ORIENTED_EDGE('',*,*,#2275,.T.);
#2275 = EDGE_CURVE('',#2276,#2278,#2280,.T.);
#2276 = VERTEX_POINT('',#2277);
#2277 = CARTESIAN_POINT('',(4.15,15.85,1.));
#2278 = VERTEX_POINT('',#2279);
#2279 = CARTESIAN_POINT('',(4.15,13.35,1.));
#2280 = LINE('',#2281,#2282);
#2281 = CARTESIAN_POINT('',(4.15,15.85,1.));
#2282 = VECTOR('',#2283,1.);
#2283 = DIRECTION('',(0.,-1.,0.));
#2284 = ORIENTED_EDGE('',*,*,#2285,.T.);
#2285 = EDGE_CURVE('',#2278,#2286,#2288,.T.);
#2286 = VERTEX_POINT('',#2287);
#2287 = CARTESIAN_POINT('',(1.65,13.35,1.));
#2288 = LINE('',#2289,#2290);
#2289 = CARTESIAN_POINT('',(4.15,13.35,1.));
#2290 = VECTOR('',#2291,1.);
#2291 = DIRECTION('',(-1.,0.,0.));
#2292 = ORIENTED_EDGE('',*,*,#2293,.F.);
#2293 = EDGE_CURVE('',#2294,#2286,#2296,.T.);
#2294 = VERTEX_POINT('',#2295);
#2295 = CARTESIAN_POINT('',(1.65,15.85,1.));
#2296 = LINE('',#2297,#2298);
#2297 = CARTESIAN_POINT('',(1.65,15.85,1.));
#2298 = VECTOR('',#2299,1.);
#2299 = DIRECTION('',(0.,-1.,0.));
#2300 = ORIENTED_EDGE('',*,*,#2301,.F.);
#2301 = EDGE_CURVE('',#2276,#2294,#2302,.T.);
#2302 = LINE('',#2303,#2304);
#2303 = CARTESIAN_POINT('',(4.15,15.85,1.));
#2304 = VECTOR('',#2305,1.);
#2305 = DIRECTION('',(-1.,0.,0.));
#2306 = FACE_BOUND('',#2307,.T.);
#2307 = EDGE_LOOP('',(#2308,#2318,#2326,#2334));
#2308 = ORIENTED_EDGE('',*,*,#2309,.T.);
#2309 = EDGE_CURVE('',#2310,#2312,#2314,.T.);
#2310 = VERTEX_POINT('',#2311);
#2311 = CARTESIAN_POINT('',(1.9,16.475,1.));
#2312 = VERTEX_POINT('',#2313);
#2313 = CARTESIAN_POINT('',(1.9,17.725,1.));
#2314 = LINE('',#2315,#2316);
#2315 = CARTESIAN_POINT('',(1.9,16.475,1.));
#2316 = VECTOR('',#2317,1.);
#2317 = DIRECTION('',(0.,1.,0.));
#2318 = ORIENTED_EDGE('',*,*,#2319,.T.);
#2319 = EDGE_CURVE('',#2312,#2320,#2322,.T.);
#2320 = VERTEX_POINT('',#2321);
#2321 = CARTESIAN_POINT('',(3.9,17.725,1.));
#2322 = LINE('',#2323,#2324);
#2323 = CARTESIAN_POINT('',(1.9,17.725,1.));
#2324 = VECTOR('',#2325,1.);
#2325 = DIRECTION('',(1.,0.,-0.));
#2326 = ORIENTED_EDGE('',*,*,#2327,.F.);
#2327 = EDGE_CURVE('',#2328,#2320,#2330,.T.);
#2328 = VERTEX_POINT('',#2329);
#2329 = CARTESIAN_POINT('',(3.9,16.475,1.));
#2330 = LINE('',#2331,#2332);
#2331 = CARTESIAN_POINT('',(3.9,16.475,1.));
#2332 = VECTOR('',#2333,1.);
#2333 = DIRECTION('',(0.,1.,0.));
#2334 = ORIENTED_EDGE('',*,*,#2335,.F.);
#2335 = EDGE_CURVE('',#2310,#2328,#2336,.T.);
#2336 = LINE('',#2337,#2338);
#2337 = CARTESIAN_POINT('',(1.9,16.475,1.));
#2338 = VECTOR('',#2339,1.);
#2339 = DIRECTION('',(1.,0.,-0.));
#2340 = FACE_BOUND('',#2341,.T.);
#2341 = EDGE_LOOP('',(#2342,#2352,#2360,#2368));
#2342 = ORIENTED_EDGE('',*,*,#2343,.T.);
#2343 = EDGE_CURVE('',#2344,#2346,#2348,.T.);
#2344 = VERTEX_POINT('',#2345);
#2345 = CARTESIAN_POINT('',(5.,13.35,1.));
#2346 = VERTEX_POINT('',#2347);
#2347 = CARTESIAN_POINT('',(5.,15.85,1.));
#2348 = LINE('',#2349,#2350);
#2349 = CARTESIAN_POINT('',(5.,13.35,1.));
#2350 = VECTOR('',#2351,1.);
#2351 = DIRECTION('',(0.,1.,0.));
#2352 = ORIENTED_EDGE('',*,*,#2353,.T.);
#2353 = EDGE_CURVE('',#2346,#2354,#2356,.T.);
#2354 = VERTEX_POINT('',#2355);
#2355 = CARTESIAN_POINT('',(7.,15.85,1.));
#2356 = LINE('',#2357,#2358);
#2357 = CARTESIAN_POINT('',(5.,15.85,1.));
#2358 = VECTOR('',#2359,1.);
#2359 = DIRECTION('',(1.,0.,-0.));
#2360 = ORIENTED_EDGE('',*,*,#2361,.F.);
#2361 = EDGE_CURVE('',#2362,#2354,#2364,.T.);
#2362 = VERTEX_POINT('',#2363);
#2363 = CARTESIAN_POINT('',(7.,13.35,1.));
#2364 = LINE('',#2365,#2366);
#2365 = CARTESIAN_POINT('',(7.,13.35,1.));
#2366 = VECTOR('',#2367,1.);
#2367 = DIRECTION('',(0.,1.,0.));
#2368 = ORIENTED_EDGE('',*,*,#2369,.F.);
#2369 = EDGE_CURVE('',#2344,#2362,#2370,.T.);
#2370 = LINE('',#2371,#2372);
#2371 = CARTESIAN_POINT('',(5.,13.35,1.));
#2372 = VECTOR('',#2373,1.);
#2373 = DIRECTION('',(1.,0.,-0.));
#2374 = FACE_BOUND('',#2375,.T.);
#2375 = EDGE_LOOP('',(#2376,#2386,#2394,#2402,#2410,#2418,#2426,#2434,
    #2442,#2450,#2458,#2466));
#2376 = ORIENTED_EDGE('',*,*,#2377,.T.);
#2377 = EDGE_CURVE('',#2378,#2380,#2382,.T.);
#2378 = VERTEX_POINT('',#2379);
#2379 = CARTESIAN_POINT('',(5.175,17.55,1.));
#2380 = VERTEX_POINT('',#2381);
#2381 = CARTESIAN_POINT('',(5.175,20.25,1.));
#2382 = LINE('',#2383,#2384);
#2383 = CARTESIAN_POINT('',(5.175,17.55,1.));
#2384 = VECTOR('',#2385,1.);
#2385 = DIRECTION('',(0.,1.,0.));
#2386 = ORIENTED_EDGE('',*,*,#2387,.T.);
#2387 = EDGE_CURVE('',#2380,#2388,#2390,.T.);
#2388 = VERTEX_POINT('',#2389);
#2389 = CARTESIAN_POINT('',(5.55,20.25,1.));
#2390 = LINE('',#2391,#2392);
#2391 = CARTESIAN_POINT('',(5.175,20.25,1.));
#2392 = VECTOR('',#2393,1.);
#2393 = DIRECTION('',(1.,0.,-0.));
#2394 = ORIENTED_EDGE('',*,*,#2395,.F.);
#2395 = EDGE_CURVE('',#2396,#2388,#2398,.T.);
#2396 = VERTEX_POINT('',#2397);
#2397 = CARTESIAN_POINT('',(5.55,20.7,1.));
#2398 = LINE('',#2399,#2400);
#2399 = CARTESIAN_POINT('',(5.55,20.7,1.));
#2400 = VECTOR('',#2401,1.);
#2401 = DIRECTION('',(0.,-1.,0.));
#2402 = ORIENTED_EDGE('',*,*,#2403,.T.);
#2403 = EDGE_CURVE('',#2396,#2404,#2406,.T.);
#2404 = VERTEX_POINT('',#2405);
#2405 = CARTESIAN_POINT('',(6.45,20.7,1.));
#2406 = LINE('',#2407,#2408);
#2407 = CARTESIAN_POINT('',(5.55,20.7,1.));
#2408 = VECTOR('',#2409,1.);
#2409 = DIRECTION('',(1.,0.,-0.));
#2410 = ORIENTED_EDGE('',*,*,#2411,.T.);
#2411 = EDGE_CURVE('',#2404,#2412,#2414,.T.);
#2412 = VERTEX_POINT('',#2413);
#2413 = CARTESIAN_POINT('',(6.45,20.25,1.));
#2414 = LINE('',#2415,#2416);
#2415 = CARTESIAN_POINT('',(6.45,20.7,1.));
#2416 = VECTOR('',#2417,1.);
#2417 = DIRECTION('',(0.,-1.,0.));
#2418 = ORIENTED_EDGE('',*,*,#2419,.T.);
#2419 = EDGE_CURVE('',#2412,#2420,#2422,.T.);
#2420 = VERTEX_POINT('',#2421);
#2421 = CARTESIAN_POINT('',(6.825,20.25,1.));
#2422 = LINE('',#2423,#2424);
#2423 = CARTESIAN_POINT('',(5.175,20.25,1.));
#2424 = VECTOR('',#2425,1.);
#2425 = DIRECTION('',(1.,0.,-0.));
#2426 = ORIENTED_EDGE('',*,*,#2427,.F.);
#2427 = EDGE_CURVE('',#2428,#2420,#2430,.T.);
#2428 = VERTEX_POINT('',#2429);
#2429 = CARTESIAN_POINT('',(6.825,17.55,1.));
#2430 = LINE('',#2431,#2432);
#2431 = CARTESIAN_POINT('',(6.825,17.55,1.));
#2432 = VECTOR('',#2433,1.);
#2433 = DIRECTION('',(0.,1.,0.));
#2434 = ORIENTED_EDGE('',*,*,#2435,.F.);
#2435 = EDGE_CURVE('',#2436,#2428,#2438,.T.);
#2436 = VERTEX_POINT('',#2437);
#2437 = CARTESIAN_POINT('',(6.45,17.55,1.));
#2438 = LINE('',#2439,#2440);
#2439 = CARTESIAN_POINT('',(5.175,17.55,1.));
#2440 = VECTOR('',#2441,1.);
#2441 = DIRECTION('',(1.,0.,-0.));
#2442 = ORIENTED_EDGE('',*,*,#2443,.F.);
#2443 = EDGE_CURVE('',#2444,#2436,#2446,.T.);
#2444 = VERTEX_POINT('',#2445);
#2445 = CARTESIAN_POINT('',(6.45,17.1,1.));
#2446 = LINE('',#2447,#2448);
#2447 = CARTESIAN_POINT('',(6.45,17.1,1.));
#2448 = VECTOR('',#2449,1.);
#2449 = DIRECTION('',(0.,1.,0.));
#2450 = ORIENTED_EDGE('',*,*,#2451,.F.);
#2451 = EDGE_CURVE('',#2452,#2444,#2454,.T.);
#2452 = VERTEX_POINT('',#2453);
#2453 = CARTESIAN_POINT('',(5.55,17.1,1.));
#2454 = LINE('',#2455,#2456);
#2455 = CARTESIAN_POINT('',(5.55,17.1,1.));
#2456 = VECTOR('',#2457,1.);
#2457 = DIRECTION('',(1.,0.,-0.));
#2458 = ORIENTED_EDGE('',*,*,#2459,.T.);
#2459 = EDGE_CURVE('',#2452,#2460,#2462,.T.);
#2460 = VERTEX_POINT('',#2461);
#2461 = CARTESIAN_POINT('',(5.55,17.55,1.));
#2462 = LINE('',#2463,#2464);
#2463 = CARTESIAN_POINT('',(5.55,17.1,1.));
#2464 = VECTOR('',#2465,1.);
#2465 = DIRECTION('',(0.,1.,0.));
#2466 = ORIENTED_EDGE('',*,*,#2467,.F.);
#2467 = EDGE_CURVE('',#2378,#2460,#2468,.T.);
#2468 = LINE('',#2469,#2470);
#2469 = CARTESIAN_POINT('',(5.175,17.55,1.));
#2470 = VECTOR('',#2471,1.);
#2471 = DIRECTION('',(1.,0.,-0.));
#2472 = FACE_BOUND('',#2473,.T.);
#2473 = EDGE_LOOP('',(#2474));
#2474 = ORIENTED_EDGE('',*,*,#2475,.F.);
#2475 = EDGE_CURVE('',#2476,#2476,#2478,.T.);
#2476 = VERTEX_POINT('',#2477);
#2477 = CARTESIAN_POINT('',(3.8,23.5,1.));
#2478 = CIRCLE('',#2479,1.9);
#2479 = AXIS2_PLACEMENT_3D('',#2480,#2481,#2482);
#2480 = CARTESIAN_POINT('',(5.7,23.5,1.));
#2481 = DIRECTION('',(0.,0.,1.));
#2482 = DIRECTION('',(-1.,0.,0.));
#2483 = PLANE('',#2484);
#2484 = AXIS2_PLACEMENT_3D('',#2485,#2486,#2487);
#2485 = CARTESIAN_POINT('',(4.3E-16,1.14E-15,1.));
#2486 = DIRECTION('',(0.,0.,1.));
#2487 = DIRECTION('',(1.,0.,-0.));
#2488 = ADVANCED_FACE('',(#2489),#2500,.T.);
#2489 = FACE_BOUND('',#2490,.T.);
#2490 = EDGE_LOOP('',(#2491,#2492,#2493,#2494));
#2491 = ORIENTED_EDGE('',*,*,#265,.F.);
#2492 = ORIENTED_EDGE('',*,*,#2153,.T.);
#2493 = ORIENTED_EDGE('',*,*,#322,.T.);
#2494 = ORIENTED_EDGE('',*,*,#2495,.F.);
#2495 = EDGE_CURVE('',#258,#315,#2496,.T.);
#2496 = LINE('',#2497,#2498);
#2497 = CARTESIAN_POINT('',(-4.9,20.3,1.3));
#2498 = VECTOR('',#2499,1.);
#2499 = DIRECTION('',(0.,1.,0.));
#2500 = PLANE('',#2501);
#2501 = AXIS2_PLACEMENT_3D('',#2502,#2503,#2504);
#2502 = CARTESIAN_POINT('',(-4.9,20.3,1.));
#2503 = DIRECTION('',(1.,0.,-0.));
#2504 = DIRECTION('',(0.,0.,1.));
#2505 = ADVANCED_FACE('',(#2506),#2512,.T.);
#2506 = FACE_BOUND('',#2507,.T.);
#2507 = EDGE_LOOP('',(#2508,#2509,#2510,#2511));
#2508 = ORIENTED_EDGE('',*,*,#314,.F.);
#2509 = ORIENTED_EDGE('',*,*,#280,.F.);
#2510 = ORIENTED_EDGE('',*,*,#257,.T.);
#2511 = ORIENTED_EDGE('',*,*,#2495,.T.);
#2512 = PLANE('',#2513);
#2513 = AXIS2_PLACEMENT_3D('',#2514,#2515,#2516);
#2514 = CARTESIAN_POINT('',(-6.5,20.3,1.3));
#2515 = DIRECTION('',(0.,0.,1.));
#2516 = DIRECTION('',(1.,0.,-0.));
#2517 = ADVANCED_FACE('',(#2518),#2543,.T.);
#2518 = FACE_BOUND('',#2519,.T.);
#2519 = EDGE_LOOP('',(#2520,#2530,#2536,#2537));
#2520 = ORIENTED_EDGE('',*,*,#2521,.F.);
#2521 = EDGE_CURVE('',#2522,#2524,#2526,.T.);
#2522 = VERTEX_POINT('',#2523);
#2523 = CARTESIAN_POINT('',(-10.5,-25.,0.));
#2524 = VERTEX_POINT('',#2525);
#2525 = CARTESIAN_POINT('',(-10.5,-24.93,5.E-15));
#2526 = LINE('',#2527,#2528);
#2527 = CARTESIAN_POINT('',(-10.5,-25.,0.));
#2528 = VECTOR('',#2529,1.);
#2529 = DIRECTION('',(0.,1.,0.));
#2530 = ORIENTED_EDGE('',*,*,#2531,.T.);
#2531 = EDGE_CURVE('',#2522,#354,#2532,.T.);
#2532 = LINE('',#2533,#2534);
#2533 = CARTESIAN_POINT('',(-10.5,-25.,0.));
#2534 = VECTOR('',#2535,1.);
#2535 = DIRECTION('',(0.,0.,1.));
#2536 = ORIENTED_EDGE('',*,*,#353,.T.);
#2537 = ORIENTED_EDGE('',*,*,#2538,.F.);
#2538 = EDGE_CURVE('',#2524,#356,#2539,.T.);
#2539 = LINE('',#2540,#2541);
#2540 = CARTESIAN_POINT('',(-10.5,-24.93,5.E-15));
#2541 = VECTOR('',#2542,1.);
#2542 = DIRECTION('',(0.,0.,1.));
#2543 = PLANE('',#2544);
#2544 = AXIS2_PLACEMENT_3D('',#2545,#2546,#2547);
#2545 = CARTESIAN_POINT('',(-10.5,-25.,0.));
#2546 = DIRECTION('',(-1.,0.,0.));
#2547 = DIRECTION('',(0.,1.,0.));
#2548 = ADVANCED_FACE('',(#2549,#2577),#2588,.T.);
#2549 = FACE_BOUND('',#2550,.T.);
#2550 = EDGE_LOOP('',(#2551,#2559,#2560,#2561,#2562,#2570));
#2551 = ORIENTED_EDGE('',*,*,#2552,.F.);
#2552 = EDGE_CURVE('',#356,#2553,#2555,.T.);
#2553 = VERTEX_POINT('',#2554);
#2554 = CARTESIAN_POINT('',(-10.5,-24.62989998999,1.));
#2555 = LINE('',#2556,#2557);
#2556 = CARTESIAN_POINT('',(-10.5,-25.,1.));
#2557 = VECTOR('',#2558,1.);
#2558 = DIRECTION('',(0.,1.,0.));
#2559 = ORIENTED_EDGE('',*,*,#2019,.F.);
#2560 = ORIENTED_EDGE('',*,*,#2010,.T.);
#2561 = ORIENTED_EDGE('',*,*,#2002,.T.);
#2562 = ORIENTED_EDGE('',*,*,#2563,.F.);
#2563 = EDGE_CURVE('',#2564,#1995,#2566,.T.);
#2564 = VERTEX_POINT('',#2565);
#2565 = CARTESIAN_POINT('',(-10.5,-23.63010001,1.));
#2566 = LINE('',#2567,#2568);
#2567 = CARTESIAN_POINT('',(-10.5,-25.,1.));
#2568 = VECTOR('',#2569,1.);
#2569 = DIRECTION('',(0.,1.,0.));
#2570 = ORIENTED_EDGE('',*,*,#2571,.F.);
#2571 = EDGE_CURVE('',#2553,#2564,#2572,.T.);
#2572 = CIRCLE('',#2573,0.5);
#2573 = AXIS2_PLACEMENT_3D('',#2574,#2575,#2576);
#2574 = CARTESIAN_POINT('',(-10.49,-24.13,1.));
#2575 = DIRECTION('',(0.,0.,1.));
#2576 = DIRECTION('',(1.,0.,-0.));
#2577 = FACE_BOUND('',#2578,.T.);
#2578 = EDGE_LOOP('',(#2579));
#2579 = ORIENTED_EDGE('',*,*,#2580,.F.);
#2580 = EDGE_CURVE('',#2581,#2581,#2583,.T.);
#2581 = VERTEX_POINT('',#2582);
#2582 = CARTESIAN_POINT('',(-9.39,-24.13,1.));
#2583 = CIRCLE('',#2584,0.5);
#2584 = AXIS2_PLACEMENT_3D('',#2585,#2586,#2587);
#2585 = CARTESIAN_POINT('',(-8.89,-24.13,1.));
#2586 = DIRECTION('',(0.,0.,1.));
#2587 = DIRECTION('',(1.,0.,-0.));
#2588 = PLANE('',#2589);
#2589 = AXIS2_PLACEMENT_3D('',#2590,#2591,#2592);
#2590 = CARTESIAN_POINT('',(4.3E-16,1.14E-15,1.));
#2591 = DIRECTION('',(0.,0.,1.));
#2592 = DIRECTION('',(1.,0.,-0.));
#2593 = ADVANCED_FACE('',(#2594),#2619,.T.);
#2594 = FACE_BOUND('',#2595,.T.);
#2595 = EDGE_LOOP('',(#2596,#2606,#2612,#2613));
#2596 = ORIENTED_EDGE('',*,*,#2597,.F.);
#2597 = EDGE_CURVE('',#2598,#2600,#2602,.T.);
#2598 = VERTEX_POINT('',#2599);
#2599 = CARTESIAN_POINT('',(-10.5,-23.33,5.E-15));
#2600 = VERTEX_POINT('',#2601);
#2601 = CARTESIAN_POINT('',(-10.5,-22.39,5.E-15));
#2602 = LINE('',#2603,#2604);
#2603 = CARTESIAN_POINT('',(-10.5,-25.,0.));
#2604 = VECTOR('',#2605,1.);
#2605 = DIRECTION('',(0.,1.,0.));
#2606 = ORIENTED_EDGE('',*,*,#2607,.T.);
#2607 = EDGE_CURVE('',#2598,#1995,#2608,.T.);
#2608 = LINE('',#2609,#2610);
#2609 = CARTESIAN_POINT('',(-10.5,-23.33,5.E-15));
#2610 = VECTOR('',#2611,1.);
#2611 = DIRECTION('',(0.,0.,1.));
#2612 = ORIENTED_EDGE('',*,*,#1994,.T.);
#2613 = ORIENTED_EDGE('',*,*,#2614,.F.);
#2614 = EDGE_CURVE('',#2600,#1987,#2615,.T.);
#2615 = LINE('',#2616,#2617);
#2616 = CARTESIAN_POINT('',(-10.5,-22.39,5.E-15));
#2617 = VECTOR('',#2618,1.);
#2618 = DIRECTION('',(0.,0.,1.));
#2619 = PLANE('',#2620);
#2620 = AXIS2_PLACEMENT_3D('',#2621,#2622,#2623);
#2621 = CARTESIAN_POINT('',(-10.5,-25.,0.));
#2622 = DIRECTION('',(-1.,0.,0.));
#2623 = DIRECTION('',(0.,1.,0.));
#2624 = ADVANCED_FACE('',(#2625,#2653),#2664,.T.);
#2625 = FACE_BOUND('',#2626,.T.);
#2626 = EDGE_LOOP('',(#2627,#2635,#2636,#2637,#2638,#2646));
#2627 = ORIENTED_EDGE('',*,*,#2628,.F.);
#2628 = EDGE_CURVE('',#1987,#2629,#2631,.T.);
#2629 = VERTEX_POINT('',#2630);
#2630 = CARTESIAN_POINT('',(-10.5,-22.08989998999,1.));
#2631 = LINE('',#2632,#2633);
#2632 = CARTESIAN_POINT('',(-10.5,-25.,1.));
#2633 = VECTOR('',#2634,1.);
#2634 = DIRECTION('',(0.,1.,0.));
#2635 = ORIENTED_EDGE('',*,*,#1986,.F.);
#2636 = ORIENTED_EDGE('',*,*,#1977,.T.);
#2637 = ORIENTED_EDGE('',*,*,#1969,.T.);
#2638 = ORIENTED_EDGE('',*,*,#2639,.F.);
#2639 = EDGE_CURVE('',#2640,#1962,#2642,.T.);
#2640 = VERTEX_POINT('',#2641);
#2641 = CARTESIAN_POINT('',(-10.5,-21.09010001,1.));
#2642 = LINE('',#2643,#2644);
#2643 = CARTESIAN_POINT('',(-10.5,-25.,1.));
#2644 = VECTOR('',#2645,1.);
#2645 = DIRECTION('',(0.,1.,0.));
#2646 = ORIENTED_EDGE('',*,*,#2647,.F.);
#2647 = EDGE_CURVE('',#2629,#2640,#2648,.T.);
#2648 = CIRCLE('',#2649,0.5);
#2649 = AXIS2_PLACEMENT_3D('',#2650,#2651,#2652);
#2650 = CARTESIAN_POINT('',(-10.49,-21.59,1.));
#2651 = DIRECTION('',(0.,0.,1.));
#2652 = DIRECTION('',(1.,0.,-0.));
#2653 = FACE_BOUND('',#2654,.T.);
#2654 = EDGE_LOOP('',(#2655));
#2655 = ORIENTED_EDGE('',*,*,#2656,.F.);
#2656 = EDGE_CURVE('',#2657,#2657,#2659,.T.);
#2657 = VERTEX_POINT('',#2658);
#2658 = CARTESIAN_POINT('',(-9.39,-21.59,1.));
#2659 = CIRCLE('',#2660,0.5);
#2660 = AXIS2_PLACEMENT_3D('',#2661,#2662,#2663);
#2661 = CARTESIAN_POINT('',(-8.89,-21.59,1.));
#2662 = DIRECTION('',(0.,0.,1.));
#2663 = DIRECTION('',(1.,0.,-0.));
#2664 = PLANE('',#2665);
#2665 = AXIS2_PLACEMENT_3D('',#2666,#2667,#2668);
#2666 = CARTESIAN_POINT('',(4.3E-16,1.14E-15,1.));
#2667 = DIRECTION('',(0.,0.,1.));
#2668 = DIRECTION('',(1.,0.,-0.));
#2669 = ADVANCED_FACE('',(#2670),#2695,.T.);
#2670 = FACE_BOUND('',#2671,.T.);
#2671 = EDGE_LOOP('',(#2672,#2682,#2688,#2689));
#2672 = ORIENTED_EDGE('',*,*,#2673,.F.);
#2673 = EDGE_CURVE('',#2674,#2676,#2678,.T.);
#2674 = VERTEX_POINT('',#2675);
#2675 = CARTESIAN_POINT('',(-10.5,-20.79,5.E-15));
#2676 = VERTEX_POINT('',#2677);
#2677 = CARTESIAN_POINT('',(-10.5,-19.85,4.E-15));
#2678 = LINE('',#2679,#2680);
#2679 = CARTESIAN_POINT('',(-10.5,-25.,0.));
#2680 = VECTOR('',#2681,1.);
#2681 = DIRECTION('',(0.,1.,0.));
#2682 = ORIENTED_EDGE('',*,*,#2683,.T.);
#2683 = EDGE_CURVE('',#2674,#1962,#2684,.T.);
#2684 = LINE('',#2685,#2686);
#2685 = CARTESIAN_POINT('',(-10.5,-20.79,5.E-15));
#2686 = VECTOR('',#2687,1.);
#2687 = DIRECTION('',(0.,0.,1.));
#2688 = ORIENTED_EDGE('',*,*,#1961,.T.);
#2689 = ORIENTED_EDGE('',*,*,#2690,.F.);
#2690 = EDGE_CURVE('',#2676,#1954,#2691,.T.);
#2691 = LINE('',#2692,#2693);
#2692 = CARTESIAN_POINT('',(-10.5,-19.85,4.E-15));
#2693 = VECTOR('',#2694,1.);
#2694 = DIRECTION('',(0.,0.,1.));
#2695 = PLANE('',#2696);
#2696 = AXIS2_PLACEMENT_3D('',#2697,#2698,#2699);
#2697 = CARTESIAN_POINT('',(-10.5,-25.,0.));
#2698 = DIRECTION('',(-1.,0.,0.));
#2699 = DIRECTION('',(0.,1.,0.));
#2700 = ADVANCED_FACE('',(#2701,#2731),#2742,.T.);
#2701 = FACE_BOUND('',#2702,.T.);
#2702 = EDGE_LOOP('',(#2703,#2711,#2712,#2713,#2714,#2715,#2716,#2724));
#2703 = ORIENTED_EDGE('',*,*,#2704,.F.);
#2704 = EDGE_CURVE('',#1954,#2705,#2707,.T.);
#2705 = VERTEX_POINT('',#2706);
#2706 = CARTESIAN_POINT('',(-10.5,-19.54989998999,1.));
#2707 = LINE('',#2708,#2709);
#2708 = CARTESIAN_POINT('',(-10.5,-25.,1.));
#2709 = VECTOR('',#2710,1.);
#2710 = DIRECTION('',(0.,1.,0.));
#2711 = ORIENTED_EDGE('',*,*,#1953,.F.);
#2712 = ORIENTED_EDGE('',*,*,#1944,.T.);
#2713 = ORIENTED_EDGE('',*,*,#1936,.F.);
#2714 = ORIENTED_EDGE('',*,*,#1927,.T.);
#2715 = ORIENTED_EDGE('',*,*,#1919,.T.);
#2716 = ORIENTED_EDGE('',*,*,#2717,.F.);
#2717 = EDGE_CURVE('',#2718,#1912,#2720,.T.);
#2718 = VERTEX_POINT('',#2719);
#2719 = CARTESIAN_POINT('',(-10.5,-18.55010001,1.));
#2720 = LINE('',#2721,#2722);
#2721 = CARTESIAN_POINT('',(-10.5,-25.,1.));
#2722 = VECTOR('',#2723,1.);
#2723 = DIRECTION('',(0.,1.,0.));
#2724 = ORIENTED_EDGE('',*,*,#2725,.F.);
#2725 = EDGE_CURVE('',#2705,#2718,#2726,.T.);
#2726 = CIRCLE('',#2727,0.5);
#2727 = AXIS2_PLACEMENT_3D('',#2728,#2729,#2730);
#2728 = CARTESIAN_POINT('',(-10.49,-19.05,1.));
#2729 = DIRECTION('',(0.,0.,1.));
#2730 = DIRECTION('',(1.,0.,-0.));
#2731 = FACE_BOUND('',#2732,.T.);
#2732 = EDGE_LOOP('',(#2733));
#2733 = ORIENTED_EDGE('',*,*,#2734,.F.);
#2734 = EDGE_CURVE('',#2735,#2735,#2737,.T.);
#2735 = VERTEX_POINT('',#2736);
#2736 = CARTESIAN_POINT('',(-9.39,-19.05,1.));
#2737 = CIRCLE('',#2738,0.5);
#2738 = AXIS2_PLACEMENT_3D('',#2739,#2740,#2741);
#2739 = CARTESIAN_POINT('',(-8.89,-19.05,1.));
#2740 = DIRECTION('',(0.,0.,1.));
#2741 = DIRECTION('',(1.,0.,-0.));
#2742 = PLANE('',#2743);
#2743 = AXIS2_PLACEMENT_3D('',#2744,#2745,#2746);
#2744 = CARTESIAN_POINT('',(4.3E-16,1.14E-15,1.));
#2745 = DIRECTION('',(0.,0.,1.));
#2746 = DIRECTION('',(1.,0.,-0.));
#2747 = ADVANCED_FACE('',(#2748),#2773,.T.);
#2748 = FACE_BOUND('',#2749,.T.);
#2749 = EDGE_LOOP('',(#2750,#2760,#2766,#2767));
#2750 = ORIENTED_EDGE('',*,*,#2751,.F.);
#2751 = EDGE_CURVE('',#2752,#2754,#2756,.T.);
#2752 = VERTEX_POINT('',#2753);
#2753 = CARTESIAN_POINT('',(-10.5,-18.24999999999,4.E-15));
#2754 = VERTEX_POINT('',#2755);
#2755 = CARTESIAN_POINT('',(-10.5,-17.31,5.E-15));
#2756 = LINE('',#2757,#2758);
#2757 = CARTESIAN_POINT('',(-10.5,-25.,0.));
#2758 = VECTOR('',#2759,1.);
#2759 = DIRECTION('',(0.,1.,0.));
#2760 = ORIENTED_EDGE('',*,*,#2761,.T.);
#2761 = EDGE_CURVE('',#2752,#1912,#2762,.T.);
#2762 = LINE('',#2763,#2764);
#2763 = CARTESIAN_POINT('',(-10.5,-18.24999999999,4.E-15));
#2764 = VECTOR('',#2765,1.);
#2765 = DIRECTION('',(0.,0.,1.));
#2766 = ORIENTED_EDGE('',*,*,#1911,.T.);
#2767 = ORIENTED_EDGE('',*,*,#2768,.F.);
#2768 = EDGE_CURVE('',#2754,#1904,#2769,.T.);
#2769 = LINE('',#2770,#2771);
#2770 = CARTESIAN_POINT('',(-10.5,-17.31,5.E-15));
#2771 = VECTOR('',#2772,1.);
#2772 = DIRECTION('',(0.,0.,1.));
#2773 = PLANE('',#2774);
#2774 = AXIS2_PLACEMENT_3D('',#2775,#2776,#2777);
#2775 = CARTESIAN_POINT('',(-10.5,-25.,0.));
#2776 = DIRECTION('',(-1.,0.,0.));
#2777 = DIRECTION('',(0.,1.,0.));
#2778 = ADVANCED_FACE('',(#2779,#2807),#2818,.T.);
#2779 = FACE_BOUND('',#2780,.T.);
#2780 = EDGE_LOOP('',(#2781,#2789,#2790,#2791,#2792,#2800));
#2781 = ORIENTED_EDGE('',*,*,#2782,.F.);
#2782 = EDGE_CURVE('',#1904,#2783,#2785,.T.);
#2783 = VERTEX_POINT('',#2784);
#2784 = CARTESIAN_POINT('',(-10.5,-17.00989998999,1.));
#2785 = LINE('',#2786,#2787);
#2786 = CARTESIAN_POINT('',(-10.5,-25.,1.));
#2787 = VECTOR('',#2788,1.);
#2788 = DIRECTION('',(0.,1.,0.));
#2789 = ORIENTED_EDGE('',*,*,#1903,.F.);
#2790 = ORIENTED_EDGE('',*,*,#1894,.T.);
#2791 = ORIENTED_EDGE('',*,*,#1886,.T.);
#2792 = ORIENTED_EDGE('',*,*,#2793,.F.);
#2793 = EDGE_CURVE('',#2794,#1879,#2796,.T.);
#2794 = VERTEX_POINT('',#2795);
#2795 = CARTESIAN_POINT('',(-10.5,-16.01010001,1.));
#2796 = LINE('',#2797,#2798);
#2797 = CARTESIAN_POINT('',(-10.5,-25.,1.));
#2798 = VECTOR('',#2799,1.);
#2799 = DIRECTION('',(0.,1.,0.));
#2800 = ORIENTED_EDGE('',*,*,#2801,.F.);
#2801 = EDGE_CURVE('',#2783,#2794,#2802,.T.);
#2802 = CIRCLE('',#2803,0.5);
#2803 = AXIS2_PLACEMENT_3D('',#2804,#2805,#2806);
#2804 = CARTESIAN_POINT('',(-10.49,-16.51,1.));
#2805 = DIRECTION('',(0.,0.,1.));
#2806 = DIRECTION('',(1.,0.,-0.));
#2807 = FACE_BOUND('',#2808,.T.);
#2808 = EDGE_LOOP('',(#2809));
#2809 = ORIENTED_EDGE('',*,*,#2810,.F.);
#2810 = EDGE_CURVE('',#2811,#2811,#2813,.T.);
#2811 = VERTEX_POINT('',#2812);
#2812 = CARTESIAN_POINT('',(-9.39,-16.51,1.));
#2813 = CIRCLE('',#2814,0.5);
#2814 = AXIS2_PLACEMENT_3D('',#2815,#2816,#2817);
#2815 = CARTESIAN_POINT('',(-8.89,-16.51,1.));
#2816 = DIRECTION('',(0.,0.,1.));
#2817 = DIRECTION('',(1.,0.,-0.));
#2818 = PLANE('',#2819);
#2819 = AXIS2_PLACEMENT_3D('',#2820,#2821,#2822);
#2820 = CARTESIAN_POINT('',(4.3E-16,1.14E-15,1.));
#2821 = DIRECTION('',(0.,0.,1.));
#2822 = DIRECTION('',(1.,0.,-0.));
#2823 = ADVANCED_FACE('',(#2824),#2849,.T.);
#2824 = FACE_BOUND('',#2825,.T.);
#2825 = EDGE_LOOP('',(#2826,#2836,#2842,#2843));
#2826 = ORIENTED_EDGE('',*,*,#2827,.F.);
#2827 = EDGE_CURVE('',#2828,#2830,#2832,.T.);
#2828 = VERTEX_POINT('',#2829);
#2829 = CARTESIAN_POINT('',(-10.5,-15.71,5.E-15));
#2830 = VERTEX_POINT('',#2831);
#2831 = CARTESIAN_POINT('',(-10.5,-14.77,4.E-15));
#2832 = LINE('',#2833,#2834);
#2833 = CARTESIAN_POINT('',(-10.5,-25.,0.));
#2834 = VECTOR('',#2835,1.);
#2835 = DIRECTION('',(0.,1.,0.));
#2836 = ORIENTED_EDGE('',*,*,#2837,.T.);
#2837 = EDGE_CURVE('',#2828,#1879,#2838,.T.);
#2838 = LINE('',#2839,#2840);
#2839 = CARTESIAN_POINT('',(-10.5,-15.71,5.E-15));
#2840 = VECTOR('',#2841,1.);
#2841 = DIRECTION('',(0.,0.,1.));
#2842 = ORIENTED_EDGE('',*,*,#1878,.T.);
#2843 = ORIENTED_EDGE('',*,*,#2844,.F.);
#2844 = EDGE_CURVE('',#2830,#1871,#2845,.T.);
#2845 = LINE('',#2846,#2847);
#2846 = CARTESIAN_POINT('',(-10.5,-14.77,4.E-15));
#2847 = VECTOR('',#2848,1.);
#2848 = DIRECTION('',(0.,0.,1.));
#2849 = PLANE('',#2850);
#2850 = AXIS2_PLACEMENT_3D('',#2851,#2852,#2853);
#2851 = CARTESIAN_POINT('',(-10.5,-25.,0.));
#2852 = DIRECTION('',(-1.,0.,0.));
#2853 = DIRECTION('',(0.,1.,0.));
#2854 = ADVANCED_FACE('',(#2855,#2883),#2894,.T.);
#2855 = FACE_BOUND('',#2856,.T.);
#2856 = EDGE_LOOP('',(#2857,#2865,#2866,#2867,#2868,#2876));
#2857 = ORIENTED_EDGE('',*,*,#2858,.F.);
#2858 = EDGE_CURVE('',#1871,#2859,#2861,.T.);
#2859 = VERTEX_POINT('',#2860);
#2860 = CARTESIAN_POINT('',(-10.5,-14.46989998999,1.));
#2861 = LINE('',#2862,#2863);
#2862 = CARTESIAN_POINT('',(-10.5,-25.,1.));
#2863 = VECTOR('',#2864,1.);
#2864 = DIRECTION('',(0.,1.,0.));
#2865 = ORIENTED_EDGE('',*,*,#1870,.F.);
#2866 = ORIENTED_EDGE('',*,*,#1861,.T.);
#2867 = ORIENTED_EDGE('',*,*,#1853,.T.);
#2868 = ORIENTED_EDGE('',*,*,#2869,.F.);
#2869 = EDGE_CURVE('',#2870,#1846,#2872,.T.);
#2870 = VERTEX_POINT('',#2871);
#2871 = CARTESIAN_POINT('',(-10.5,-13.47010001,1.));
#2872 = LINE('',#2873,#2874);
#2873 = CARTESIAN_POINT('',(-10.5,-25.,1.));
#2874 = VECTOR('',#2875,1.);
#2875 = DIRECTION('',(0.,1.,0.));
#2876 = ORIENTED_EDGE('',*,*,#2877,.F.);
#2877 = EDGE_CURVE('',#2859,#2870,#2878,.T.);
#2878 = CIRCLE('',#2879,0.5);
#2879 = AXIS2_PLACEMENT_3D('',#2880,#2881,#2882);
#2880 = CARTESIAN_POINT('',(-10.49,-13.97,1.));
#2881 = DIRECTION('',(0.,0.,1.));
#2882 = DIRECTION('',(1.,0.,-0.));
#2883 = FACE_BOUND('',#2884,.T.);
#2884 = EDGE_LOOP('',(#2885));
#2885 = ORIENTED_EDGE('',*,*,#2886,.F.);
#2886 = EDGE_CURVE('',#2887,#2887,#2889,.T.);
#2887 = VERTEX_POINT('',#2888);
#2888 = CARTESIAN_POINT('',(-9.39,-13.97,1.));
#2889 = CIRCLE('',#2890,0.5);
#2890 = AXIS2_PLACEMENT_3D('',#2891,#2892,#2893);
#2891 = CARTESIAN_POINT('',(-8.89,-13.97,1.));
#2892 = DIRECTION('',(0.,0.,1.));
#2893 = DIRECTION('',(1.,0.,-0.));
#2894 = PLANE('',#2895);
#2895 = AXIS2_PLACEMENT_3D('',#2896,#2897,#2898);
#2896 = CARTESIAN_POINT('',(4.3E-16,1.14E-15,1.));
#2897 = DIRECTION('',(0.,0.,1.));
#2898 = DIRECTION('',(1.,0.,-0.));
#2899 = ADVANCED_FACE('',(#2900),#2925,.T.);
#2900 = FACE_BOUND('',#2901,.T.);
#2901 = EDGE_LOOP('',(#2902,#2912,#2918,#2919));
#2902 = ORIENTED_EDGE('',*,*,#2903,.F.);
#2903 = EDGE_CURVE('',#2904,#2906,#2908,.T.);
#2904 = VERTEX_POINT('',#2905);
#2905 = CARTESIAN_POINT('',(-10.5,-13.17,4.E-15));
#2906 = VERTEX_POINT('',#2907);
#2907 = CARTESIAN_POINT('',(-10.5,-12.23,4.E-15));
#2908 = LINE('',#2909,#2910);
#2909 = CARTESIAN_POINT('',(-10.5,-25.,0.));
#2910 = VECTOR('',#2911,1.);
#2911 = DIRECTION('',(0.,1.,0.));
#2912 = ORIENTED_EDGE('',*,*,#2913,.T.);
#2913 = EDGE_CURVE('',#2904,#1846,#2914,.T.);
#2914 = LINE('',#2915,#2916);
#2915 = CARTESIAN_POINT('',(-10.5,-13.17,4.E-15));
#2916 = VECTOR('',#2917,1.);
#2917 = DIRECTION('',(0.,0.,1.));
#2918 = ORIENTED_EDGE('',*,*,#1845,.T.);
#2919 = ORIENTED_EDGE('',*,*,#2920,.F.);
#2920 = EDGE_CURVE('',#2906,#1838,#2921,.T.);
#2921 = LINE('',#2922,#2923);
#2922 = CARTESIAN_POINT('',(-10.5,-12.23,4.E-15));
#2923 = VECTOR('',#2924,1.);
#2924 = DIRECTION('',(0.,0.,1.));
#2925 = PLANE('',#2926);
#2926 = AXIS2_PLACEMENT_3D('',#2927,#2928,#2929);
#2927 = CARTESIAN_POINT('',(-10.5,-25.,0.));
#2928 = DIRECTION('',(-1.,0.,0.));
#2929 = DIRECTION('',(0.,1.,0.));
#2930 = ADVANCED_FACE('',(#2931,#2959),#2970,.T.);
#2931 = FACE_BOUND('',#2932,.T.);
#2932 = EDGE_LOOP('',(#2933,#2941,#2942,#2943,#2944,#2952));
#2933 = ORIENTED_EDGE('',*,*,#2934,.F.);
#2934 = EDGE_CURVE('',#1838,#2935,#2937,.T.);
#2935 = VERTEX_POINT('',#2936);
#2936 = CARTESIAN_POINT('',(-10.5,-11.92989998999,1.));
#2937 = LINE('',#2938,#2939);
#2938 = CARTESIAN_POINT('',(-10.5,-25.,1.));
#2939 = VECTOR('',#2940,1.);
#2940 = DIRECTION('',(0.,1.,0.));
#2941 = ORIENTED_EDGE('',*,*,#1837,.F.);
#2942 = ORIENTED_EDGE('',*,*,#1828,.T.);
#2943 = ORIENTED_EDGE('',*,*,#1820,.T.);
#2944 = ORIENTED_EDGE('',*,*,#2945,.F.);
#2945 = EDGE_CURVE('',#2946,#1813,#2948,.T.);
#2946 = VERTEX_POINT('',#2947);
#2947 = CARTESIAN_POINT('',(-10.5,-10.93010001,1.));
#2948 = LINE('',#2949,#2950);
#2949 = CARTESIAN_POINT('',(-10.5,-25.,1.));
#2950 = VECTOR('',#2951,1.);
#2951 = DIRECTION('',(0.,1.,0.));
#2952 = ORIENTED_EDGE('',*,*,#2953,.F.);
#2953 = EDGE_CURVE('',#2935,#2946,#2954,.T.);
#2954 = CIRCLE('',#2955,0.5);
#2955 = AXIS2_PLACEMENT_3D('',#2956,#2957,#2958);
#2956 = CARTESIAN_POINT('',(-10.49,-11.43,1.));
#2957 = DIRECTION('',(0.,0.,1.));
#2958 = DIRECTION('',(1.,0.,-0.));
#2959 = FACE_BOUND('',#2960,.T.);
#2960 = EDGE_LOOP('',(#2961));
#2961 = ORIENTED_EDGE('',*,*,#2962,.F.);
#2962 = EDGE_CURVE('',#2963,#2963,#2965,.T.);
#2963 = VERTEX_POINT('',#2964);
#2964 = CARTESIAN_POINT('',(-9.39,-11.43,1.));
#2965 = CIRCLE('',#2966,0.5);
#2966 = AXIS2_PLACEMENT_3D('',#2967,#2968,#2969);
#2967 = CARTESIAN_POINT('',(-8.89,-11.43,1.));
#2968 = DIRECTION('',(0.,0.,1.));
#2969 = DIRECTION('',(1.,0.,-0.));
#2970 = PLANE('',#2971);
#2971 = AXIS2_PLACEMENT_3D('',#2972,#2973,#2974);
#2972 = CARTESIAN_POINT('',(4.3E-16,1.14E-15,1.));
#2973 = DIRECTION('',(0.,0.,1.));
#2974 = DIRECTION('',(1.,0.,-0.));
#2975 = ADVANCED_FACE('',(#2976),#3001,.T.);
#2976 = FACE_BOUND('',#2977,.T.);
#2977 = EDGE_LOOP('',(#2978,#2988,#2994,#2995));
#2978 = ORIENTED_EDGE('',*,*,#2979,.F.);
#2979 = EDGE_CURVE('',#2980,#2982,#2984,.T.);
#2980 = VERTEX_POINT('',#2981);
#2981 = CARTESIAN_POINT('',(-10.5,-10.63,4.E-15));
#2982 = VERTEX_POINT('',#2983);
#2983 = CARTESIAN_POINT('',(-10.5,-9.69,4.E-15));
#2984 = LINE('',#2985,#2986);
#2985 = CARTESIAN_POINT('',(-10.5,-25.,0.));
#2986 = VECTOR('',#2987,1.);
#2987 = DIRECTION('',(0.,1.,0.));
#2988 = ORIENTED_EDGE('',*,*,#2989,.T.);
#2989 = EDGE_CURVE('',#2980,#1813,#2990,.T.);
#2990 = LINE('',#2991,#2992);
#2991 = CARTESIAN_POINT('',(-10.5,-10.63,4.E-15));
#2992 = VECTOR('',#2993,1.);
#2993 = DIRECTION('',(0.,0.,1.));
#2994 = ORIENTED_EDGE('',*,*,#1812,.T.);
#2995 = ORIENTED_EDGE('',*,*,#2996,.F.);
#2996 = EDGE_CURVE('',#2982,#1805,#2997,.T.);
#2997 = LINE('',#2998,#2999);
#2998 = CARTESIAN_POINT('',(-10.5,-9.69,4.E-15));
#2999 = VECTOR('',#3000,1.);
#3000 = DIRECTION('',(0.,0.,1.));
#3001 = PLANE('',#3002);
#3002 = AXIS2_PLACEMENT_3D('',#3003,#3004,#3005);
#3003 = CARTESIAN_POINT('',(-10.5,-25.,0.));
#3004 = DIRECTION('',(-1.,0.,0.));
#3005 = DIRECTION('',(0.,1.,0.));
#3006 = ADVANCED_FACE('',(#3007,#3035),#3046,.T.);
#3007 = FACE_BOUND('',#3008,.T.);
#3008 = EDGE_LOOP('',(#3009,#3017,#3018,#3019,#3020,#3028));
#3009 = ORIENTED_EDGE('',*,*,#3010,.F.);
#3010 = EDGE_CURVE('',#1805,#3011,#3013,.T.);
#3011 = VERTEX_POINT('',#3012);
#3012 = CARTESIAN_POINT('',(-10.5,-9.389899989998,1.));
#3013 = LINE('',#3014,#3015);
#3014 = CARTESIAN_POINT('',(-10.5,-25.,1.));
#3015 = VECTOR('',#3016,1.);
#3016 = DIRECTION('',(0.,1.,0.));
#3017 = ORIENTED_EDGE('',*,*,#1804,.F.);
#3018 = ORIENTED_EDGE('',*,*,#1795,.T.);
#3019 = ORIENTED_EDGE('',*,*,#1787,.T.);
#3020 = ORIENTED_EDGE('',*,*,#3021,.F.);
#3021 = EDGE_CURVE('',#3022,#1780,#3024,.T.);
#3022 = VERTEX_POINT('',#3023);
#3023 = CARTESIAN_POINT('',(-10.5,-8.390100010002,1.));
#3024 = LINE('',#3025,#3026);
#3025 = CARTESIAN_POINT('',(-10.5,-25.,1.));
#3026 = VECTOR('',#3027,1.);
#3027 = DIRECTION('',(0.,1.,0.));
#3028 = ORIENTED_EDGE('',*,*,#3029,.F.);
#3029 = EDGE_CURVE('',#3011,#3022,#3030,.T.);
#3030 = CIRCLE('',#3031,0.5);
#3031 = AXIS2_PLACEMENT_3D('',#3032,#3033,#3034);
#3032 = CARTESIAN_POINT('',(-10.49,-8.89,1.));
#3033 = DIRECTION('',(0.,0.,1.));
#3034 = DIRECTION('',(1.,0.,-0.));
#3035 = FACE_BOUND('',#3036,.T.);
#3036 = EDGE_LOOP('',(#3037));
#3037 = ORIENTED_EDGE('',*,*,#3038,.F.);
#3038 = EDGE_CURVE('',#3039,#3039,#3041,.T.);
#3039 = VERTEX_POINT('',#3040);
#3040 = CARTESIAN_POINT('',(-9.39,-8.89,1.));
#3041 = CIRCLE('',#3042,0.5);
#3042 = AXIS2_PLACEMENT_3D('',#3043,#3044,#3045);
#3043 = CARTESIAN_POINT('',(-8.89,-8.89,1.));
#3044 = DIRECTION('',(0.,0.,1.));
#3045 = DIRECTION('',(1.,0.,-0.));
#3046 = PLANE('',#3047);
#3047 = AXIS2_PLACEMENT_3D('',#3048,#3049,#3050);
#3048 = CARTESIAN_POINT('',(4.3E-16,1.14E-15,1.));
#3049 = DIRECTION('',(0.,0.,1.));
#3050 = DIRECTION('',(1.,0.,-0.));
#3051 = ADVANCED_FACE('',(#3052),#3077,.T.);
#3052 = FACE_BOUND('',#3053,.T.);
#3053 = EDGE_LOOP('',(#3054,#3064,#3070,#3071));
#3054 = ORIENTED_EDGE('',*,*,#3055,.F.);
#3055 = EDGE_CURVE('',#3056,#3058,#3060,.T.);
#3056 = VERTEX_POINT('',#3057);
#3057 = CARTESIAN_POINT('',(-10.5,-8.09,4.E-15));
#3058 = VERTEX_POINT('',#3059);
#3059 = CARTESIAN_POINT('',(-10.5,-7.150000000001,3.E-15));
#3060 = LINE('',#3061,#3062);
#3061 = CARTESIAN_POINT('',(-10.5,-25.,0.));
#3062 = VECTOR('',#3063,1.);
#3063 = DIRECTION('',(0.,1.,0.));
#3064 = ORIENTED_EDGE('',*,*,#3065,.T.);
#3065 = EDGE_CURVE('',#3056,#1780,#3066,.T.);
#3066 = LINE('',#3067,#3068);
#3067 = CARTESIAN_POINT('',(-10.5,-8.09,4.E-15));
#3068 = VECTOR('',#3069,1.);
#3069 = DIRECTION('',(0.,0.,1.));
#3070 = ORIENTED_EDGE('',*,*,#1779,.T.);
#3071 = ORIENTED_EDGE('',*,*,#3072,.F.);
#3072 = EDGE_CURVE('',#3058,#1772,#3073,.T.);
#3073 = LINE('',#3074,#3075);
#3074 = CARTESIAN_POINT('',(-10.5,-7.150000000001,3.E-15));
#3075 = VECTOR('',#3076,1.);
#3076 = DIRECTION('',(0.,0.,1.));
#3077 = PLANE('',#3078);
#3078 = AXIS2_PLACEMENT_3D('',#3079,#3080,#3081);
#3079 = CARTESIAN_POINT('',(-10.5,-25.,0.));
#3080 = DIRECTION('',(-1.,0.,0.));
#3081 = DIRECTION('',(0.,1.,0.));
#3082 = ADVANCED_FACE('',(#3083,#3113),#3124,.T.);
#3083 = FACE_BOUND('',#3084,.T.);
#3084 = EDGE_LOOP('',(#3085,#3093,#3094,#3095,#3096,#3097,#3098,#3106));
#3085 = ORIENTED_EDGE('',*,*,#3086,.F.);
#3086 = EDGE_CURVE('',#1772,#3087,#3089,.T.);
#3087 = VERTEX_POINT('',#3088);
#3088 = CARTESIAN_POINT('',(-10.5,-6.849899989998,1.));
#3089 = LINE('',#3090,#3091);
#3090 = CARTESIAN_POINT('',(-10.5,-25.,1.));
#3091 = VECTOR('',#3092,1.);
#3092 = DIRECTION('',(0.,1.,0.));
#3093 = ORIENTED_EDGE('',*,*,#1771,.F.);
#3094 = ORIENTED_EDGE('',*,*,#1762,.T.);
#3095 = ORIENTED_EDGE('',*,*,#1754,.F.);
#3096 = ORIENTED_EDGE('',*,*,#1745,.T.);
#3097 = ORIENTED_EDGE('',*,*,#1737,.T.);
#3098 = ORIENTED_EDGE('',*,*,#3099,.F.);
#3099 = EDGE_CURVE('',#3100,#1730,#3102,.T.);
#3100 = VERTEX_POINT('',#3101);
#3101 = CARTESIAN_POINT('',(-10.5,-5.850100010002,1.));
#3102 = LINE('',#3103,#3104);
#3103 = CARTESIAN_POINT('',(-10.5,-25.,1.));
#3104 = VECTOR('',#3105,1.);
#3105 = DIRECTION('',(0.,1.,0.));
#3106 = ORIENTED_EDGE('',*,*,#3107,.F.);
#3107 = EDGE_CURVE('',#3087,#3100,#3108,.T.);
#3108 = CIRCLE('',#3109,0.5);
#3109 = AXIS2_PLACEMENT_3D('',#3110,#3111,#3112);
#3110 = CARTESIAN_POINT('',(-10.49,-6.35,1.));
#3111 = DIRECTION('',(0.,0.,1.));
#3112 = DIRECTION('',(1.,0.,-0.));
#3113 = FACE_BOUND('',#3114,.T.);
#3114 = EDGE_LOOP('',(#3115));
#3115 = ORIENTED_EDGE('',*,*,#3116,.F.);
#3116 = EDGE_CURVE('',#3117,#3117,#3119,.T.);
#3117 = VERTEX_POINT('',#3118);
#3118 = CARTESIAN_POINT('',(-9.39,-6.35,1.));
#3119 = CIRCLE('',#3120,0.5);
#3120 = AXIS2_PLACEMENT_3D('',#3121,#3122,#3123);
#3121 = CARTESIAN_POINT('',(-8.89,-6.35,1.));
#3122 = DIRECTION('',(0.,0.,1.));
#3123 = DIRECTION('',(1.,0.,-0.));
#3124 = PLANE('',#3125);
#3125 = AXIS2_PLACEMENT_3D('',#3126,#3127,#3128);
#3126 = CARTESIAN_POINT('',(4.3E-16,1.14E-15,1.));
#3127 = DIRECTION('',(0.,0.,1.));
#3128 = DIRECTION('',(1.,0.,-0.));
#3129 = ADVANCED_FACE('',(#3130),#3155,.T.);
#3130 = FACE_BOUND('',#3131,.T.);
#3131 = EDGE_LOOP('',(#3132,#3142,#3148,#3149));
#3132 = ORIENTED_EDGE('',*,*,#3133,.F.);
#3133 = EDGE_CURVE('',#3134,#3136,#3138,.T.);
#3134 = VERTEX_POINT('',#3135);
#3135 = CARTESIAN_POINT('',(-10.5,-5.549999999999,3.E-15));
#3136 = VERTEX_POINT('',#3137);
#3137 = CARTESIAN_POINT('',(-10.5,-4.61,3.E-15));
#3138 = LINE('',#3139,#3140);
#3139 = CARTESIAN_POINT('',(-10.5,-25.,0.));
#3140 = VECTOR('',#3141,1.);
#3141 = DIRECTION('',(0.,1.,0.));
#3142 = ORIENTED_EDGE('',*,*,#3143,.T.);
#3143 = EDGE_CURVE('',#3134,#1730,#3144,.T.);
#3144 = LINE('',#3145,#3146);
#3145 = CARTESIAN_POINT('',(-10.5,-5.549999999999,3.E-15));
#3146 = VECTOR('',#3147,1.);
#3147 = DIRECTION('',(0.,0.,1.));
#3148 = ORIENTED_EDGE('',*,*,#1729,.T.);
#3149 = ORIENTED_EDGE('',*,*,#3150,.F.);
#3150 = EDGE_CURVE('',#3136,#1722,#3151,.T.);
#3151 = LINE('',#3152,#3153);
#3152 = CARTESIAN_POINT('',(-10.5,-4.61,3.E-15));
#3153 = VECTOR('',#3154,1.);
#3154 = DIRECTION('',(0.,0.,1.));
#3155 = PLANE('',#3156);
#3156 = AXIS2_PLACEMENT_3D('',#3157,#3158,#3159);
#3157 = CARTESIAN_POINT('',(-10.5,-25.,0.));
#3158 = DIRECTION('',(-1.,0.,0.));
#3159 = DIRECTION('',(0.,1.,0.));
#3160 = ADVANCED_FACE('',(#3161,#3189),#3200,.T.);
#3161 = FACE_BOUND('',#3162,.T.);
#3162 = EDGE_LOOP('',(#3163,#3171,#3172,#3173,#3174,#3182));
#3163 = ORIENTED_EDGE('',*,*,#3164,.F.);
#3164 = EDGE_CURVE('',#1722,#3165,#3167,.T.);
#3165 = VERTEX_POINT('',#3166);
#3166 = CARTESIAN_POINT('',(-10.5,-4.309899989998,1.));
#3167 = LINE('',#3168,#3169);
#3168 = CARTESIAN_POINT('',(-10.5,-25.,1.));
#3169 = VECTOR('',#3170,1.);
#3170 = DIRECTION('',(0.,1.,0.));
#3171 = ORIENTED_EDGE('',*,*,#1721,.F.);
#3172 = ORIENTED_EDGE('',*,*,#1712,.T.);
#3173 = ORIENTED_EDGE('',*,*,#1704,.T.);
#3174 = ORIENTED_EDGE('',*,*,#3175,.F.);
#3175 = EDGE_CURVE('',#3176,#1697,#3178,.T.);
#3176 = VERTEX_POINT('',#3177);
#3177 = CARTESIAN_POINT('',(-10.5,-3.310100010002,1.));
#3178 = LINE('',#3179,#3180);
#3179 = CARTESIAN_POINT('',(-10.5,-25.,1.));
#3180 = VECTOR('',#3181,1.);
#3181 = DIRECTION('',(0.,1.,0.));
#3182 = ORIENTED_EDGE('',*,*,#3183,.F.);
#3183 = EDGE_CURVE('',#3165,#3176,#3184,.T.);
#3184 = CIRCLE('',#3185,0.5);
#3185 = AXIS2_PLACEMENT_3D('',#3186,#3187,#3188);
#3186 = CARTESIAN_POINT('',(-10.49,-3.81,1.));
#3187 = DIRECTION('',(0.,0.,1.));
#3188 = DIRECTION('',(1.,0.,-0.));
#3189 = FACE_BOUND('',#3190,.T.);
#3190 = EDGE_LOOP('',(#3191));
#3191 = ORIENTED_EDGE('',*,*,#3192,.F.);
#3192 = EDGE_CURVE('',#3193,#3193,#3195,.T.);
#3193 = VERTEX_POINT('',#3194);
#3194 = CARTESIAN_POINT('',(-9.39,-3.81,1.));
#3195 = CIRCLE('',#3196,0.5);
#3196 = AXIS2_PLACEMENT_3D('',#3197,#3198,#3199);
#3197 = CARTESIAN_POINT('',(-8.89,-3.81,1.));
#3198 = DIRECTION('',(0.,0.,1.));
#3199 = DIRECTION('',(1.,0.,-0.));
#3200 = PLANE('',#3201);
#3201 = AXIS2_PLACEMENT_3D('',#3202,#3203,#3204);
#3202 = CARTESIAN_POINT('',(4.3E-16,1.14E-15,1.));
#3203 = DIRECTION('',(0.,0.,1.));
#3204 = DIRECTION('',(1.,0.,-0.));
#3205 = ADVANCED_FACE('',(#3206),#3231,.T.);
#3206 = FACE_BOUND('',#3207,.T.);
#3207 = EDGE_LOOP('',(#3208,#3218,#3224,#3225));
#3208 = ORIENTED_EDGE('',*,*,#3209,.F.);
#3209 = EDGE_CURVE('',#3210,#3212,#3214,.T.);
#3210 = VERTEX_POINT('',#3211);
#3211 = CARTESIAN_POINT('',(-10.5,-3.01,3.E-15));
#3212 = VERTEX_POINT('',#3213);
#3213 = CARTESIAN_POINT('',(-10.5,-2.07,3.E-15));
#3214 = LINE('',#3215,#3216);
#3215 = CARTESIAN_POINT('',(-10.5,-25.,0.));
#3216 = VECTOR('',#3217,1.);
#3217 = DIRECTION('',(0.,1.,0.));
#3218 = ORIENTED_EDGE('',*,*,#3219,.T.);
#3219 = EDGE_CURVE('',#3210,#1697,#3220,.T.);
#3220 = LINE('',#3221,#3222);
#3221 = CARTESIAN_POINT('',(-10.5,-3.01,3.E-15));
#3222 = VECTOR('',#3223,1.);
#3223 = DIRECTION('',(0.,0.,1.));
#3224 = ORIENTED_EDGE('',*,*,#1696,.T.);
#3225 = ORIENTED_EDGE('',*,*,#3226,.F.);
#3226 = EDGE_CURVE('',#3212,#1689,#3227,.T.);
#3227 = LINE('',#3228,#3229);
#3228 = CARTESIAN_POINT('',(-10.5,-2.07,3.E-15));
#3229 = VECTOR('',#3230,1.);
#3230 = DIRECTION('',(0.,0.,1.));
#3231 = PLANE('',#3232);
#3232 = AXIS2_PLACEMENT_3D('',#3233,#3234,#3235);
#3233 = CARTESIAN_POINT('',(-10.5,-25.,0.));
#3234 = DIRECTION('',(-1.,0.,0.));
#3235 = DIRECTION('',(0.,1.,0.));
#3236 = ADVANCED_FACE('',(#3237,#3265),#3276,.T.);
#3237 = FACE_BOUND('',#3238,.T.);
#3238 = EDGE_LOOP('',(#3239,#3247,#3248,#3249,#3250,#3258));
#3239 = ORIENTED_EDGE('',*,*,#3240,.F.);
#3240 = EDGE_CURVE('',#1689,#3241,#3243,.T.);
#3241 = VERTEX_POINT('',#3242);
#3242 = CARTESIAN_POINT('',(-10.5,-1.769899989998,1.));
#3243 = LINE('',#3244,#3245);
#3244 = CARTESIAN_POINT('',(-10.5,-25.,1.));
#3245 = VECTOR('',#3246,1.);
#3246 = DIRECTION('',(0.,1.,0.));
#3247 = ORIENTED_EDGE('',*,*,#1688,.F.);
#3248 = ORIENTED_EDGE('',*,*,#1679,.T.);
#3249 = ORIENTED_EDGE('',*,*,#1671,.T.);
#3250 = ORIENTED_EDGE('',*,*,#3251,.F.);
#3251 = EDGE_CURVE('',#3252,#1664,#3254,.T.);
#3252 = VERTEX_POINT('',#3253);
#3253 = CARTESIAN_POINT('',(-10.5,-0.770100010002,1.));
#3254 = LINE('',#3255,#3256);
#3255 = CARTESIAN_POINT('',(-10.5,-25.,1.));
#3256 = VECTOR('',#3257,1.);
#3257 = DIRECTION('',(0.,1.,0.));
#3258 = ORIENTED_EDGE('',*,*,#3259,.F.);
#3259 = EDGE_CURVE('',#3241,#3252,#3260,.T.);
#3260 = CIRCLE('',#3261,0.5);
#3261 = AXIS2_PLACEMENT_3D('',#3262,#3263,#3264);
#3262 = CARTESIAN_POINT('',(-10.49,-1.27,1.));
#3263 = DIRECTION('',(0.,0.,1.));
#3264 = DIRECTION('',(1.,0.,-0.));
#3265 = FACE_BOUND('',#3266,.T.);
#3266 = EDGE_LOOP('',(#3267));
#3267 = ORIENTED_EDGE('',*,*,#3268,.F.);
#3268 = EDGE_CURVE('',#3269,#3269,#3271,.T.);
#3269 = VERTEX_POINT('',#3270);
#3270 = CARTESIAN_POINT('',(-9.39,-1.27,1.));
#3271 = CIRCLE('',#3272,0.5);
#3272 = AXIS2_PLACEMENT_3D('',#3273,#3274,#3275);
#3273 = CARTESIAN_POINT('',(-8.89,-1.27,1.));
#3274 = DIRECTION('',(0.,0.,1.));
#3275 = DIRECTION('',(1.,0.,-0.));
#3276 = PLANE('',#3277);
#3277 = AXIS2_PLACEMENT_3D('',#3278,#3279,#3280);
#3278 = CARTESIAN_POINT('',(4.3E-16,1.14E-15,1.));
#3279 = DIRECTION('',(0.,0.,1.));
#3280 = DIRECTION('',(1.,0.,-0.));
#3281 = ADVANCED_FACE('',(#3282),#3307,.T.);
#3282 = FACE_BOUND('',#3283,.T.);
#3283 = EDGE_LOOP('',(#3284,#3294,#3300,#3301));
#3284 = ORIENTED_EDGE('',*,*,#3285,.F.);
#3285 = EDGE_CURVE('',#3286,#3288,#3290,.T.);
#3286 = VERTEX_POINT('',#3287);
#3287 = CARTESIAN_POINT('',(-10.5,-0.47,3.E-15));
#3288 = VERTEX_POINT('',#3289);
#3289 = CARTESIAN_POINT('',(-10.5,0.47,3.E-15));
#3290 = LINE('',#3291,#3292);
#3291 = CARTESIAN_POINT('',(-10.5,-25.,0.));
#3292 = VECTOR('',#3293,1.);
#3293 = DIRECTION('',(0.,1.,0.));
#3294 = ORIENTED_EDGE('',*,*,#3295,.T.);
#3295 = EDGE_CURVE('',#3286,#1664,#3296,.T.);
#3296 = LINE('',#3297,#3298);
#3297 = CARTESIAN_POINT('',(-10.5,-0.47,3.E-15));
#3298 = VECTOR('',#3299,1.);
#3299 = DIRECTION('',(0.,0.,1.));
#3300 = ORIENTED_EDGE('',*,*,#1663,.T.);
#3301 = ORIENTED_EDGE('',*,*,#3302,.F.);
#3302 = EDGE_CURVE('',#3288,#1656,#3303,.T.);
#3303 = LINE('',#3304,#3305);
#3304 = CARTESIAN_POINT('',(-10.5,0.47,3.E-15));
#3305 = VECTOR('',#3306,1.);
#3306 = DIRECTION('',(0.,0.,1.));
#3307 = PLANE('',#3308);
#3308 = AXIS2_PLACEMENT_3D('',#3309,#3310,#3311);
#3309 = CARTESIAN_POINT('',(-10.5,-25.,0.));
#3310 = DIRECTION('',(-1.,0.,0.));
#3311 = DIRECTION('',(0.,1.,0.));
#3312 = ADVANCED_FACE('',(#3313,#3341),#3352,.T.);
#3313 = FACE_BOUND('',#3314,.T.);
#3314 = EDGE_LOOP('',(#3315,#3323,#3324,#3325,#3326,#3334));
#3315 = ORIENTED_EDGE('',*,*,#3316,.F.);
#3316 = EDGE_CURVE('',#1656,#3317,#3319,.T.);
#3317 = VERTEX_POINT('',#3318);
#3318 = CARTESIAN_POINT('',(-10.5,0.770100010002,1.));
#3319 = LINE('',#3320,#3321);
#3320 = CARTESIAN_POINT('',(-10.5,-25.,1.));
#3321 = VECTOR('',#3322,1.);
#3322 = DIRECTION('',(0.,1.,0.));
#3323 = ORIENTED_EDGE('',*,*,#1655,.F.);
#3324 = ORIENTED_EDGE('',*,*,#1646,.T.);
#3325 = ORIENTED_EDGE('',*,*,#1638,.T.);
#3326 = ORIENTED_EDGE('',*,*,#3327,.F.);
#3327 = EDGE_CURVE('',#3328,#1631,#3330,.T.);
#3328 = VERTEX_POINT('',#3329);
#3329 = CARTESIAN_POINT('',(-10.5,1.769899989998,1.));
#3330 = LINE('',#3331,#3332);
#3331 = CARTESIAN_POINT('',(-10.5,-25.,1.));
#3332 = VECTOR('',#3333,1.);
#3333 = DIRECTION('',(0.,1.,0.));
#3334 = ORIENTED_EDGE('',*,*,#3335,.F.);
#3335 = EDGE_CURVE('',#3317,#3328,#3336,.T.);
#3336 = CIRCLE('',#3337,0.5);
#3337 = AXIS2_PLACEMENT_3D('',#3338,#3339,#3340);
#3338 = CARTESIAN_POINT('',(-10.49,1.27,1.));
#3339 = DIRECTION('',(0.,0.,1.));
#3340 = DIRECTION('',(1.,0.,-0.));
#3341 = FACE_BOUND('',#3342,.T.);
#3342 = EDGE_LOOP('',(#3343));
#3343 = ORIENTED_EDGE('',*,*,#3344,.F.);
#3344 = EDGE_CURVE('',#3345,#3345,#3347,.T.);
#3345 = VERTEX_POINT('',#3346);
#3346 = CARTESIAN_POINT('',(-9.39,1.27,1.));
#3347 = CIRCLE('',#3348,0.5);
#3348 = AXIS2_PLACEMENT_3D('',#3349,#3350,#3351);
#3349 = CARTESIAN_POINT('',(-8.89,1.27,1.));
#3350 = DIRECTION('',(0.,0.,1.));
#3351 = DIRECTION('',(1.,0.,-0.));
#3352 = PLANE('',#3353);
#3353 = AXIS2_PLACEMENT_3D('',#3354,#3355,#3356);
#3354 = CARTESIAN_POINT('',(4.3E-16,1.14E-15,1.));
#3355 = DIRECTION('',(0.,0.,1.));
#3356 = DIRECTION('',(1.,0.,-0.));
#3357 = ADVANCED_FACE('',(#3358),#3383,.T.);
#3358 = FACE_BOUND('',#3359,.T.);
#3359 = EDGE_LOOP('',(#3360,#3370,#3376,#3377));
#3360 = ORIENTED_EDGE('',*,*,#3361,.F.);
#3361 = EDGE_CURVE('',#3362,#3364,#3366,.T.);
#3362 = VERTEX_POINT('',#3363);
#3363 = CARTESIAN_POINT('',(-10.5,2.07,3.E-15));
#3364 = VERTEX_POINT('',#3365);
#3365 = CARTESIAN_POINT('',(-10.5,3.01,2.E-15));
#3366 = LINE('',#3367,#3368);
#3367 = CARTESIAN_POINT('',(-10.5,-25.,0.));
#3368 = VECTOR('',#3369,1.);
#3369 = DIRECTION('',(0.,1.,0.));
#3370 = ORIENTED_EDGE('',*,*,#3371,.T.);
#3371 = EDGE_CURVE('',#3362,#1631,#3372,.T.);
#3372 = LINE('',#3373,#3374);
#3373 = CARTESIAN_POINT('',(-10.5,2.07,3.E-15));
#3374 = VECTOR('',#3375,1.);
#3375 = DIRECTION('',(0.,0.,1.));
#3376 = ORIENTED_EDGE('',*,*,#1630,.T.);
#3377 = ORIENTED_EDGE('',*,*,#3378,.F.);
#3378 = EDGE_CURVE('',#3364,#1623,#3379,.T.);
#3379 = LINE('',#3380,#3381);
#3380 = CARTESIAN_POINT('',(-10.5,3.01,2.E-15));
#3381 = VECTOR('',#3382,1.);
#3382 = DIRECTION('',(0.,0.,1.));
#3383 = PLANE('',#3384);
#3384 = AXIS2_PLACEMENT_3D('',#3385,#3386,#3387);
#3385 = CARTESIAN_POINT('',(-10.5,-25.,0.));
#3386 = DIRECTION('',(-1.,0.,0.));
#3387 = DIRECTION('',(0.,1.,0.));
#3388 = ADVANCED_FACE('',(#3389,#3417),#3428,.T.);
#3389 = FACE_BOUND('',#3390,.T.);
#3390 = EDGE_LOOP('',(#3391,#3399,#3400,#3401,#3402,#3410));
#3391 = ORIENTED_EDGE('',*,*,#3392,.F.);
#3392 = EDGE_CURVE('',#1623,#3393,#3395,.T.);
#3393 = VERTEX_POINT('',#3394);
#3394 = CARTESIAN_POINT('',(-10.5,3.310100010002,1.));
#3395 = LINE('',#3396,#3397);
#3396 = CARTESIAN_POINT('',(-10.5,-25.,1.));
#3397 = VECTOR('',#3398,1.);
#3398 = DIRECTION('',(0.,1.,0.));
#3399 = ORIENTED_EDGE('',*,*,#1622,.F.);
#3400 = ORIENTED_EDGE('',*,*,#1613,.T.);
#3401 = ORIENTED_EDGE('',*,*,#1605,.T.);
#3402 = ORIENTED_EDGE('',*,*,#3403,.F.);
#3403 = EDGE_CURVE('',#3404,#1598,#3406,.T.);
#3404 = VERTEX_POINT('',#3405);
#3405 = CARTESIAN_POINT('',(-10.5,4.309899989998,1.));
#3406 = LINE('',#3407,#3408);
#3407 = CARTESIAN_POINT('',(-10.5,-25.,1.));
#3408 = VECTOR('',#3409,1.);
#3409 = DIRECTION('',(0.,1.,0.));
#3410 = ORIENTED_EDGE('',*,*,#3411,.F.);
#3411 = EDGE_CURVE('',#3393,#3404,#3412,.T.);
#3412 = CIRCLE('',#3413,0.5);
#3413 = AXIS2_PLACEMENT_3D('',#3414,#3415,#3416);
#3414 = CARTESIAN_POINT('',(-10.49,3.81,1.));
#3415 = DIRECTION('',(0.,0.,1.));
#3416 = DIRECTION('',(1.,0.,-0.));
#3417 = FACE_BOUND('',#3418,.T.);
#3418 = EDGE_LOOP('',(#3419));
#3419 = ORIENTED_EDGE('',*,*,#3420,.F.);
#3420 = EDGE_CURVE('',#3421,#3421,#3423,.T.);
#3421 = VERTEX_POINT('',#3422);
#3422 = CARTESIAN_POINT('',(-9.39,3.81,1.));
#3423 = CIRCLE('',#3424,0.5);
#3424 = AXIS2_PLACEMENT_3D('',#3425,#3426,#3427);
#3425 = CARTESIAN_POINT('',(-8.89,3.81,1.));
#3426 = DIRECTION('',(0.,0.,1.));
#3427 = DIRECTION('',(1.,0.,-0.));
#3428 = PLANE('',#3429);
#3429 = AXIS2_PLACEMENT_3D('',#3430,#3431,#3432);
#3430 = CARTESIAN_POINT('',(4.3E-16,1.14E-15,1.));
#3431 = DIRECTION('',(0.,0.,1.));
#3432 = DIRECTION('',(1.,0.,-0.));
#3433 = ADVANCED_FACE('',(#3434),#3459,.T.);
#3434 = FACE_BOUND('',#3435,.T.);
#3435 = EDGE_LOOP('',(#3436,#3446,#3452,#3453));
#3436 = ORIENTED_EDGE('',*,*,#3437,.F.);
#3437 = EDGE_CURVE('',#3438,#3440,#3442,.T.);
#3438 = VERTEX_POINT('',#3439);
#3439 = CARTESIAN_POINT('',(-10.5,4.61,2.E-15));
#3440 = VERTEX_POINT('',#3441);
#3441 = CARTESIAN_POINT('',(-10.5,5.549999999999,1.E-15));
#3442 = LINE('',#3443,#3444);
#3443 = CARTESIAN_POINT('',(-10.5,-25.,0.));
#3444 = VECTOR('',#3445,1.);
#3445 = DIRECTION('',(0.,1.,0.));
#3446 = ORIENTED_EDGE('',*,*,#3447,.T.);
#3447 = EDGE_CURVE('',#3438,#1598,#3448,.T.);
#3448 = LINE('',#3449,#3450);
#3449 = CARTESIAN_POINT('',(-10.5,4.61,2.E-15));
#3450 = VECTOR('',#3451,1.);
#3451 = DIRECTION('',(0.,0.,1.));
#3452 = ORIENTED_EDGE('',*,*,#1597,.T.);
#3453 = ORIENTED_EDGE('',*,*,#3454,.F.);
#3454 = EDGE_CURVE('',#3440,#1590,#3455,.T.);
#3455 = LINE('',#3456,#3457);
#3456 = CARTESIAN_POINT('',(-10.5,5.549999999999,1.E-15));
#3457 = VECTOR('',#3458,1.);
#3458 = DIRECTION('',(0.,0.,1.));
#3459 = PLANE('',#3460);
#3460 = AXIS2_PLACEMENT_3D('',#3461,#3462,#3463);
#3461 = CARTESIAN_POINT('',(-10.5,-25.,0.));
#3462 = DIRECTION('',(-1.,0.,0.));
#3463 = DIRECTION('',(0.,1.,0.));
#3464 = ADVANCED_FACE('',(#3465,#3495),#3506,.T.);
#3465 = FACE_BOUND('',#3466,.T.);
#3466 = EDGE_LOOP('',(#3467,#3475,#3476,#3477,#3478,#3479,#3480,#3488));
#3467 = ORIENTED_EDGE('',*,*,#3468,.F.);
#3468 = EDGE_CURVE('',#1590,#3469,#3471,.T.);
#3469 = VERTEX_POINT('',#3470);
#3470 = CARTESIAN_POINT('',(-10.5,5.850100010002,1.));
#3471 = LINE('',#3472,#3473);
#3472 = CARTESIAN_POINT('',(-10.5,-25.,1.));
#3473 = VECTOR('',#3474,1.);
#3474 = DIRECTION('',(0.,1.,0.));
#3475 = ORIENTED_EDGE('',*,*,#1589,.F.);
#3476 = ORIENTED_EDGE('',*,*,#1580,.T.);
#3477 = ORIENTED_EDGE('',*,*,#1572,.F.);
#3478 = ORIENTED_EDGE('',*,*,#1563,.T.);
#3479 = ORIENTED_EDGE('',*,*,#1555,.T.);
#3480 = ORIENTED_EDGE('',*,*,#3481,.F.);
#3481 = EDGE_CURVE('',#3482,#1548,#3484,.T.);
#3482 = VERTEX_POINT('',#3483);
#3483 = CARTESIAN_POINT('',(-10.5,6.849899989998,1.));
#3484 = LINE('',#3485,#3486);
#3485 = CARTESIAN_POINT('',(-10.5,-25.,1.));
#3486 = VECTOR('',#3487,1.);
#3487 = DIRECTION('',(0.,1.,0.));
#3488 = ORIENTED_EDGE('',*,*,#3489,.F.);
#3489 = EDGE_CURVE('',#3469,#3482,#3490,.T.);
#3490 = CIRCLE('',#3491,0.5);
#3491 = AXIS2_PLACEMENT_3D('',#3492,#3493,#3494);
#3492 = CARTESIAN_POINT('',(-10.49,6.35,1.));
#3493 = DIRECTION('',(0.,0.,1.));
#3494 = DIRECTION('',(1.,0.,-0.));
#3495 = FACE_BOUND('',#3496,.T.);
#3496 = EDGE_LOOP('',(#3497));
#3497 = ORIENTED_EDGE('',*,*,#3498,.F.);
#3498 = EDGE_CURVE('',#3499,#3499,#3501,.T.);
#3499 = VERTEX_POINT('',#3500);
#3500 = CARTESIAN_POINT('',(-9.39,6.35,1.));
#3501 = CIRCLE('',#3502,0.5);
#3502 = AXIS2_PLACEMENT_3D('',#3503,#3504,#3505);
#3503 = CARTESIAN_POINT('',(-8.89,6.35,1.));
#3504 = DIRECTION('',(0.,0.,1.));
#3505 = DIRECTION('',(1.,0.,-0.));
#3506 = PLANE('',#3507);
#3507 = AXIS2_PLACEMENT_3D('',#3508,#3509,#3510);
#3508 = CARTESIAN_POINT('',(4.3E-16,1.14E-15,1.));
#3509 = DIRECTION('',(0.,0.,1.));
#3510 = DIRECTION('',(1.,0.,-0.));
#3511 = ADVANCED_FACE('',(#3512),#3537,.T.);
#3512 = FACE_BOUND('',#3513,.T.);
#3513 = EDGE_LOOP('',(#3514,#3524,#3530,#3531));
#3514 = ORIENTED_EDGE('',*,*,#3515,.F.);
#3515 = EDGE_CURVE('',#3516,#3518,#3520,.T.);
#3516 = VERTEX_POINT('',#3517);
#3517 = CARTESIAN_POINT('',(-10.5,7.150000000001,1.E-15));
#3518 = VERTEX_POINT('',#3519);
#3519 = CARTESIAN_POINT('',(-10.5,8.09,2.E-15));
#3520 = LINE('',#3521,#3522);
#3521 = CARTESIAN_POINT('',(-10.5,-25.,0.));
#3522 = VECTOR('',#3523,1.);
#3523 = DIRECTION('',(0.,1.,0.));
#3524 = ORIENTED_EDGE('',*,*,#3525,.T.);
#3525 = EDGE_CURVE('',#3516,#1548,#3526,.T.);
#3526 = LINE('',#3527,#3528);
#3527 = CARTESIAN_POINT('',(-10.5,7.150000000001,1.E-15));
#3528 = VECTOR('',#3529,1.);
#3529 = DIRECTION('',(0.,0.,1.));
#3530 = ORIENTED_EDGE('',*,*,#1547,.T.);
#3531 = ORIENTED_EDGE('',*,*,#3532,.F.);
#3532 = EDGE_CURVE('',#3518,#1540,#3533,.T.);
#3533 = LINE('',#3534,#3535);
#3534 = CARTESIAN_POINT('',(-10.5,8.09,2.E-15));
#3535 = VECTOR('',#3536,1.);
#3536 = DIRECTION('',(0.,0.,1.));
#3537 = PLANE('',#3538);
#3538 = AXIS2_PLACEMENT_3D('',#3539,#3540,#3541);
#3539 = CARTESIAN_POINT('',(-10.5,-25.,0.));
#3540 = DIRECTION('',(-1.,0.,0.));
#3541 = DIRECTION('',(0.,1.,0.));
#3542 = ADVANCED_FACE('',(#3543,#3571),#3582,.T.);
#3543 = FACE_BOUND('',#3544,.T.);
#3544 = EDGE_LOOP('',(#3545,#3553,#3554,#3555,#3556,#3564));
#3545 = ORIENTED_EDGE('',*,*,#3546,.F.);
#3546 = EDGE_CURVE('',#1540,#3547,#3549,.T.);
#3547 = VERTEX_POINT('',#3548);
#3548 = CARTESIAN_POINT('',(-10.5,8.390100010002,1.));
#3549 = LINE('',#3550,#3551);
#3550 = CARTESIAN_POINT('',(-10.5,-25.,1.));
#3551 = VECTOR('',#3552,1.);
#3552 = DIRECTION('',(0.,1.,0.));
#3553 = ORIENTED_EDGE('',*,*,#1539,.F.);
#3554 = ORIENTED_EDGE('',*,*,#1530,.T.);
#3555 = ORIENTED_EDGE('',*,*,#1522,.T.);
#3556 = ORIENTED_EDGE('',*,*,#3557,.F.);
#3557 = EDGE_CURVE('',#3558,#1515,#3560,.T.);
#3558 = VERTEX_POINT('',#3559);
#3559 = CARTESIAN_POINT('',(-10.5,9.389899989998,1.));
#3560 = LINE('',#3561,#3562);
#3561 = CARTESIAN_POINT('',(-10.5,-25.,1.));
#3562 = VECTOR('',#3563,1.);
#3563 = DIRECTION('',(0.,1.,0.));
#3564 = ORIENTED_EDGE('',*,*,#3565,.F.);
#3565 = EDGE_CURVE('',#3547,#3558,#3566,.T.);
#3566 = CIRCLE('',#3567,0.5);
#3567 = AXIS2_PLACEMENT_3D('',#3568,#3569,#3570);
#3568 = CARTESIAN_POINT('',(-10.49,8.89,1.));
#3569 = DIRECTION('',(0.,0.,1.));
#3570 = DIRECTION('',(1.,0.,-0.));
#3571 = FACE_BOUND('',#3572,.T.);
#3572 = EDGE_LOOP('',(#3573));
#3573 = ORIENTED_EDGE('',*,*,#3574,.F.);
#3574 = EDGE_CURVE('',#3575,#3575,#3577,.T.);
#3575 = VERTEX_POINT('',#3576);
#3576 = CARTESIAN_POINT('',(-9.39,8.89,1.));
#3577 = CIRCLE('',#3578,0.5);
#3578 = AXIS2_PLACEMENT_3D('',#3579,#3580,#3581);
#3579 = CARTESIAN_POINT('',(-8.89,8.89,1.));
#3580 = DIRECTION('',(0.,0.,1.));
#3581 = DIRECTION('',(1.,0.,-0.));
#3582 = PLANE('',#3583);
#3583 = AXIS2_PLACEMENT_3D('',#3584,#3585,#3586);
#3584 = CARTESIAN_POINT('',(4.3E-16,1.14E-15,1.));
#3585 = DIRECTION('',(0.,0.,1.));
#3586 = DIRECTION('',(1.,0.,-0.));
#3587 = ADVANCED_FACE('',(#3588),#3613,.T.);
#3588 = FACE_BOUND('',#3589,.T.);
#3589 = EDGE_LOOP('',(#3590,#3600,#3606,#3607));
#3590 = ORIENTED_EDGE('',*,*,#3591,.F.);
#3591 = EDGE_CURVE('',#3592,#3594,#3596,.T.);
#3592 = VERTEX_POINT('',#3593);
#3593 = CARTESIAN_POINT('',(-10.5,9.69,2.E-15));
#3594 = VERTEX_POINT('',#3595);
#3595 = CARTESIAN_POINT('',(-10.5,10.63,1.E-15));
#3596 = LINE('',#3597,#3598);
#3597 = CARTESIAN_POINT('',(-10.5,-25.,0.));
#3598 = VECTOR('',#3599,1.);
#3599 = DIRECTION('',(0.,1.,0.));
#3600 = ORIENTED_EDGE('',*,*,#3601,.T.);
#3601 = EDGE_CURVE('',#3592,#1515,#3602,.T.);
#3602 = LINE('',#3603,#3604);
#3603 = CARTESIAN_POINT('',(-10.5,9.69,2.E-15));
#3604 = VECTOR('',#3605,1.);
#3605 = DIRECTION('',(0.,0.,1.));
#3606 = ORIENTED_EDGE('',*,*,#1514,.T.);
#3607 = ORIENTED_EDGE('',*,*,#3608,.F.);
#3608 = EDGE_CURVE('',#3594,#1507,#3609,.T.);
#3609 = LINE('',#3610,#3611);
#3610 = CARTESIAN_POINT('',(-10.5,10.63,1.E-15));
#3611 = VECTOR('',#3612,1.);
#3612 = DIRECTION('',(0.,0.,1.));
#3613 = PLANE('',#3614);
#3614 = AXIS2_PLACEMENT_3D('',#3615,#3616,#3617);
#3615 = CARTESIAN_POINT('',(-10.5,-25.,0.));
#3616 = DIRECTION('',(-1.,0.,0.));
#3617 = DIRECTION('',(0.,1.,0.));
#3618 = ADVANCED_FACE('',(#3619,#3647),#3658,.T.);
#3619 = FACE_BOUND('',#3620,.T.);
#3620 = EDGE_LOOP('',(#3621,#3629,#3630,#3631,#3632,#3640));
#3621 = ORIENTED_EDGE('',*,*,#3622,.F.);
#3622 = EDGE_CURVE('',#1507,#3623,#3625,.T.);
#3623 = VERTEX_POINT('',#3624);
#3624 = CARTESIAN_POINT('',(-10.5,10.930100010002,1.));
#3625 = LINE('',#3626,#3627);
#3626 = CARTESIAN_POINT('',(-10.5,-25.,1.));
#3627 = VECTOR('',#3628,1.);
#3628 = DIRECTION('',(0.,1.,0.));
#3629 = ORIENTED_EDGE('',*,*,#1506,.F.);
#3630 = ORIENTED_EDGE('',*,*,#1497,.T.);
#3631 = ORIENTED_EDGE('',*,*,#1489,.T.);
#3632 = ORIENTED_EDGE('',*,*,#3633,.F.);
#3633 = EDGE_CURVE('',#3634,#1482,#3636,.T.);
#3634 = VERTEX_POINT('',#3635);
#3635 = CARTESIAN_POINT('',(-10.5,11.929899989998,1.));
#3636 = LINE('',#3637,#3638);
#3637 = CARTESIAN_POINT('',(-10.5,-25.,1.));
#3638 = VECTOR('',#3639,1.);
#3639 = DIRECTION('',(0.,1.,0.));
#3640 = ORIENTED_EDGE('',*,*,#3641,.F.);
#3641 = EDGE_CURVE('',#3623,#3634,#3642,.T.);
#3642 = CIRCLE('',#3643,0.5);
#3643 = AXIS2_PLACEMENT_3D('',#3644,#3645,#3646);
#3644 = CARTESIAN_POINT('',(-10.49,11.43,1.));
#3645 = DIRECTION('',(0.,0.,1.));
#3646 = DIRECTION('',(1.,0.,-0.));
#3647 = FACE_BOUND('',#3648,.T.);
#3648 = EDGE_LOOP('',(#3649));
#3649 = ORIENTED_EDGE('',*,*,#3650,.F.);
#3650 = EDGE_CURVE('',#3651,#3651,#3653,.T.);
#3651 = VERTEX_POINT('',#3652);
#3652 = CARTESIAN_POINT('',(-9.39,11.43,1.));
#3653 = CIRCLE('',#3654,0.5);
#3654 = AXIS2_PLACEMENT_3D('',#3655,#3656,#3657);
#3655 = CARTESIAN_POINT('',(-8.89,11.43,1.));
#3656 = DIRECTION('',(0.,0.,1.));
#3657 = DIRECTION('',(1.,0.,-0.));
#3658 = PLANE('',#3659);
#3659 = AXIS2_PLACEMENT_3D('',#3660,#3661,#3662);
#3660 = CARTESIAN_POINT('',(4.3E-16,1.14E-15,1.));
#3661 = DIRECTION('',(0.,0.,1.));
#3662 = DIRECTION('',(1.,0.,-0.));
#3663 = ADVANCED_FACE('',(#3664),#3689,.T.);
#3664 = FACE_BOUND('',#3665,.T.);
#3665 = EDGE_LOOP('',(#3666,#3676,#3682,#3683));
#3666 = ORIENTED_EDGE('',*,*,#3667,.F.);
#3667 = EDGE_CURVE('',#3668,#3670,#3672,.T.);
#3668 = VERTEX_POINT('',#3669);
#3669 = CARTESIAN_POINT('',(-10.5,12.23,1.E-15));
#3670 = VERTEX_POINT('',#3671);
#3671 = CARTESIAN_POINT('',(-10.5,13.17,1.E-15));
#3672 = LINE('',#3673,#3674);
#3673 = CARTESIAN_POINT('',(-10.5,-25.,0.));
#3674 = VECTOR('',#3675,1.);
#3675 = DIRECTION('',(0.,1.,0.));
#3676 = ORIENTED_EDGE('',*,*,#3677,.T.);
#3677 = EDGE_CURVE('',#3668,#1482,#3678,.T.);
#3678 = LINE('',#3679,#3680);
#3679 = CARTESIAN_POINT('',(-10.5,12.23,1.E-15));
#3680 = VECTOR('',#3681,1.);
#3681 = DIRECTION('',(0.,0.,1.));
#3682 = ORIENTED_EDGE('',*,*,#1481,.T.);
#3683 = ORIENTED_EDGE('',*,*,#3684,.F.);
#3684 = EDGE_CURVE('',#3670,#1474,#3685,.T.);
#3685 = LINE('',#3686,#3687);
#3686 = CARTESIAN_POINT('',(-10.5,13.17,1.E-15));
#3687 = VECTOR('',#3688,1.);
#3688 = DIRECTION('',(0.,0.,1.));
#3689 = PLANE('',#3690);
#3690 = AXIS2_PLACEMENT_3D('',#3691,#3692,#3693);
#3691 = CARTESIAN_POINT('',(-10.5,-25.,0.));
#3692 = DIRECTION('',(-1.,0.,0.));
#3693 = DIRECTION('',(0.,1.,0.));
#3694 = ADVANCED_FACE('',(#3695,#3723),#3734,.T.);
#3695 = FACE_BOUND('',#3696,.T.);
#3696 = EDGE_LOOP('',(#3697,#3705,#3706,#3707,#3708,#3716));
#3697 = ORIENTED_EDGE('',*,*,#3698,.F.);
#3698 = EDGE_CURVE('',#1474,#3699,#3701,.T.);
#3699 = VERTEX_POINT('',#3700);
#3700 = CARTESIAN_POINT('',(-10.5,13.470100010002,1.));
#3701 = LINE('',#3702,#3703);
#3702 = CARTESIAN_POINT('',(-10.5,-25.,1.));
#3703 = VECTOR('',#3704,1.);
#3704 = DIRECTION('',(0.,1.,0.));
#3705 = ORIENTED_EDGE('',*,*,#1473,.F.);
#3706 = ORIENTED_EDGE('',*,*,#1464,.T.);
#3707 = ORIENTED_EDGE('',*,*,#1456,.T.);
#3708 = ORIENTED_EDGE('',*,*,#3709,.F.);
#3709 = EDGE_CURVE('',#3710,#1449,#3712,.T.);
#3710 = VERTEX_POINT('',#3711);
#3711 = CARTESIAN_POINT('',(-10.5,14.469899989998,1.));
#3712 = LINE('',#3713,#3714);
#3713 = CARTESIAN_POINT('',(-10.5,-25.,1.));
#3714 = VECTOR('',#3715,1.);
#3715 = DIRECTION('',(0.,1.,0.));
#3716 = ORIENTED_EDGE('',*,*,#3717,.F.);
#3717 = EDGE_CURVE('',#3699,#3710,#3718,.T.);
#3718 = CIRCLE('',#3719,0.5);
#3719 = AXIS2_PLACEMENT_3D('',#3720,#3721,#3722);
#3720 = CARTESIAN_POINT('',(-10.49,13.97,1.));
#3721 = DIRECTION('',(0.,0.,1.));
#3722 = DIRECTION('',(1.,0.,-0.));
#3723 = FACE_BOUND('',#3724,.T.);
#3724 = EDGE_LOOP('',(#3725));
#3725 = ORIENTED_EDGE('',*,*,#3726,.F.);
#3726 = EDGE_CURVE('',#3727,#3727,#3729,.T.);
#3727 = VERTEX_POINT('',#3728);
#3728 = CARTESIAN_POINT('',(-9.39,13.97,1.));
#3729 = CIRCLE('',#3730,0.5);
#3730 = AXIS2_PLACEMENT_3D('',#3731,#3732,#3733);
#3731 = CARTESIAN_POINT('',(-8.89,13.97,1.));
#3732 = DIRECTION('',(0.,0.,1.));
#3733 = DIRECTION('',(1.,0.,-0.));
#3734 = PLANE('',#3735);
#3735 = AXIS2_PLACEMENT_3D('',#3736,#3737,#3738);
#3736 = CARTESIAN_POINT('',(4.3E-16,1.14E-15,1.));
#3737 = DIRECTION('',(0.,0.,1.));
#3738 = DIRECTION('',(1.,0.,-0.));
#3739 = ADVANCED_FACE('',(#3740),#3765,.T.);
#3740 = FACE_BOUND('',#3741,.T.);
#3741 = EDGE_LOOP('',(#3742,#3752,#3758,#3759));
#3742 = ORIENTED_EDGE('',*,*,#3743,.F.);
#3743 = EDGE_CURVE('',#3744,#3746,#3748,.T.);
#3744 = VERTEX_POINT('',#3745);
#3745 = CARTESIAN_POINT('',(-10.5,14.77,1.E-15));
#3746 = VERTEX_POINT('',#3747);
#3747 = CARTESIAN_POINT('',(-10.5,15.71,1.E-15));
#3748 = LINE('',#3749,#3750);
#3749 = CARTESIAN_POINT('',(-10.5,-25.,0.));
#3750 = VECTOR('',#3751,1.);
#3751 = DIRECTION('',(0.,1.,0.));
#3752 = ORIENTED_EDGE('',*,*,#3753,.T.);
#3753 = EDGE_CURVE('',#3744,#1449,#3754,.T.);
#3754 = LINE('',#3755,#3756);
#3755 = CARTESIAN_POINT('',(-10.5,14.77,1.E-15));
#3756 = VECTOR('',#3757,1.);
#3757 = DIRECTION('',(0.,0.,1.));
#3758 = ORIENTED_EDGE('',*,*,#1448,.T.);
#3759 = ORIENTED_EDGE('',*,*,#3760,.F.);
#3760 = EDGE_CURVE('',#3746,#1441,#3761,.T.);
#3761 = LINE('',#3762,#3763);
#3762 = CARTESIAN_POINT('',(-10.5,15.71,1.E-15));
#3763 = VECTOR('',#3764,1.);
#3764 = DIRECTION('',(0.,0.,1.));
#3765 = PLANE('',#3766);
#3766 = AXIS2_PLACEMENT_3D('',#3767,#3768,#3769);
#3767 = CARTESIAN_POINT('',(-10.5,-25.,0.));
#3768 = DIRECTION('',(-1.,0.,0.));
#3769 = DIRECTION('',(0.,1.,0.));
#3770 = ADVANCED_FACE('',(#3771,#3799),#3810,.T.);
#3771 = FACE_BOUND('',#3772,.T.);
#3772 = EDGE_LOOP('',(#3773,#3781,#3782,#3783,#3784,#3792));
#3773 = ORIENTED_EDGE('',*,*,#3774,.F.);
#3774 = EDGE_CURVE('',#1441,#3775,#3777,.T.);
#3775 = VERTEX_POINT('',#3776);
#3776 = CARTESIAN_POINT('',(-10.5,16.010100010002,1.));
#3777 = LINE('',#3778,#3779);
#3778 = CARTESIAN_POINT('',(-10.5,-25.,1.));
#3779 = VECTOR('',#3780,1.);
#3780 = DIRECTION('',(0.,1.,0.));
#3781 = ORIENTED_EDGE('',*,*,#1440,.F.);
#3782 = ORIENTED_EDGE('',*,*,#1431,.T.);
#3783 = ORIENTED_EDGE('',*,*,#1423,.T.);
#3784 = ORIENTED_EDGE('',*,*,#3785,.F.);
#3785 = EDGE_CURVE('',#3786,#1416,#3788,.T.);
#3786 = VERTEX_POINT('',#3787);
#3787 = CARTESIAN_POINT('',(-10.5,17.009899989998,1.));
#3788 = LINE('',#3789,#3790);
#3789 = CARTESIAN_POINT('',(-10.5,-25.,1.));
#3790 = VECTOR('',#3791,1.);
#3791 = DIRECTION('',(0.,1.,0.));
#3792 = ORIENTED_EDGE('',*,*,#3793,.F.);
#3793 = EDGE_CURVE('',#3775,#3786,#3794,.T.);
#3794 = CIRCLE('',#3795,0.5);
#3795 = AXIS2_PLACEMENT_3D('',#3796,#3797,#3798);
#3796 = CARTESIAN_POINT('',(-10.49,16.51,1.));
#3797 = DIRECTION('',(0.,0.,1.));
#3798 = DIRECTION('',(1.,0.,-0.));
#3799 = FACE_BOUND('',#3800,.T.);
#3800 = EDGE_LOOP('',(#3801));
#3801 = ORIENTED_EDGE('',*,*,#3802,.F.);
#3802 = EDGE_CURVE('',#3803,#3803,#3805,.T.);
#3803 = VERTEX_POINT('',#3804);
#3804 = CARTESIAN_POINT('',(-9.39,16.51,1.));
#3805 = CIRCLE('',#3806,0.5);
#3806 = AXIS2_PLACEMENT_3D('',#3807,#3808,#3809);
#3807 = CARTESIAN_POINT('',(-8.89,16.51,1.));
#3808 = DIRECTION('',(0.,0.,1.));
#3809 = DIRECTION('',(1.,0.,-0.));
#3810 = PLANE('',#3811);
#3811 = AXIS2_PLACEMENT_3D('',#3812,#3813,#3814);
#3812 = CARTESIAN_POINT('',(4.3E-16,1.14E-15,1.));
#3813 = DIRECTION('',(0.,0.,1.));
#3814 = DIRECTION('',(1.,0.,-0.));
#3815 = ADVANCED_FACE('',(#3816),#3841,.T.);
#3816 = FACE_BOUND('',#3817,.T.);
#3817 = EDGE_LOOP('',(#3818,#3828,#3834,#3835));
#3818 = ORIENTED_EDGE('',*,*,#3819,.F.);
#3819 = EDGE_CURVE('',#3820,#3822,#3824,.T.);
#3820 = VERTEX_POINT('',#3821);
#3821 = CARTESIAN_POINT('',(-10.5,17.31,1.E-15));
#3822 = VERTEX_POINT('',#3823);
#3823 = CARTESIAN_POINT('',(-10.5,18.249999999999,0.));
#3824 = LINE('',#3825,#3826);
#3825 = CARTESIAN_POINT('',(-10.5,-25.,0.));
#3826 = VECTOR('',#3827,1.);
#3827 = DIRECTION('',(0.,1.,0.));
#3828 = ORIENTED_EDGE('',*,*,#3829,.T.);
#3829 = EDGE_CURVE('',#3820,#1416,#3830,.T.);
#3830 = LINE('',#3831,#3832);
#3831 = CARTESIAN_POINT('',(-10.5,17.31,1.E-15));
#3832 = VECTOR('',#3833,1.);
#3833 = DIRECTION('',(0.,0.,1.));
#3834 = ORIENTED_EDGE('',*,*,#1415,.T.);
#3835 = ORIENTED_EDGE('',*,*,#3836,.F.);
#3836 = EDGE_CURVE('',#3822,#1408,#3837,.T.);
#3837 = LINE('',#3838,#3839);
#3838 = CARTESIAN_POINT('',(-10.5,18.249999999999,0.));
#3839 = VECTOR('',#3840,1.);
#3840 = DIRECTION('',(0.,0.,1.));
#3841 = PLANE('',#3842);
#3842 = AXIS2_PLACEMENT_3D('',#3843,#3844,#3845);
#3843 = CARTESIAN_POINT('',(-10.5,-25.,0.));
#3844 = DIRECTION('',(-1.,0.,0.));
#3845 = DIRECTION('',(0.,1.,0.));
#3846 = ADVANCED_FACE('',(#3847,#3877),#3888,.T.);
#3847 = FACE_BOUND('',#3848,.T.);
#3848 = EDGE_LOOP('',(#3849,#3857,#3858,#3859,#3860,#3861,#3862,#3870));
#3849 = ORIENTED_EDGE('',*,*,#3850,.F.);
#3850 = EDGE_CURVE('',#1408,#3851,#3853,.T.);
#3851 = VERTEX_POINT('',#3852);
#3852 = CARTESIAN_POINT('',(-10.5,18.550100010002,1.));
#3853 = LINE('',#3854,#3855);
#3854 = CARTESIAN_POINT('',(-10.5,-25.,1.));
#3855 = VECTOR('',#3856,1.);
#3856 = DIRECTION('',(0.,1.,0.));
#3857 = ORIENTED_EDGE('',*,*,#1407,.F.);
#3858 = ORIENTED_EDGE('',*,*,#1398,.T.);
#3859 = ORIENTED_EDGE('',*,*,#1390,.F.);
#3860 = ORIENTED_EDGE('',*,*,#1381,.T.);
#3861 = ORIENTED_EDGE('',*,*,#1373,.T.);
#3862 = ORIENTED_EDGE('',*,*,#3863,.F.);
#3863 = EDGE_CURVE('',#3864,#1366,#3866,.T.);
#3864 = VERTEX_POINT('',#3865);
#3865 = CARTESIAN_POINT('',(-10.5,19.549899989998,1.));
#3866 = LINE('',#3867,#3868);
#3867 = CARTESIAN_POINT('',(-10.5,-25.,1.));
#3868 = VECTOR('',#3869,1.);
#3869 = DIRECTION('',(0.,1.,0.));
#3870 = ORIENTED_EDGE('',*,*,#3871,.F.);
#3871 = EDGE_CURVE('',#3851,#3864,#3872,.T.);
#3872 = CIRCLE('',#3873,0.5);
#3873 = AXIS2_PLACEMENT_3D('',#3874,#3875,#3876);
#3874 = CARTESIAN_POINT('',(-10.49,19.05,1.));
#3875 = DIRECTION('',(0.,0.,1.));
#3876 = DIRECTION('',(1.,0.,-0.));
#3877 = FACE_BOUND('',#3878,.T.);
#3878 = EDGE_LOOP('',(#3879));
#3879 = ORIENTED_EDGE('',*,*,#3880,.F.);
#3880 = EDGE_CURVE('',#3881,#3881,#3883,.T.);
#3881 = VERTEX_POINT('',#3882);
#3882 = CARTESIAN_POINT('',(-9.39,19.05,1.));
#3883 = CIRCLE('',#3884,0.5);
#3884 = AXIS2_PLACEMENT_3D('',#3885,#3886,#3887);
#3885 = CARTESIAN_POINT('',(-8.89,19.05,1.));
#3886 = DIRECTION('',(0.,0.,1.));
#3887 = DIRECTION('',(1.,0.,-0.));
#3888 = PLANE('',#3889);
#3889 = AXIS2_PLACEMENT_3D('',#3890,#3891,#3892);
#3890 = CARTESIAN_POINT('',(4.3E-16,1.14E-15,1.));
#3891 = DIRECTION('',(0.,0.,1.));
#3892 = DIRECTION('',(1.,0.,-0.));
#3893 = ADVANCED_FACE('',(#3894),#3919,.T.);
#3894 = FACE_BOUND('',#3895,.T.);
#3895 = EDGE_LOOP('',(#3896,#3906,#3912,#3913));
#3896 = ORIENTED_EDGE('',*,*,#3897,.F.);
#3897 = EDGE_CURVE('',#3898,#3900,#3902,.T.);
#3898 = VERTEX_POINT('',#3899);
#3899 = CARTESIAN_POINT('',(-10.5,19.850000000001,0.));
#3900 = VERTEX_POINT('',#3901);
#3901 = CARTESIAN_POINT('',(-10.5,20.79,0.));
#3902 = LINE('',#3903,#3904);
#3903 = CARTESIAN_POINT('',(-10.5,-25.,0.));
#3904 = VECTOR('',#3905,1.);
#3905 = DIRECTION('',(0.,1.,0.));
#3906 = ORIENTED_EDGE('',*,*,#3907,.T.);
#3907 = EDGE_CURVE('',#3898,#1366,#3908,.T.);
#3908 = LINE('',#3909,#3910);
#3909 = CARTESIAN_POINT('',(-10.5,19.850000000001,0.));
#3910 = VECTOR('',#3911,1.);
#3911 = DIRECTION('',(0.,0.,1.));
#3912 = ORIENTED_EDGE('',*,*,#1365,.T.);
#3913 = ORIENTED_EDGE('',*,*,#3914,.F.);
#3914 = EDGE_CURVE('',#3900,#1358,#3915,.T.);
#3915 = LINE('',#3916,#3917);
#3916 = CARTESIAN_POINT('',(-10.5,20.79,0.));
#3917 = VECTOR('',#3918,1.);
#3918 = DIRECTION('',(0.,0.,1.));
#3919 = PLANE('',#3920);
#3920 = AXIS2_PLACEMENT_3D('',#3921,#3922,#3923);
#3921 = CARTESIAN_POINT('',(-10.5,-25.,0.));
#3922 = DIRECTION('',(-1.,0.,0.));
#3923 = DIRECTION('',(0.,1.,0.));
#3924 = ADVANCED_FACE('',(#3925,#3953),#3964,.T.);
#3925 = FACE_BOUND('',#3926,.T.);
#3926 = EDGE_LOOP('',(#3927,#3935,#3936,#3937,#3938,#3946));
#3927 = ORIENTED_EDGE('',*,*,#3928,.F.);
#3928 = EDGE_CURVE('',#1358,#3929,#3931,.T.);
#3929 = VERTEX_POINT('',#3930);
#3930 = CARTESIAN_POINT('',(-10.5,21.090100010002,1.));
#3931 = LINE('',#3932,#3933);
#3932 = CARTESIAN_POINT('',(-10.5,-25.,1.));
#3933 = VECTOR('',#3934,1.);
#3934 = DIRECTION('',(0.,1.,0.));
#3935 = ORIENTED_EDGE('',*,*,#1357,.F.);
#3936 = ORIENTED_EDGE('',*,*,#1348,.T.);
#3937 = ORIENTED_EDGE('',*,*,#1340,.T.);
#3938 = ORIENTED_EDGE('',*,*,#3939,.F.);
#3939 = EDGE_CURVE('',#3940,#1333,#3942,.T.);
#3940 = VERTEX_POINT('',#3941);
#3941 = CARTESIAN_POINT('',(-10.5,22.089899989998,1.));
#3942 = LINE('',#3943,#3944);
#3943 = CARTESIAN_POINT('',(-10.5,-25.,1.));
#3944 = VECTOR('',#3945,1.);
#3945 = DIRECTION('',(0.,1.,0.));
#3946 = ORIENTED_EDGE('',*,*,#3947,.F.);
#3947 = EDGE_CURVE('',#3929,#3940,#3948,.T.);
#3948 = CIRCLE('',#3949,0.5);
#3949 = AXIS2_PLACEMENT_3D('',#3950,#3951,#3952);
#3950 = CARTESIAN_POINT('',(-10.49,21.59,1.));
#3951 = DIRECTION('',(0.,0.,1.));
#3952 = DIRECTION('',(1.,0.,-0.));
#3953 = FACE_BOUND('',#3954,.T.);
#3954 = EDGE_LOOP('',(#3955));
#3955 = ORIENTED_EDGE('',*,*,#3956,.F.);
#3956 = EDGE_CURVE('',#3957,#3957,#3959,.T.);
#3957 = VERTEX_POINT('',#3958);
#3958 = CARTESIAN_POINT('',(-9.39,21.59,1.));
#3959 = CIRCLE('',#3960,0.5);
#3960 = AXIS2_PLACEMENT_3D('',#3961,#3962,#3963);
#3961 = CARTESIAN_POINT('',(-8.89,21.59,1.));
#3962 = DIRECTION('',(0.,0.,1.));
#3963 = DIRECTION('',(1.,0.,-0.));
#3964 = PLANE('',#3965);
#3965 = AXIS2_PLACEMENT_3D('',#3966,#3967,#3968);
#3966 = CARTESIAN_POINT('',(4.3E-16,1.14E-15,1.));
#3967 = DIRECTION('',(0.,0.,1.));
#3968 = DIRECTION('',(1.,0.,-0.));
#3969 = ADVANCED_FACE('',(#3970),#3995,.T.);
#3970 = FACE_BOUND('',#3971,.T.);
#3971 = EDGE_LOOP('',(#3972,#3982,#3988,#3989));
#3972 = ORIENTED_EDGE('',*,*,#3973,.F.);
#3973 = EDGE_CURVE('',#3974,#3976,#3978,.T.);
#3974 = VERTEX_POINT('',#3975);
#3975 = CARTESIAN_POINT('',(-10.5,22.39,0.));
#3976 = VERTEX_POINT('',#3977);
#3977 = CARTESIAN_POINT('',(-10.5,23.33,0.));
#3978 = LINE('',#3979,#3980);
#3979 = CARTESIAN_POINT('',(-10.5,-25.,0.));
#3980 = VECTOR('',#3981,1.);
#3981 = DIRECTION('',(0.,1.,0.));
#3982 = ORIENTED_EDGE('',*,*,#3983,.T.);
#3983 = EDGE_CURVE('',#3974,#1333,#3984,.T.);
#3984 = LINE('',#3985,#3986);
#3985 = CARTESIAN_POINT('',(-10.5,22.39,0.));
#3986 = VECTOR('',#3987,1.);
#3987 = DIRECTION('',(0.,0.,1.));
#3988 = ORIENTED_EDGE('',*,*,#1332,.T.);
#3989 = ORIENTED_EDGE('',*,*,#3990,.F.);
#3990 = EDGE_CURVE('',#3976,#1325,#3991,.T.);
#3991 = LINE('',#3992,#3993);
#3992 = CARTESIAN_POINT('',(-10.5,23.33,0.));
#3993 = VECTOR('',#3994,1.);
#3994 = DIRECTION('',(0.,0.,1.));
#3995 = PLANE('',#3996);
#3996 = AXIS2_PLACEMENT_3D('',#3997,#3998,#3999);
#3997 = CARTESIAN_POINT('',(-10.5,-25.,0.));
#3998 = DIRECTION('',(-1.,0.,0.));
#3999 = DIRECTION('',(0.,1.,0.));
#4000 = ADVANCED_FACE('',(#4001,#4029),#4040,.T.);
#4001 = FACE_BOUND('',#4002,.T.);
#4002 = EDGE_LOOP('',(#4003,#4011,#4012,#4013,#4014,#4022));
#4003 = ORIENTED_EDGE('',*,*,#4004,.F.);
#4004 = EDGE_CURVE('',#1325,#4005,#4007,.T.);
#4005 = VERTEX_POINT('',#4006);
#4006 = CARTESIAN_POINT('',(-10.5,23.630100010003,1.));
#4007 = LINE('',#4008,#4009);
#4008 = CARTESIAN_POINT('',(-10.5,-25.,1.));
#4009 = VECTOR('',#4010,1.);
#4010 = DIRECTION('',(0.,1.,0.));
#4011 = ORIENTED_EDGE('',*,*,#1324,.F.);
#4012 = ORIENTED_EDGE('',*,*,#1315,.T.);
#4013 = ORIENTED_EDGE('',*,*,#1307,.T.);
#4014 = ORIENTED_EDGE('',*,*,#4015,.F.);
#4015 = EDGE_CURVE('',#4016,#1300,#4018,.T.);
#4016 = VERTEX_POINT('',#4017);
#4017 = CARTESIAN_POINT('',(-10.5,24.629899989997,1.));
#4018 = LINE('',#4019,#4020);
#4019 = CARTESIAN_POINT('',(-10.5,-25.,1.));
#4020 = VECTOR('',#4021,1.);
#4021 = DIRECTION('',(0.,1.,0.));
#4022 = ORIENTED_EDGE('',*,*,#4023,.F.);
#4023 = EDGE_CURVE('',#4005,#4016,#4024,.T.);
#4024 = CIRCLE('',#4025,0.5);
#4025 = AXIS2_PLACEMENT_3D('',#4026,#4027,#4028);
#4026 = CARTESIAN_POINT('',(-10.49,24.13,1.));
#4027 = DIRECTION('',(0.,0.,1.));
#4028 = DIRECTION('',(1.,0.,-0.));
#4029 = FACE_BOUND('',#4030,.T.);
#4030 = EDGE_LOOP('',(#4031));
#4031 = ORIENTED_EDGE('',*,*,#4032,.F.);
#4032 = EDGE_CURVE('',#4033,#4033,#4035,.T.);
#4033 = VERTEX_POINT('',#4034);
#4034 = CARTESIAN_POINT('',(-9.39,24.13,1.));
#4035 = CIRCLE('',#4036,0.5);
#4036 = AXIS2_PLACEMENT_3D('',#4037,#4038,#4039);
#4037 = CARTESIAN_POINT('',(-8.89,24.13,1.));
#4038 = DIRECTION('',(0.,0.,1.));
#4039 = DIRECTION('',(1.,0.,-0.));
#4040 = PLANE('',#4041);
#4041 = AXIS2_PLACEMENT_3D('',#4042,#4043,#4044);
#4042 = CARTESIAN_POINT('',(4.3E-16,1.14E-15,1.));
#4043 = DIRECTION('',(0.,0.,1.));
#4044 = DIRECTION('',(1.,0.,-0.));
#4045 = ADVANCED_FACE('',(#4046),#4071,.T.);
#4046 = FACE_BOUND('',#4047,.T.);
#4047 = EDGE_LOOP('',(#4048,#4058,#4064,#4065));
#4048 = ORIENTED_EDGE('',*,*,#4049,.F.);
#4049 = EDGE_CURVE('',#4050,#4052,#4054,.T.);
#4050 = VERTEX_POINT('',#4051);
#4051 = CARTESIAN_POINT('',(-10.5,24.93,0.));
#4052 = VERTEX_POINT('',#4053);
#4053 = CARTESIAN_POINT('',(-10.5,25.,0.));
#4054 = LINE('',#4055,#4056);
#4055 = CARTESIAN_POINT('',(-10.5,-25.,0.));
#4056 = VECTOR('',#4057,1.);
#4057 = DIRECTION('',(0.,1.,0.));
#4058 = ORIENTED_EDGE('',*,*,#4059,.T.);
#4059 = EDGE_CURVE('',#4050,#1300,#4060,.T.);
#4060 = LINE('',#4061,#4062);
#4061 = CARTESIAN_POINT('',(-10.5,24.93,0.));
#4062 = VECTOR('',#4063,1.);
#4063 = DIRECTION('',(0.,0.,1.));
#4064 = ORIENTED_EDGE('',*,*,#1299,.T.);
#4065 = ORIENTED_EDGE('',*,*,#4066,.F.);
#4066 = EDGE_CURVE('',#4052,#1291,#4067,.T.);
#4067 = LINE('',#4068,#4069);
#4068 = CARTESIAN_POINT('',(-10.5,25.,0.));
#4069 = VECTOR('',#4070,1.);
#4070 = DIRECTION('',(0.,0.,1.));
#4071 = PLANE('',#4072);
#4072 = AXIS2_PLACEMENT_3D('',#4073,#4074,#4075);
#4073 = CARTESIAN_POINT('',(-10.5,-25.,0.));
#4074 = DIRECTION('',(-1.,0.,0.));
#4075 = DIRECTION('',(0.,1.,0.));
#4076 = ADVANCED_FACE('',(#4077),#4096,.T.);
#4077 = FACE_BOUND('',#4078,.T.);
#4078 = EDGE_LOOP('',(#4079,#4088,#4089,#4090));
#4079 = ORIENTED_EDGE('',*,*,#4080,.T.);
#4080 = EDGE_CURVE('',#4081,#4052,#4083,.T.);
#4081 = VERTEX_POINT('',#4082);
#4082 = CARTESIAN_POINT('',(-10.,25.5,0.));
#4083 = CIRCLE('',#4084,0.5);
#4084 = AXIS2_PLACEMENT_3D('',#4085,#4086,#4087);
#4085 = CARTESIAN_POINT('',(-10.,25.,0.));
#4086 = DIRECTION('',(0.,0.,1.));
#4087 = DIRECTION('',(1.,0.,-0.));
#4088 = ORIENTED_EDGE('',*,*,#4066,.T.);
#4089 = ORIENTED_EDGE('',*,*,#1290,.F.);
#4090 = ORIENTED_EDGE('',*,*,#4091,.F.);
#4091 = EDGE_CURVE('',#4081,#1283,#4092,.T.);
#4092 = LINE('',#4093,#4094);
#4093 = CARTESIAN_POINT('',(-10.,25.5,0.));
#4094 = VECTOR('',#4095,1.);
#4095 = DIRECTION('',(0.,0.,1.));
#4096 = CYLINDRICAL_SURFACE('',#4097,0.5);
#4097 = AXIS2_PLACEMENT_3D('',#4098,#4099,#4100);
#4098 = CARTESIAN_POINT('',(-10.,25.,0.));
#4099 = DIRECTION('',(2.2E-16,0.,-1.));
#4100 = DIRECTION('',(1.,-0.,2.2E-16));
#4101 = ADVANCED_FACE('',(#4102),#4127,.T.);
#4102 = FACE_BOUND('',#4103,.T.);
#4103 = EDGE_LOOP('',(#4104,#4105,#4106,#4112,#4113,#4121));
#4104 = ORIENTED_EDGE('',*,*,#4091,.T.);
#4105 = ORIENTED_EDGE('',*,*,#1282,.T.);
#4106 = ORIENTED_EDGE('',*,*,#4107,.T.);
#4107 = EDGE_CURVE('',#1275,#1251,#4108,.T.);
#4108 = LINE('',#4109,#4110);
#4109 = CARTESIAN_POINT('',(-10.,25.5,1.));
#4110 = VECTOR('',#4111,1.);
#4111 = DIRECTION('',(1.,0.,-0.));
#4112 = ORIENTED_EDGE('',*,*,#1250,.T.);
#4113 = ORIENTED_EDGE('',*,*,#4114,.F.);
#4114 = EDGE_CURVE('',#4115,#1242,#4117,.T.);
#4115 = VERTEX_POINT('',#4116);
#4116 = CARTESIAN_POINT('',(10.,25.5,0.));
#4117 = LINE('',#4118,#4119);
#4118 = CARTESIAN_POINT('',(10.,25.5,0.));
#4119 = VECTOR('',#4120,1.);
#4120 = DIRECTION('',(0.,0.,1.));
#4121 = ORIENTED_EDGE('',*,*,#4122,.F.);
#4122 = EDGE_CURVE('',#4081,#4115,#4123,.T.);
#4123 = LINE('',#4124,#4125);
#4124 = CARTESIAN_POINT('',(-10.,25.5,0.));
#4125 = VECTOR('',#4126,1.);
#4126 = DIRECTION('',(1.,0.,-0.));
#4127 = PLANE('',#4128);
#4128 = AXIS2_PLACEMENT_3D('',#4129,#4130,#4131);
#4129 = CARTESIAN_POINT('',(-10.,25.5,0.));
#4130 = DIRECTION('',(0.,1.,0.));
#4131 = DIRECTION('',(1.,0.,-0.));
#4132 = ADVANCED_FACE('',(#4133),#4168,.T.);
#4133 = FACE_BOUND('',#4134,.T.);
#4134 = EDGE_LOOP('',(#4135,#4143,#4144,#4153,#4161));
#4135 = ORIENTED_EDGE('',*,*,#4136,.T.);
#4136 = EDGE_CURVE('',#4137,#1275,#4139,.T.);
#4137 = VERTEX_POINT('',#4138);
#4138 = CARTESIAN_POINT('',(-2.660723304703,26.2,1.));
#4139 = LINE('',#4140,#4141);
#4140 = CARTESIAN_POINT('',(-2.660723304703,26.2,1.));
#4141 = VECTOR('',#4142,1.);
#4142 = DIRECTION('',(0.,-1.,0.));
#4143 = ORIENTED_EDGE('',*,*,#1274,.T.);
#4144 = ORIENTED_EDGE('',*,*,#4145,.T.);
#4145 = EDGE_CURVE('',#1267,#4146,#4148,.T.);
#4146 = VERTEX_POINT('',#4147);
#4147 = CARTESIAN_POINT('',(-2.961243686708,21.2,1.124479617996));
#4148 = CIRCLE('',#4149,0.425);
#4149 = AXIS2_PLACEMENT_3D('',#4150,#4151,#4152);
#4150 = CARTESIAN_POINT('',(-2.660723304703,21.2,1.425));
#4151 = DIRECTION('',(0.,1.,0.));
#4152 = DIRECTION('',(2.2E-16,0.,-1.));
#4153 = ORIENTED_EDGE('',*,*,#4154,.F.);
#4154 = EDGE_CURVE('',#4155,#4146,#4157,.T.);
#4155 = VERTEX_POINT('',#4156);
#4156 = CARTESIAN_POINT('',(-2.961243686708,26.2,1.124479617996));
#4157 = LINE('',#4158,#4159);
#4158 = CARTESIAN_POINT('',(-2.961243686708,26.2,1.124479617996));
#4159 = VECTOR('',#4160,1.);
#4160 = DIRECTION('',(0.,-1.,0.));
#4161 = ORIENTED_EDGE('',*,*,#4162,.F.);
#4162 = EDGE_CURVE('',#4137,#4155,#4163,.T.);
#4163 = CIRCLE('',#4164,0.425);
#4164 = AXIS2_PLACEMENT_3D('',#4165,#4166,#4167);
#4165 = CARTESIAN_POINT('',(-2.660723304703,26.2,1.425));
#4166 = DIRECTION('',(0.,1.,0.));
#4167 = DIRECTION('',(2.2E-16,0.,-1.));
#4168 = CYLINDRICAL_SURFACE('',#4169,0.425);
#4169 = AXIS2_PLACEMENT_3D('',#4170,#4171,#4172);
#4170 = CARTESIAN_POINT('',(-2.660723304703,26.2,1.425));
#4171 = DIRECTION('',(0.,-1.,0.));
#4172 = DIRECTION('',(2.2E-16,0.,-1.));
#4173 = ADVANCED_FACE('',(#4174),#4261,.F.);
#4174 = FACE_BOUND('',#4175,.F.);
#4175 = EDGE_LOOP('',(#4176,#4177,#4178,#4186,#4195,#4203,#4212,#4220,
    #4229,#4237,#4246,#4254));
#4176 = ORIENTED_EDGE('',*,*,#1266,.F.);
#4177 = ORIENTED_EDGE('',*,*,#4145,.T.);
#4178 = ORIENTED_EDGE('',*,*,#4179,.T.);
#4179 = EDGE_CURVE('',#4146,#4180,#4182,.T.);
#4180 = VERTEX_POINT('',#4181);
#4181 = CARTESIAN_POINT('',(-3.625520382004,21.2,1.788756313292));
#4182 = LINE('',#4183,#4184);
#4183 = CARTESIAN_POINT('',(-2.836764068712,21.2,1.));
#4184 = VECTOR('',#4185,1.);
#4185 = DIRECTION('',(-0.707106781187,0.,0.707106781187));
#4186 = ORIENTED_EDGE('',*,*,#4187,.F.);
#4187 = EDGE_CURVE('',#4188,#4180,#4190,.T.);
#4188 = VERTEX_POINT('',#4189);
#4189 = CARTESIAN_POINT('',(-3.75,21.2,2.089276695297));
#4190 = CIRCLE('',#4191,0.425);
#4191 = AXIS2_PLACEMENT_3D('',#4192,#4193,#4194);
#4192 = CARTESIAN_POINT('',(-3.325,21.2,2.089276695297));
#4193 = DIRECTION('',(0.,-1.,0.));
#4194 = DIRECTION('',(2.2E-16,0.,-1.));
#4195 = ORIENTED_EDGE('',*,*,#4196,.T.);
#4196 = EDGE_CURVE('',#4188,#4197,#4199,.T.);
#4197 = VERTEX_POINT('',#4198);
#4198 = CARTESIAN_POINT('',(-3.75,21.2,3.025));
#4199 = LINE('',#4200,#4201);
#4200 = CARTESIAN_POINT('',(-3.75,21.2,1.913235931288));
#4201 = VECTOR('',#4202,1.);
#4202 = DIRECTION('',(0.,0.,1.));
#4203 = ORIENTED_EDGE('',*,*,#4204,.F.);
#4204 = EDGE_CURVE('',#4205,#4197,#4207,.T.);
#4205 = VERTEX_POINT('',#4206);
#4206 = CARTESIAN_POINT('',(-3.325,21.2,3.45));
#4207 = CIRCLE('',#4208,0.425);
#4208 = AXIS2_PLACEMENT_3D('',#4209,#4210,#4211);
#4209 = CARTESIAN_POINT('',(-3.325,21.2,3.025));
#4210 = DIRECTION('',(0.,-1.,0.));
#4211 = DIRECTION('',(2.2E-16,0.,-1.));
#4212 = ORIENTED_EDGE('',*,*,#4213,.T.);
#4213 = EDGE_CURVE('',#4205,#4214,#4216,.T.);
#4214 = VERTEX_POINT('',#4215);
#4215 = CARTESIAN_POINT('',(3.325,21.2,3.45));
#4216 = LINE('',#4217,#4218);
#4217 = CARTESIAN_POINT('',(-3.75,21.2,3.45));
#4218 = VECTOR('',#4219,1.);
#4219 = DIRECTION('',(1.,0.,-0.));
#4220 = ORIENTED_EDGE('',*,*,#4221,.F.);
#4221 = EDGE_CURVE('',#4222,#4214,#4224,.T.);
#4222 = VERTEX_POINT('',#4223);
#4223 = CARTESIAN_POINT('',(3.75,21.2,3.025));
#4224 = CIRCLE('',#4225,0.425);
#4225 = AXIS2_PLACEMENT_3D('',#4226,#4227,#4228);
#4226 = CARTESIAN_POINT('',(3.325,21.2,3.025));
#4227 = DIRECTION('',(0.,-1.,0.));
#4228 = DIRECTION('',(2.2E-16,0.,-1.));
#4229 = ORIENTED_EDGE('',*,*,#4230,.T.);
#4230 = EDGE_CURVE('',#4222,#4231,#4233,.T.);
#4231 = VERTEX_POINT('',#4232);
#4232 = CARTESIAN_POINT('',(3.75,21.2,2.089276695297));
#4233 = LINE('',#4234,#4235);
#4234 = CARTESIAN_POINT('',(3.75,21.2,3.45));
#4235 = VECTOR('',#4236,1.);
#4236 = DIRECTION('',(2.2E-16,0.,-1.));
#4237 = ORIENTED_EDGE('',*,*,#4238,.F.);
#4238 = EDGE_CURVE('',#4239,#4231,#4241,.T.);
#4239 = VERTEX_POINT('',#4240);
#4240 = CARTESIAN_POINT('',(3.625520382004,21.2,1.788756313292));
#4241 = CIRCLE('',#4242,0.425);
#4242 = AXIS2_PLACEMENT_3D('',#4243,#4244,#4245);
#4243 = CARTESIAN_POINT('',(3.325,21.2,2.089276695297));
#4244 = DIRECTION('',(0.,-1.,0.));
#4245 = DIRECTION('',(2.2E-16,0.,-1.));
#4246 = ORIENTED_EDGE('',*,*,#4247,.T.);
#4247 = EDGE_CURVE('',#4239,#4248,#4250,.T.);
#4248 = VERTEX_POINT('',#4249);
#4249 = CARTESIAN_POINT('',(2.961243686708,21.2,1.124479617996));
#4250 = LINE('',#4251,#4252);
#4251 = CARTESIAN_POINT('',(3.75,21.2,1.913235931288));
#4252 = VECTOR('',#4253,1.);
#4253 = DIRECTION('',(-0.707106781187,-0.,-0.707106781187));
#4254 = ORIENTED_EDGE('',*,*,#4255,.F.);
#4255 = EDGE_CURVE('',#1259,#4248,#4256,.T.);
#4256 = CIRCLE('',#4257,0.425);
#4257 = AXIS2_PLACEMENT_3D('',#4258,#4259,#4260);
#4258 = CARTESIAN_POINT('',(2.660723304703,21.2,1.425));
#4259 = DIRECTION('',(0.,-1.,0.));
#4260 = DIRECTION('',(2.2E-16,0.,-1.));
#4261 = PLANE('',#4262);
#4262 = AXIS2_PLACEMENT_3D('',#4263,#4264,#4265);
#4263 = CARTESIAN_POINT('',(0.,21.2,2.312950198131));
#4264 = DIRECTION('',(0.,1.,0.));
#4265 = DIRECTION('',(0.,-0.,1.));
#4266 = ADVANCED_FACE('',(#4267),#4294,.T.);
#4267 = FACE_BOUND('',#4268,.T.);
#4268 = EDGE_LOOP('',(#4269,#4280,#4286,#4287,#4288));
#4269 = ORIENTED_EDGE('',*,*,#4270,.T.);
#4270 = EDGE_CURVE('',#4271,#4273,#4275,.T.);
#4271 = VERTEX_POINT('',#4272);
#4272 = CARTESIAN_POINT('',(2.660723304703,26.2,1.));
#4273 = VERTEX_POINT('',#4274);
#4274 = CARTESIAN_POINT('',(2.961243686708,26.2,1.124479617996));
#4275 = CIRCLE('',#4276,0.425);
#4276 = AXIS2_PLACEMENT_3D('',#4277,#4278,#4279);
#4277 = CARTESIAN_POINT('',(2.660723304703,26.2,1.425));
#4278 = DIRECTION('',(0.,-1.,0.));
#4279 = DIRECTION('',(2.2E-16,0.,-1.));
#4280 = ORIENTED_EDGE('',*,*,#4281,.T.);
#4281 = EDGE_CURVE('',#4273,#4248,#4282,.T.);
#4282 = LINE('',#4283,#4284);
#4283 = CARTESIAN_POINT('',(2.961243686708,26.2,1.124479617996));
#4284 = VECTOR('',#4285,1.);
#4285 = DIRECTION('',(0.,-1.,0.));
#4286 = ORIENTED_EDGE('',*,*,#4255,.F.);
#4287 = ORIENTED_EDGE('',*,*,#1258,.F.);
#4288 = ORIENTED_EDGE('',*,*,#4289,.F.);
#4289 = EDGE_CURVE('',#4271,#1251,#4290,.T.);
#4290 = LINE('',#4291,#4292);
#4291 = CARTESIAN_POINT('',(2.660723304703,26.2,1.));
#4292 = VECTOR('',#4293,1.);
#4293 = DIRECTION('',(0.,-1.,0.));
#4294 = CYLINDRICAL_SURFACE('',#4295,0.425);
#4295 = AXIS2_PLACEMENT_3D('',#4296,#4297,#4298);
#4296 = CARTESIAN_POINT('',(2.660723304703,26.2,1.425));
#4297 = DIRECTION('',(0.,-1.,0.));
#4298 = DIRECTION('',(2.2E-16,0.,-1.));
#4299 = ADVANCED_FACE('',(#4300),#4319,.T.);
#4300 = FACE_BOUND('',#4301,.T.);
#4301 = EDGE_LOOP('',(#4302,#4311,#4312,#4313));
#4302 = ORIENTED_EDGE('',*,*,#4303,.T.);
#4303 = EDGE_CURVE('',#4304,#4115,#4306,.T.);
#4304 = VERTEX_POINT('',#4305);
#4305 = CARTESIAN_POINT('',(10.5,25.,0.));
#4306 = CIRCLE('',#4307,0.5);
#4307 = AXIS2_PLACEMENT_3D('',#4308,#4309,#4310);
#4308 = CARTESIAN_POINT('',(10.,25.,0.));
#4309 = DIRECTION('',(0.,0.,1.));
#4310 = DIRECTION('',(1.,0.,-0.));
#4311 = ORIENTED_EDGE('',*,*,#4114,.T.);
#4312 = ORIENTED_EDGE('',*,*,#1241,.F.);
#4313 = ORIENTED_EDGE('',*,*,#4314,.F.);
#4314 = EDGE_CURVE('',#4304,#1234,#4315,.T.);
#4315 = LINE('',#4316,#4317);
#4316 = CARTESIAN_POINT('',(10.5,25.,0.));
#4317 = VECTOR('',#4318,1.);
#4318 = DIRECTION('',(0.,0.,1.));
#4319 = CYLINDRICAL_SURFACE('',#4320,0.5);
#4320 = AXIS2_PLACEMENT_3D('',#4321,#4322,#4323);
#4321 = CARTESIAN_POINT('',(10.,25.,0.));
#4322 = DIRECTION('',(2.2E-16,0.,-1.));
#4323 = DIRECTION('',(1.,-0.,2.2E-16));
#4324 = ADVANCED_FACE('',(#4325),#4343,.T.);
#4325 = FACE_BOUND('',#4326,.T.);
#4326 = EDGE_LOOP('',(#4327,#4335,#4336,#4337));
#4327 = ORIENTED_EDGE('',*,*,#4328,.F.);
#4328 = EDGE_CURVE('',#4304,#4329,#4331,.T.);
#4329 = VERTEX_POINT('',#4330);
#4330 = CARTESIAN_POINT('',(10.5,24.93,2.E-15));
#4331 = LINE('',#4332,#4333);
#4332 = CARTESIAN_POINT('',(10.5,25.,0.));
#4333 = VECTOR('',#4334,1.);
#4334 = DIRECTION('',(0.,-1.,0.));
#4335 = ORIENTED_EDGE('',*,*,#4314,.T.);
#4336 = ORIENTED_EDGE('',*,*,#1233,.T.);
#4337 = ORIENTED_EDGE('',*,*,#4338,.F.);
#4338 = EDGE_CURVE('',#4329,#1226,#4339,.T.);
#4339 = LINE('',#4340,#4341);
#4340 = CARTESIAN_POINT('',(10.5,24.93,2.E-15));
#4341 = VECTOR('',#4342,1.);
#4342 = DIRECTION('',(0.,0.,1.));
#4343 = PLANE('',#4344);
#4344 = AXIS2_PLACEMENT_3D('',#4345,#4346,#4347);
#4345 = CARTESIAN_POINT('',(10.5,25.,0.));
#4346 = DIRECTION('',(1.,0.,-0.));
#4347 = DIRECTION('',(0.,-1.,0.));
#4348 = ADVANCED_FACE('',(#4349,#4377),#4388,.T.);
#4349 = FACE_BOUND('',#4350,.T.);
#4350 = EDGE_LOOP('',(#4351,#4359,#4360,#4361,#4362,#4370));
#4351 = ORIENTED_EDGE('',*,*,#4352,.F.);
#4352 = EDGE_CURVE('',#1226,#4353,#4355,.T.);
#4353 = VERTEX_POINT('',#4354);
#4354 = CARTESIAN_POINT('',(10.5,24.629899989998,1.));
#4355 = LINE('',#4356,#4357);
#4356 = CARTESIAN_POINT('',(10.5,25.,1.));
#4357 = VECTOR('',#4358,1.);
#4358 = DIRECTION('',(0.,-1.,0.));
#4359 = ORIENTED_EDGE('',*,*,#1225,.F.);
#4360 = ORIENTED_EDGE('',*,*,#1216,.F.);
#4361 = ORIENTED_EDGE('',*,*,#1208,.T.);
#4362 = ORIENTED_EDGE('',*,*,#4363,.F.);
#4363 = EDGE_CURVE('',#4364,#1201,#4366,.T.);
#4364 = VERTEX_POINT('',#4365);
#4365 = CARTESIAN_POINT('',(10.5,23.630100010002,1.));
#4366 = LINE('',#4367,#4368);
#4367 = CARTESIAN_POINT('',(10.5,25.,1.));
#4368 = VECTOR('',#4369,1.);
#4369 = DIRECTION('',(0.,-1.,0.));
#4370 = ORIENTED_EDGE('',*,*,#4371,.F.);
#4371 = EDGE_CURVE('',#4353,#4364,#4372,.T.);
#4372 = CIRCLE('',#4373,0.5);
#4373 = AXIS2_PLACEMENT_3D('',#4374,#4375,#4376);
#4374 = CARTESIAN_POINT('',(10.49,24.13,1.));
#4375 = DIRECTION('',(0.,0.,1.));
#4376 = DIRECTION('',(-1.,0.,0.));
#4377 = FACE_BOUND('',#4378,.T.);
#4378 = EDGE_LOOP('',(#4379));
#4379 = ORIENTED_EDGE('',*,*,#4380,.F.);
#4380 = EDGE_CURVE('',#4381,#4381,#4383,.T.);
#4381 = VERTEX_POINT('',#4382);
#4382 = CARTESIAN_POINT('',(9.39,24.13,1.));
#4383 = CIRCLE('',#4384,0.5);
#4384 = AXIS2_PLACEMENT_3D('',#4385,#4386,#4387);
#4385 = CARTESIAN_POINT('',(8.89,24.13,1.));
#4386 = DIRECTION('',(0.,0.,1.));
#4387 = DIRECTION('',(-1.,0.,0.));
#4388 = PLANE('',#4389);
#4389 = AXIS2_PLACEMENT_3D('',#4390,#4391,#4392);
#4390 = CARTESIAN_POINT('',(4.3E-16,1.14E-15,1.));
#4391 = DIRECTION('',(0.,0.,1.));
#4392 = DIRECTION('',(1.,0.,-0.));
#4393 = ADVANCED_FACE('',(#4394),#4419,.T.);
#4394 = FACE_BOUND('',#4395,.T.);
#4395 = EDGE_LOOP('',(#4396,#4406,#4412,#4413));
#4396 = ORIENTED_EDGE('',*,*,#4397,.F.);
#4397 = EDGE_CURVE('',#4398,#4400,#4402,.T.);
#4398 = VERTEX_POINT('',#4399);
#4399 = CARTESIAN_POINT('',(10.5,23.33,2.E-15));
#4400 = VERTEX_POINT('',#4401);
#4401 = CARTESIAN_POINT('',(10.5,22.39,3.E-15));
#4402 = LINE('',#4403,#4404);
#4403 = CARTESIAN_POINT('',(10.5,25.,0.));
#4404 = VECTOR('',#4405,1.);
#4405 = DIRECTION('',(0.,-1.,0.));
#4406 = ORIENTED_EDGE('',*,*,#4407,.T.);
#4407 = EDGE_CURVE('',#4398,#1201,#4408,.T.);
#4408 = LINE('',#4409,#4410);
#4409 = CARTESIAN_POINT('',(10.5,23.33,2.E-15));
#4410 = VECTOR('',#4411,1.);
#4411 = DIRECTION('',(0.,0.,1.));
#4412 = ORIENTED_EDGE('',*,*,#1200,.T.);
#4413 = ORIENTED_EDGE('',*,*,#4414,.F.);
#4414 = EDGE_CURVE('',#4400,#1193,#4415,.T.);
#4415 = LINE('',#4416,#4417);
#4416 = CARTESIAN_POINT('',(10.5,22.39,3.E-15));
#4417 = VECTOR('',#4418,1.);
#4418 = DIRECTION('',(0.,0.,1.));
#4419 = PLANE('',#4420);
#4420 = AXIS2_PLACEMENT_3D('',#4421,#4422,#4423);
#4421 = CARTESIAN_POINT('',(10.5,25.,0.));
#4422 = DIRECTION('',(1.,0.,-0.));
#4423 = DIRECTION('',(0.,-1.,0.));
#4424 = ADVANCED_FACE('',(#4425,#4453),#4464,.T.);
#4425 = FACE_BOUND('',#4426,.T.);
#4426 = EDGE_LOOP('',(#4427,#4428,#4436,#4445,#4451,#4452));
#4427 = ORIENTED_EDGE('',*,*,#1175,.T.);
#4428 = ORIENTED_EDGE('',*,*,#4429,.F.);
#4429 = EDGE_CURVE('',#4430,#1168,#4432,.T.);
#4430 = VERTEX_POINT('',#4431);
#4431 = CARTESIAN_POINT('',(10.5,21.090100010002,1.));
#4432 = LINE('',#4433,#4434);
#4433 = CARTESIAN_POINT('',(10.5,25.,1.));
#4434 = VECTOR('',#4435,1.);
#4435 = DIRECTION('',(0.,-1.,0.));
#4436 = ORIENTED_EDGE('',*,*,#4437,.F.);
#4437 = EDGE_CURVE('',#4438,#4430,#4440,.T.);
#4438 = VERTEX_POINT('',#4439);
#4439 = CARTESIAN_POINT('',(10.5,22.089899989998,1.));
#4440 = CIRCLE('',#4441,0.5);
#4441 = AXIS2_PLACEMENT_3D('',#4442,#4443,#4444);
#4442 = CARTESIAN_POINT('',(10.49,21.59,1.));
#4443 = DIRECTION('',(0.,0.,1.));
#4444 = DIRECTION('',(-1.,0.,0.));
#4445 = ORIENTED_EDGE('',*,*,#4446,.F.);
#4446 = EDGE_CURVE('',#1193,#4438,#4447,.T.);
#4447 = LINE('',#4448,#4449);
#4448 = CARTESIAN_POINT('',(10.5,25.,1.));
#4449 = VECTOR('',#4450,1.);
#4450 = DIRECTION('',(0.,-1.,0.));
#4451 = ORIENTED_EDGE('',*,*,#1192,.F.);
#4452 = ORIENTED_EDGE('',*,*,#1183,.F.);
#4453 = FACE_BOUND('',#4454,.T.);
#4454 = EDGE_LOOP('',(#4455));
#4455 = ORIENTED_EDGE('',*,*,#4456,.F.);
#4456 = EDGE_CURVE('',#4457,#4457,#4459,.T.);
#4457 = VERTEX_POINT('',#4458);
#4458 = CARTESIAN_POINT('',(9.39,21.59,1.));
#4459 = CIRCLE('',#4460,0.5);
#4460 = AXIS2_PLACEMENT_3D('',#4461,#4462,#4463);
#4461 = CARTESIAN_POINT('',(8.89,21.59,1.));
#4462 = DIRECTION('',(0.,0.,1.));
#4463 = DIRECTION('',(-1.,0.,0.));
#4464 = PLANE('',#4465);
#4465 = AXIS2_PLACEMENT_3D('',#4466,#4467,#4468);
#4466 = CARTESIAN_POINT('',(4.3E-16,1.14E-15,1.));
#4467 = DIRECTION('',(0.,0.,1.));
#4468 = DIRECTION('',(1.,0.,-0.));
#4469 = ADVANCED_FACE('',(#4470),#4495,.T.);
#4470 = FACE_BOUND('',#4471,.T.);
#4471 = EDGE_LOOP('',(#4472,#4482,#4488,#4489));
#4472 = ORIENTED_EDGE('',*,*,#4473,.F.);
#4473 = EDGE_CURVE('',#4474,#4476,#4478,.T.);
#4474 = VERTEX_POINT('',#4475);
#4475 = CARTESIAN_POINT('',(10.5,20.79,3.E-15));
#4476 = VERTEX_POINT('',#4477);
#4477 = CARTESIAN_POINT('',(10.5,19.850000000001,2.E-15));
#4478 = LINE('',#4479,#4480);
#4479 = CARTESIAN_POINT('',(10.5,25.,0.));
#4480 = VECTOR('',#4481,1.);
#4481 = DIRECTION('',(0.,-1.,0.));
#4482 = ORIENTED_EDGE('',*,*,#4483,.T.);
#4483 = EDGE_CURVE('',#4474,#1168,#4484,.T.);
#4484 = LINE('',#4485,#4486);
#4485 = CARTESIAN_POINT('',(10.5,20.79,3.E-15));
#4486 = VECTOR('',#4487,1.);
#4487 = DIRECTION('',(0.,0.,1.));
#4488 = ORIENTED_EDGE('',*,*,#1167,.T.);
#4489 = ORIENTED_EDGE('',*,*,#4490,.F.);
#4490 = EDGE_CURVE('',#4476,#1160,#4491,.T.);
#4491 = LINE('',#4492,#4493);
#4492 = CARTESIAN_POINT('',(10.5,19.850000000001,2.E-15));
#4493 = VECTOR('',#4494,1.);
#4494 = DIRECTION('',(0.,0.,1.));
#4495 = PLANE('',#4496);
#4496 = AXIS2_PLACEMENT_3D('',#4497,#4498,#4499);
#4497 = CARTESIAN_POINT('',(10.5,25.,0.));
#4498 = DIRECTION('',(1.,0.,-0.));
#4499 = DIRECTION('',(0.,-1.,0.));
#4500 = ADVANCED_FACE('',(#4501,#4531),#4542,.T.);
#4501 = FACE_BOUND('',#4502,.T.);
#4502 = EDGE_LOOP('',(#4503,#4504,#4512,#4521,#4527,#4528,#4529,#4530));
#4503 = ORIENTED_EDGE('',*,*,#1125,.T.);
#4504 = ORIENTED_EDGE('',*,*,#4505,.F.);
#4505 = EDGE_CURVE('',#4506,#1118,#4508,.T.);
#4506 = VERTEX_POINT('',#4507);
#4507 = CARTESIAN_POINT('',(10.5,18.550100010002,1.));
#4508 = LINE('',#4509,#4510);
#4509 = CARTESIAN_POINT('',(10.5,25.,1.));
#4510 = VECTOR('',#4511,1.);
#4511 = DIRECTION('',(0.,-1.,0.));
#4512 = ORIENTED_EDGE('',*,*,#4513,.F.);
#4513 = EDGE_CURVE('',#4514,#4506,#4516,.T.);
#4514 = VERTEX_POINT('',#4515);
#4515 = CARTESIAN_POINT('',(10.5,19.549899989998,1.));
#4516 = CIRCLE('',#4517,0.5);
#4517 = AXIS2_PLACEMENT_3D('',#4518,#4519,#4520);
#4518 = CARTESIAN_POINT('',(10.49,19.05,1.));
#4519 = DIRECTION('',(0.,0.,1.));
#4520 = DIRECTION('',(-1.,0.,0.));
#4521 = ORIENTED_EDGE('',*,*,#4522,.F.);
#4522 = EDGE_CURVE('',#1160,#4514,#4523,.T.);
#4523 = LINE('',#4524,#4525);
#4524 = CARTESIAN_POINT('',(10.5,25.,1.));
#4525 = VECTOR('',#4526,1.);
#4526 = DIRECTION('',(0.,-1.,0.));
#4527 = ORIENTED_EDGE('',*,*,#1159,.F.);
#4528 = ORIENTED_EDGE('',*,*,#1150,.F.);
#4529 = ORIENTED_EDGE('',*,*,#1142,.T.);
#4530 = ORIENTED_EDGE('',*,*,#1133,.F.);
#4531 = FACE_BOUND('',#4532,.T.);
#4532 = EDGE_LOOP('',(#4533));
#4533 = ORIENTED_EDGE('',*,*,#4534,.F.);
#4534 = EDGE_CURVE('',#4535,#4535,#4537,.T.);
#4535 = VERTEX_POINT('',#4536);
#4536 = CARTESIAN_POINT('',(9.39,19.05,1.));
#4537 = CIRCLE('',#4538,0.5);
#4538 = AXIS2_PLACEMENT_3D('',#4539,#4540,#4541);
#4539 = CARTESIAN_POINT('',(8.89,19.05,1.));
#4540 = DIRECTION('',(0.,0.,1.));
#4541 = DIRECTION('',(-1.,0.,0.));
#4542 = PLANE('',#4543);
#4543 = AXIS2_PLACEMENT_3D('',#4544,#4545,#4546);
#4544 = CARTESIAN_POINT('',(4.3E-16,1.14E-15,1.));
#4545 = DIRECTION('',(0.,0.,1.));
#4546 = DIRECTION('',(1.,0.,-0.));
#4547 = ADVANCED_FACE('',(#4548),#4573,.T.);
#4548 = FACE_BOUND('',#4549,.T.);
#4549 = EDGE_LOOP('',(#4550,#4560,#4566,#4567));
#4550 = ORIENTED_EDGE('',*,*,#4551,.F.);
#4551 = EDGE_CURVE('',#4552,#4554,#4556,.T.);
#4552 = VERTEX_POINT('',#4553);
#4553 = CARTESIAN_POINT('',(10.5,18.249999999999,2.E-15));
#4554 = VERTEX_POINT('',#4555);
#4555 = CARTESIAN_POINT('',(10.5,17.31,3.E-15));
#4556 = LINE('',#4557,#4558);
#4557 = CARTESIAN_POINT('',(10.5,25.,0.));
#4558 = VECTOR('',#4559,1.);
#4559 = DIRECTION('',(0.,-1.,0.));
#4560 = ORIENTED_EDGE('',*,*,#4561,.T.);
#4561 = EDGE_CURVE('',#4552,#1118,#4562,.T.);
#4562 = LINE('',#4563,#4564);
#4563 = CARTESIAN_POINT('',(10.5,18.249999999999,2.E-15));
#4564 = VECTOR('',#4565,1.);
#4565 = DIRECTION('',(0.,0.,1.));
#4566 = ORIENTED_EDGE('',*,*,#1117,.T.);
#4567 = ORIENTED_EDGE('',*,*,#4568,.F.);
#4568 = EDGE_CURVE('',#4554,#1110,#4569,.T.);
#4569 = LINE('',#4570,#4571);
#4570 = CARTESIAN_POINT('',(10.5,17.31,3.E-15));
#4571 = VECTOR('',#4572,1.);
#4572 = DIRECTION('',(0.,0.,1.));
#4573 = PLANE('',#4574);
#4574 = AXIS2_PLACEMENT_3D('',#4575,#4576,#4577);
#4575 = CARTESIAN_POINT('',(10.5,25.,0.));
#4576 = DIRECTION('',(1.,0.,-0.));
#4577 = DIRECTION('',(0.,-1.,0.));
#4578 = ADVANCED_FACE('',(#4579,#4607),#4618,.T.);
#4579 = FACE_BOUND('',#4580,.T.);
#4580 = EDGE_LOOP('',(#4581,#4582,#4590,#4599,#4605,#4606));
#4581 = ORIENTED_EDGE('',*,*,#1092,.T.);
#4582 = ORIENTED_EDGE('',*,*,#4583,.F.);
#4583 = EDGE_CURVE('',#4584,#1085,#4586,.T.);
#4584 = VERTEX_POINT('',#4585);
#4585 = CARTESIAN_POINT('',(10.5,16.010100010002,1.));
#4586 = LINE('',#4587,#4588);
#4587 = CARTESIAN_POINT('',(10.5,25.,1.));
#4588 = VECTOR('',#4589,1.);
#4589 = DIRECTION('',(0.,-1.,0.));
#4590 = ORIENTED_EDGE('',*,*,#4591,.F.);
#4591 = EDGE_CURVE('',#4592,#4584,#4594,.T.);
#4592 = VERTEX_POINT('',#4593);
#4593 = CARTESIAN_POINT('',(10.5,17.009899989998,1.));
#4594 = CIRCLE('',#4595,0.5);
#4595 = AXIS2_PLACEMENT_3D('',#4596,#4597,#4598);
#4596 = CARTESIAN_POINT('',(10.49,16.51,1.));
#4597 = DIRECTION('',(0.,0.,1.));
#4598 = DIRECTION('',(-1.,0.,0.));
#4599 = ORIENTED_EDGE('',*,*,#4600,.F.);
#4600 = EDGE_CURVE('',#1110,#4592,#4601,.T.);
#4601 = LINE('',#4602,#4603);
#4602 = CARTESIAN_POINT('',(10.5,25.,1.));
#4603 = VECTOR('',#4604,1.);
#4604 = DIRECTION('',(0.,-1.,0.));
#4605 = ORIENTED_EDGE('',*,*,#1109,.F.);
#4606 = ORIENTED_EDGE('',*,*,#1100,.F.);
#4607 = FACE_BOUND('',#4608,.T.);
#4608 = EDGE_LOOP('',(#4609));
#4609 = ORIENTED_EDGE('',*,*,#4610,.F.);
#4610 = EDGE_CURVE('',#4611,#4611,#4613,.T.);
#4611 = VERTEX_POINT('',#4612);
#4612 = CARTESIAN_POINT('',(9.39,16.51,1.));
#4613 = CIRCLE('',#4614,0.5);
#4614 = AXIS2_PLACEMENT_3D('',#4615,#4616,#4617);
#4615 = CARTESIAN_POINT('',(8.89,16.51,1.));
#4616 = DIRECTION('',(0.,0.,1.));
#4617 = DIRECTION('',(-1.,0.,0.));
#4618 = PLANE('',#4619);
#4619 = AXIS2_PLACEMENT_3D('',#4620,#4621,#4622);
#4620 = CARTESIAN_POINT('',(4.3E-16,1.14E-15,1.));
#4621 = DIRECTION('',(0.,0.,1.));
#4622 = DIRECTION('',(1.,0.,-0.));
#4623 = ADVANCED_FACE('',(#4624),#4649,.T.);
#4624 = FACE_BOUND('',#4625,.T.);
#4625 = EDGE_LOOP('',(#4626,#4636,#4642,#4643));
#4626 = ORIENTED_EDGE('',*,*,#4627,.F.);
#4627 = EDGE_CURVE('',#4628,#4630,#4632,.T.);
#4628 = VERTEX_POINT('',#4629);
#4629 = CARTESIAN_POINT('',(10.5,15.71,3.E-15));
#4630 = VERTEX_POINT('',#4631);
#4631 = CARTESIAN_POINT('',(10.5,14.77,3.E-15));
#4632 = LINE('',#4633,#4634);
#4633 = CARTESIAN_POINT('',(10.5,25.,0.));
#4634 = VECTOR('',#4635,1.);
#4635 = DIRECTION('',(0.,-1.,0.));
#4636 = ORIENTED_EDGE('',*,*,#4637,.T.);
#4637 = EDGE_CURVE('',#4628,#1085,#4638,.T.);
#4638 = LINE('',#4639,#4640);
#4639 = CARTESIAN_POINT('',(10.5,15.71,3.E-15));
#4640 = VECTOR('',#4641,1.);
#4641 = DIRECTION('',(0.,0.,1.));
#4642 = ORIENTED_EDGE('',*,*,#1084,.T.);
#4643 = ORIENTED_EDGE('',*,*,#4644,.F.);
#4644 = EDGE_CURVE('',#4630,#1077,#4645,.T.);
#4645 = LINE('',#4646,#4647);
#4646 = CARTESIAN_POINT('',(10.5,14.77,3.E-15));
#4647 = VECTOR('',#4648,1.);
#4648 = DIRECTION('',(0.,0.,1.));
#4649 = PLANE('',#4650);
#4650 = AXIS2_PLACEMENT_3D('',#4651,#4652,#4653);
#4651 = CARTESIAN_POINT('',(10.5,25.,0.));
#4652 = DIRECTION('',(1.,0.,-0.));
#4653 = DIRECTION('',(0.,-1.,0.));
#4654 = ADVANCED_FACE('',(#4655,#4683),#4694,.T.);
#4655 = FACE_BOUND('',#4656,.T.);
#4656 = EDGE_LOOP('',(#4657,#4658,#4666,#4675,#4681,#4682));
#4657 = ORIENTED_EDGE('',*,*,#1059,.T.);
#4658 = ORIENTED_EDGE('',*,*,#4659,.F.);
#4659 = EDGE_CURVE('',#4660,#1052,#4662,.T.);
#4660 = VERTEX_POINT('',#4661);
#4661 = CARTESIAN_POINT('',(10.5,13.470100010002,1.));
#4662 = LINE('',#4663,#4664);
#4663 = CARTESIAN_POINT('',(10.5,25.,1.));
#4664 = VECTOR('',#4665,1.);
#4665 = DIRECTION('',(0.,-1.,0.));
#4666 = ORIENTED_EDGE('',*,*,#4667,.F.);
#4667 = EDGE_CURVE('',#4668,#4660,#4670,.T.);
#4668 = VERTEX_POINT('',#4669);
#4669 = CARTESIAN_POINT('',(10.5,14.469899989998,1.));
#4670 = CIRCLE('',#4671,0.5);
#4671 = AXIS2_PLACEMENT_3D('',#4672,#4673,#4674);
#4672 = CARTESIAN_POINT('',(10.49,13.97,1.));
#4673 = DIRECTION('',(0.,0.,1.));
#4674 = DIRECTION('',(-1.,0.,0.));
#4675 = ORIENTED_EDGE('',*,*,#4676,.F.);
#4676 = EDGE_CURVE('',#1077,#4668,#4677,.T.);
#4677 = LINE('',#4678,#4679);
#4678 = CARTESIAN_POINT('',(10.5,25.,1.));
#4679 = VECTOR('',#4680,1.);
#4680 = DIRECTION('',(0.,-1.,0.));
#4681 = ORIENTED_EDGE('',*,*,#1076,.F.);
#4682 = ORIENTED_EDGE('',*,*,#1067,.F.);
#4683 = FACE_BOUND('',#4684,.T.);
#4684 = EDGE_LOOP('',(#4685));
#4685 = ORIENTED_EDGE('',*,*,#4686,.F.);
#4686 = EDGE_CURVE('',#4687,#4687,#4689,.T.);
#4687 = VERTEX_POINT('',#4688);
#4688 = CARTESIAN_POINT('',(9.39,13.97,1.));
#4689 = CIRCLE('',#4690,0.5);
#4690 = AXIS2_PLACEMENT_3D('',#4691,#4692,#4693);
#4691 = CARTESIAN_POINT('',(8.89,13.97,1.));
#4692 = DIRECTION('',(0.,0.,1.));
#4693 = DIRECTION('',(-1.,0.,0.));
#4694 = PLANE('',#4695);
#4695 = AXIS2_PLACEMENT_3D('',#4696,#4697,#4698);
#4696 = CARTESIAN_POINT('',(4.3E-16,1.14E-15,1.));
#4697 = DIRECTION('',(0.,0.,1.));
#4698 = DIRECTION('',(1.,0.,-0.));
#4699 = ADVANCED_FACE('',(#4700),#4725,.T.);
#4700 = FACE_BOUND('',#4701,.T.);
#4701 = EDGE_LOOP('',(#4702,#4712,#4718,#4719));
#4702 = ORIENTED_EDGE('',*,*,#4703,.F.);
#4703 = EDGE_CURVE('',#4704,#4706,#4708,.T.);
#4704 = VERTEX_POINT('',#4705);
#4705 = CARTESIAN_POINT('',(10.5,13.17,3.E-15));
#4706 = VERTEX_POINT('',#4707);
#4707 = CARTESIAN_POINT('',(10.5,12.23,4.E-15));
#4708 = LINE('',#4709,#4710);
#4709 = CARTESIAN_POINT('',(10.5,25.,0.));
#4710 = VECTOR('',#4711,1.);
#4711 = DIRECTION('',(0.,-1.,0.));
#4712 = ORIENTED_EDGE('',*,*,#4713,.T.);
#4713 = EDGE_CURVE('',#4704,#1052,#4714,.T.);
#4714 = LINE('',#4715,#4716);
#4715 = CARTESIAN_POINT('',(10.5,13.17,3.E-15));
#4716 = VECTOR('',#4717,1.);
#4717 = DIRECTION('',(0.,0.,1.));
#4718 = ORIENTED_EDGE('',*,*,#1051,.T.);
#4719 = ORIENTED_EDGE('',*,*,#4720,.F.);
#4720 = EDGE_CURVE('',#4706,#1044,#4721,.T.);
#4721 = LINE('',#4722,#4723);
#4722 = CARTESIAN_POINT('',(10.5,12.23,4.E-15));
#4723 = VECTOR('',#4724,1.);
#4724 = DIRECTION('',(0.,0.,1.));
#4725 = PLANE('',#4726);
#4726 = AXIS2_PLACEMENT_3D('',#4727,#4728,#4729);
#4727 = CARTESIAN_POINT('',(10.5,25.,0.));
#4728 = DIRECTION('',(1.,0.,-0.));
#4729 = DIRECTION('',(0.,-1.,0.));
#4730 = ADVANCED_FACE('',(#4731,#4759),#4770,.T.);
#4731 = FACE_BOUND('',#4732,.T.);
#4732 = EDGE_LOOP('',(#4733,#4734,#4742,#4751,#4757,#4758));
#4733 = ORIENTED_EDGE('',*,*,#1026,.T.);
#4734 = ORIENTED_EDGE('',*,*,#4735,.F.);
#4735 = EDGE_CURVE('',#4736,#1019,#4738,.T.);
#4736 = VERTEX_POINT('',#4737);
#4737 = CARTESIAN_POINT('',(10.5,10.930100010002,1.));
#4738 = LINE('',#4739,#4740);
#4739 = CARTESIAN_POINT('',(10.5,25.,1.));
#4740 = VECTOR('',#4741,1.);
#4741 = DIRECTION('',(0.,-1.,0.));
#4742 = ORIENTED_EDGE('',*,*,#4743,.F.);
#4743 = EDGE_CURVE('',#4744,#4736,#4746,.T.);
#4744 = VERTEX_POINT('',#4745);
#4745 = CARTESIAN_POINT('',(10.5,11.929899989998,1.));
#4746 = CIRCLE('',#4747,0.5);
#4747 = AXIS2_PLACEMENT_3D('',#4748,#4749,#4750);
#4748 = CARTESIAN_POINT('',(10.49,11.43,1.));
#4749 = DIRECTION('',(0.,0.,1.));
#4750 = DIRECTION('',(-1.,0.,0.));
#4751 = ORIENTED_EDGE('',*,*,#4752,.F.);
#4752 = EDGE_CURVE('',#1044,#4744,#4753,.T.);
#4753 = LINE('',#4754,#4755);
#4754 = CARTESIAN_POINT('',(10.5,25.,1.));
#4755 = VECTOR('',#4756,1.);
#4756 = DIRECTION('',(0.,-1.,0.));
#4757 = ORIENTED_EDGE('',*,*,#1043,.F.);
#4758 = ORIENTED_EDGE('',*,*,#1034,.F.);
#4759 = FACE_BOUND('',#4760,.T.);
#4760 = EDGE_LOOP('',(#4761));
#4761 = ORIENTED_EDGE('',*,*,#4762,.F.);
#4762 = EDGE_CURVE('',#4763,#4763,#4765,.T.);
#4763 = VERTEX_POINT('',#4764);
#4764 = CARTESIAN_POINT('',(9.39,11.43,1.));
#4765 = CIRCLE('',#4766,0.5);
#4766 = AXIS2_PLACEMENT_3D('',#4767,#4768,#4769);
#4767 = CARTESIAN_POINT('',(8.89,11.43,1.));
#4768 = DIRECTION('',(0.,0.,1.));
#4769 = DIRECTION('',(-1.,0.,0.));
#4770 = PLANE('',#4771);
#4771 = AXIS2_PLACEMENT_3D('',#4772,#4773,#4774);
#4772 = CARTESIAN_POINT('',(4.3E-16,1.14E-15,1.));
#4773 = DIRECTION('',(0.,0.,1.));
#4774 = DIRECTION('',(1.,0.,-0.));
#4775 = ADVANCED_FACE('',(#4776),#4801,.T.);
#4776 = FACE_BOUND('',#4777,.T.);
#4777 = EDGE_LOOP('',(#4778,#4788,#4794,#4795));
#4778 = ORIENTED_EDGE('',*,*,#4779,.F.);
#4779 = EDGE_CURVE('',#4780,#4782,#4784,.T.);
#4780 = VERTEX_POINT('',#4781);
#4781 = CARTESIAN_POINT('',(10.5,10.63,4.E-15));
#4782 = VERTEX_POINT('',#4783);
#4783 = CARTESIAN_POINT('',(10.5,9.69,4.E-15));
#4784 = LINE('',#4785,#4786);
#4785 = CARTESIAN_POINT('',(10.5,25.,0.));
#4786 = VECTOR('',#4787,1.);
#4787 = DIRECTION('',(0.,-1.,0.));
#4788 = ORIENTED_EDGE('',*,*,#4789,.T.);
#4789 = EDGE_CURVE('',#4780,#1019,#4790,.T.);
#4790 = LINE('',#4791,#4792);
#4791 = CARTESIAN_POINT('',(10.5,10.63,4.E-15));
#4792 = VECTOR('',#4793,1.);
#4793 = DIRECTION('',(0.,0.,1.));
#4794 = ORIENTED_EDGE('',*,*,#1018,.T.);
#4795 = ORIENTED_EDGE('',*,*,#4796,.F.);
#4796 = EDGE_CURVE('',#4782,#1011,#4797,.T.);
#4797 = LINE('',#4798,#4799);
#4798 = CARTESIAN_POINT('',(10.5,9.69,4.E-15));
#4799 = VECTOR('',#4800,1.);
#4800 = DIRECTION('',(0.,0.,1.));
#4801 = PLANE('',#4802);
#4802 = AXIS2_PLACEMENT_3D('',#4803,#4804,#4805);
#4803 = CARTESIAN_POINT('',(10.5,25.,0.));
#4804 = DIRECTION('',(1.,0.,-0.));
#4805 = DIRECTION('',(0.,-1.,0.));
#4806 = ADVANCED_FACE('',(#4807,#4835),#4846,.T.);
#4807 = FACE_BOUND('',#4808,.T.);
#4808 = EDGE_LOOP('',(#4809,#4810,#4818,#4827,#4833,#4834));
#4809 = ORIENTED_EDGE('',*,*,#993,.T.);
#4810 = ORIENTED_EDGE('',*,*,#4811,.F.);
#4811 = EDGE_CURVE('',#4812,#986,#4814,.T.);
#4812 = VERTEX_POINT('',#4813);
#4813 = CARTESIAN_POINT('',(10.5,8.390100010002,1.));
#4814 = LINE('',#4815,#4816);
#4815 = CARTESIAN_POINT('',(10.5,25.,1.));
#4816 = VECTOR('',#4817,1.);
#4817 = DIRECTION('',(0.,-1.,0.));
#4818 = ORIENTED_EDGE('',*,*,#4819,.F.);
#4819 = EDGE_CURVE('',#4820,#4812,#4822,.T.);
#4820 = VERTEX_POINT('',#4821);
#4821 = CARTESIAN_POINT('',(10.5,9.389899989998,1.));
#4822 = CIRCLE('',#4823,0.5);
#4823 = AXIS2_PLACEMENT_3D('',#4824,#4825,#4826);
#4824 = CARTESIAN_POINT('',(10.49,8.89,1.));
#4825 = DIRECTION('',(0.,0.,1.));
#4826 = DIRECTION('',(-1.,0.,0.));
#4827 = ORIENTED_EDGE('',*,*,#4828,.F.);
#4828 = EDGE_CURVE('',#1011,#4820,#4829,.T.);
#4829 = LINE('',#4830,#4831);
#4830 = CARTESIAN_POINT('',(10.5,25.,1.));
#4831 = VECTOR('',#4832,1.);
#4832 = DIRECTION('',(0.,-1.,0.));
#4833 = ORIENTED_EDGE('',*,*,#1010,.F.);
#4834 = ORIENTED_EDGE('',*,*,#1001,.F.);
#4835 = FACE_BOUND('',#4836,.T.);
#4836 = EDGE_LOOP('',(#4837));
#4837 = ORIENTED_EDGE('',*,*,#4838,.F.);
#4838 = EDGE_CURVE('',#4839,#4839,#4841,.T.);
#4839 = VERTEX_POINT('',#4840);
#4840 = CARTESIAN_POINT('',(9.39,8.89,1.));
#4841 = CIRCLE('',#4842,0.5);
#4842 = AXIS2_PLACEMENT_3D('',#4843,#4844,#4845);
#4843 = CARTESIAN_POINT('',(8.89,8.89,1.));
#4844 = DIRECTION('',(0.,0.,1.));
#4845 = DIRECTION('',(-1.,0.,0.));
#4846 = PLANE('',#4847);
#4847 = AXIS2_PLACEMENT_3D('',#4848,#4849,#4850);
#4848 = CARTESIAN_POINT('',(4.3E-16,1.14E-15,1.));
#4849 = DIRECTION('',(0.,0.,1.));
#4850 = DIRECTION('',(1.,0.,-0.));
#4851 = ADVANCED_FACE('',(#4852),#4877,.T.);
#4852 = FACE_BOUND('',#4853,.T.);
#4853 = EDGE_LOOP('',(#4854,#4864,#4870,#4871));
#4854 = ORIENTED_EDGE('',*,*,#4855,.F.);
#4855 = EDGE_CURVE('',#4856,#4858,#4860,.T.);
#4856 = VERTEX_POINT('',#4857);
#4857 = CARTESIAN_POINT('',(10.5,8.09,4.E-15));
#4858 = VERTEX_POINT('',#4859);
#4859 = CARTESIAN_POINT('',(10.5,7.150000000001,4.E-15));
#4860 = LINE('',#4861,#4862);
#4861 = CARTESIAN_POINT('',(10.5,25.,0.));
#4862 = VECTOR('',#4863,1.);
#4863 = DIRECTION('',(0.,-1.,0.));
#4864 = ORIENTED_EDGE('',*,*,#4865,.T.);
#4865 = EDGE_CURVE('',#4856,#986,#4866,.T.);
#4866 = LINE('',#4867,#4868);
#4867 = CARTESIAN_POINT('',(10.5,8.09,4.E-15));
#4868 = VECTOR('',#4869,1.);
#4869 = DIRECTION('',(0.,0.,1.));
#4870 = ORIENTED_EDGE('',*,*,#985,.T.);
#4871 = ORIENTED_EDGE('',*,*,#4872,.F.);
#4872 = EDGE_CURVE('',#4858,#978,#4873,.T.);
#4873 = LINE('',#4874,#4875);
#4874 = CARTESIAN_POINT('',(10.5,7.150000000001,4.E-15));
#4875 = VECTOR('',#4876,1.);
#4876 = DIRECTION('',(0.,0.,1.));
#4877 = PLANE('',#4878);
#4878 = AXIS2_PLACEMENT_3D('',#4879,#4880,#4881);
#4879 = CARTESIAN_POINT('',(10.5,25.,0.));
#4880 = DIRECTION('',(1.,0.,-0.));
#4881 = DIRECTION('',(0.,-1.,0.));
#4882 = ADVANCED_FACE('',(#4883,#4913),#4924,.T.);
#4883 = FACE_BOUND('',#4884,.T.);
#4884 = EDGE_LOOP('',(#4885,#4886,#4894,#4903,#4909,#4910,#4911,#4912));
#4885 = ORIENTED_EDGE('',*,*,#943,.T.);
#4886 = ORIENTED_EDGE('',*,*,#4887,.F.);
#4887 = EDGE_CURVE('',#4888,#936,#4890,.T.);
#4888 = VERTEX_POINT('',#4889);
#4889 = CARTESIAN_POINT('',(10.5,5.850100010002,1.));
#4890 = LINE('',#4891,#4892);
#4891 = CARTESIAN_POINT('',(10.5,25.,1.));
#4892 = VECTOR('',#4893,1.);
#4893 = DIRECTION('',(0.,-1.,0.));
#4894 = ORIENTED_EDGE('',*,*,#4895,.F.);
#4895 = EDGE_CURVE('',#4896,#4888,#4898,.T.);
#4896 = VERTEX_POINT('',#4897);
#4897 = CARTESIAN_POINT('',(10.5,6.849899989998,1.));
#4898 = CIRCLE('',#4899,0.5);
#4899 = AXIS2_PLACEMENT_3D('',#4900,#4901,#4902);
#4900 = CARTESIAN_POINT('',(10.49,6.35,1.));
#4901 = DIRECTION('',(0.,0.,1.));
#4902 = DIRECTION('',(-1.,0.,0.));
#4903 = ORIENTED_EDGE('',*,*,#4904,.F.);
#4904 = EDGE_CURVE('',#978,#4896,#4905,.T.);
#4905 = LINE('',#4906,#4907);
#4906 = CARTESIAN_POINT('',(10.5,25.,1.));
#4907 = VECTOR('',#4908,1.);
#4908 = DIRECTION('',(0.,-1.,0.));
#4909 = ORIENTED_EDGE('',*,*,#977,.F.);
#4910 = ORIENTED_EDGE('',*,*,#968,.F.);
#4911 = ORIENTED_EDGE('',*,*,#960,.T.);
#4912 = ORIENTED_EDGE('',*,*,#951,.F.);
#4913 = FACE_BOUND('',#4914,.T.);
#4914 = EDGE_LOOP('',(#4915));
#4915 = ORIENTED_EDGE('',*,*,#4916,.F.);
#4916 = EDGE_CURVE('',#4917,#4917,#4919,.T.);
#4917 = VERTEX_POINT('',#4918);
#4918 = CARTESIAN_POINT('',(9.39,6.35,1.));
#4919 = CIRCLE('',#4920,0.5);
#4920 = AXIS2_PLACEMENT_3D('',#4921,#4922,#4923);
#4921 = CARTESIAN_POINT('',(8.89,6.35,1.));
#4922 = DIRECTION('',(0.,0.,1.));
#4923 = DIRECTION('',(-1.,0.,0.));
#4924 = PLANE('',#4925);
#4925 = AXIS2_PLACEMENT_3D('',#4926,#4927,#4928);
#4926 = CARTESIAN_POINT('',(4.3E-16,1.14E-15,1.));
#4927 = DIRECTION('',(0.,0.,1.));
#4928 = DIRECTION('',(1.,0.,-0.));
#4929 = ADVANCED_FACE('',(#4930),#4955,.T.);
#4930 = FACE_BOUND('',#4931,.T.);
#4931 = EDGE_LOOP('',(#4932,#4942,#4948,#4949));
#4932 = ORIENTED_EDGE('',*,*,#4933,.F.);
#4933 = EDGE_CURVE('',#4934,#4936,#4938,.T.);
#4934 = VERTEX_POINT('',#4935);
#4935 = CARTESIAN_POINT('',(10.5,5.549999999999,4.E-15));
#4936 = VERTEX_POINT('',#4937);
#4937 = CARTESIAN_POINT('',(10.5,4.61,5.E-15));
#4938 = LINE('',#4939,#4940);
#4939 = CARTESIAN_POINT('',(10.5,25.,0.));
#4940 = VECTOR('',#4941,1.);
#4941 = DIRECTION('',(0.,-1.,0.));
#4942 = ORIENTED_EDGE('',*,*,#4943,.T.);
#4943 = EDGE_CURVE('',#4934,#936,#4944,.T.);
#4944 = LINE('',#4945,#4946);
#4945 = CARTESIAN_POINT('',(10.5,5.549999999999,4.E-15));
#4946 = VECTOR('',#4947,1.);
#4947 = DIRECTION('',(0.,0.,1.));
#4948 = ORIENTED_EDGE('',*,*,#935,.T.);
#4949 = ORIENTED_EDGE('',*,*,#4950,.F.);
#4950 = EDGE_CURVE('',#4936,#928,#4951,.T.);
#4951 = LINE('',#4952,#4953);
#4952 = CARTESIAN_POINT('',(10.5,4.61,5.E-15));
#4953 = VECTOR('',#4954,1.);
#4954 = DIRECTION('',(0.,0.,1.));
#4955 = PLANE('',#4956);
#4956 = AXIS2_PLACEMENT_3D('',#4957,#4958,#4959);
#4957 = CARTESIAN_POINT('',(10.5,25.,0.));
#4958 = DIRECTION('',(1.,0.,-0.));
#4959 = DIRECTION('',(0.,-1.,0.));
#4960 = ADVANCED_FACE('',(#4961,#4989),#5000,.T.);
#4961 = FACE_BOUND('',#4962,.T.);
#4962 = EDGE_LOOP('',(#4963,#4964,#4972,#4981,#4987,#4988));
#4963 = ORIENTED_EDGE('',*,*,#910,.T.);
#4964 = ORIENTED_EDGE('',*,*,#4965,.F.);
#4965 = EDGE_CURVE('',#4966,#903,#4968,.T.);
#4966 = VERTEX_POINT('',#4967);
#4967 = CARTESIAN_POINT('',(10.5,3.310100010002,1.));
#4968 = LINE('',#4969,#4970);
#4969 = CARTESIAN_POINT('',(10.5,25.,1.));
#4970 = VECTOR('',#4971,1.);
#4971 = DIRECTION('',(0.,-1.,0.));
#4972 = ORIENTED_EDGE('',*,*,#4973,.F.);
#4973 = EDGE_CURVE('',#4974,#4966,#4976,.T.);
#4974 = VERTEX_POINT('',#4975);
#4975 = CARTESIAN_POINT('',(10.5,4.309899989998,1.));
#4976 = CIRCLE('',#4977,0.5);
#4977 = AXIS2_PLACEMENT_3D('',#4978,#4979,#4980);
#4978 = CARTESIAN_POINT('',(10.49,3.81,1.));
#4979 = DIRECTION('',(0.,0.,1.));
#4980 = DIRECTION('',(-1.,0.,0.));
#4981 = ORIENTED_EDGE('',*,*,#4982,.F.);
#4982 = EDGE_CURVE('',#928,#4974,#4983,.T.);
#4983 = LINE('',#4984,#4985);
#4984 = CARTESIAN_POINT('',(10.5,25.,1.));
#4985 = VECTOR('',#4986,1.);
#4986 = DIRECTION('',(0.,-1.,0.));
#4987 = ORIENTED_EDGE('',*,*,#927,.F.);
#4988 = ORIENTED_EDGE('',*,*,#918,.F.);
#4989 = FACE_BOUND('',#4990,.T.);
#4990 = EDGE_LOOP('',(#4991));
#4991 = ORIENTED_EDGE('',*,*,#4992,.F.);
#4992 = EDGE_CURVE('',#4993,#4993,#4995,.T.);
#4993 = VERTEX_POINT('',#4994);
#4994 = CARTESIAN_POINT('',(9.39,3.81,1.));
#4995 = CIRCLE('',#4996,0.5);
#4996 = AXIS2_PLACEMENT_3D('',#4997,#4998,#4999);
#4997 = CARTESIAN_POINT('',(8.89,3.81,1.));
#4998 = DIRECTION('',(0.,0.,1.));
#4999 = DIRECTION('',(-1.,0.,0.));
#5000 = PLANE('',#5001);
#5001 = AXIS2_PLACEMENT_3D('',#5002,#5003,#5004);
#5002 = CARTESIAN_POINT('',(4.3E-16,1.14E-15,1.));
#5003 = DIRECTION('',(0.,0.,1.));
#5004 = DIRECTION('',(1.,0.,-0.));
#5005 = ADVANCED_FACE('',(#5006),#5031,.T.);
#5006 = FACE_BOUND('',#5007,.T.);
#5007 = EDGE_LOOP('',(#5008,#5018,#5024,#5025));
#5008 = ORIENTED_EDGE('',*,*,#5009,.F.);
#5009 = EDGE_CURVE('',#5010,#5012,#5014,.T.);
#5010 = VERTEX_POINT('',#5011);
#5011 = CARTESIAN_POINT('',(10.5,3.01,5.E-15));
#5012 = VERTEX_POINT('',#5013);
#5013 = CARTESIAN_POINT('',(10.5,2.07,5.E-15));
#5014 = LINE('',#5015,#5016);
#5015 = CARTESIAN_POINT('',(10.5,25.,0.));
#5016 = VECTOR('',#5017,1.);
#5017 = DIRECTION('',(0.,-1.,0.));
#5018 = ORIENTED_EDGE('',*,*,#5019,.T.);
#5019 = EDGE_CURVE('',#5010,#903,#5020,.T.);
#5020 = LINE('',#5021,#5022);
#5021 = CARTESIAN_POINT('',(10.5,3.01,5.E-15));
#5022 = VECTOR('',#5023,1.);
#5023 = DIRECTION('',(0.,0.,1.));
#5024 = ORIENTED_EDGE('',*,*,#902,.T.);
#5025 = ORIENTED_EDGE('',*,*,#5026,.F.);
#5026 = EDGE_CURVE('',#5012,#895,#5027,.T.);
#5027 = LINE('',#5028,#5029);
#5028 = CARTESIAN_POINT('',(10.5,2.07,5.E-15));
#5029 = VECTOR('',#5030,1.);
#5030 = DIRECTION('',(0.,0.,1.));
#5031 = PLANE('',#5032);
#5032 = AXIS2_PLACEMENT_3D('',#5033,#5034,#5035);
#5033 = CARTESIAN_POINT('',(10.5,25.,0.));
#5034 = DIRECTION('',(1.,0.,-0.));
#5035 = DIRECTION('',(0.,-1.,0.));
#5036 = ADVANCED_FACE('',(#5037,#5065),#5076,.T.);
#5037 = FACE_BOUND('',#5038,.T.);
#5038 = EDGE_LOOP('',(#5039,#5040,#5048,#5057,#5063,#5064));
#5039 = ORIENTED_EDGE('',*,*,#877,.T.);
#5040 = ORIENTED_EDGE('',*,*,#5041,.F.);
#5041 = EDGE_CURVE('',#5042,#870,#5044,.T.);
#5042 = VERTEX_POINT('',#5043);
#5043 = CARTESIAN_POINT('',(10.5,0.770100010002,1.));
#5044 = LINE('',#5045,#5046);
#5045 = CARTESIAN_POINT('',(10.5,25.,1.));
#5046 = VECTOR('',#5047,1.);
#5047 = DIRECTION('',(0.,-1.,0.));
#5048 = ORIENTED_EDGE('',*,*,#5049,.F.);
#5049 = EDGE_CURVE('',#5050,#5042,#5052,.T.);
#5050 = VERTEX_POINT('',#5051);
#5051 = CARTESIAN_POINT('',(10.5,1.769899989998,1.));
#5052 = CIRCLE('',#5053,0.5);
#5053 = AXIS2_PLACEMENT_3D('',#5054,#5055,#5056);
#5054 = CARTESIAN_POINT('',(10.49,1.27,1.));
#5055 = DIRECTION('',(0.,0.,1.));
#5056 = DIRECTION('',(-1.,0.,0.));
#5057 = ORIENTED_EDGE('',*,*,#5058,.F.);
#5058 = EDGE_CURVE('',#895,#5050,#5059,.T.);
#5059 = LINE('',#5060,#5061);
#5060 = CARTESIAN_POINT('',(10.5,25.,1.));
#5061 = VECTOR('',#5062,1.);
#5062 = DIRECTION('',(0.,-1.,0.));
#5063 = ORIENTED_EDGE('',*,*,#894,.F.);
#5064 = ORIENTED_EDGE('',*,*,#885,.F.);
#5065 = FACE_BOUND('',#5066,.T.);
#5066 = EDGE_LOOP('',(#5067));
#5067 = ORIENTED_EDGE('',*,*,#5068,.F.);
#5068 = EDGE_CURVE('',#5069,#5069,#5071,.T.);
#5069 = VERTEX_POINT('',#5070);
#5070 = CARTESIAN_POINT('',(9.39,1.27,1.));
#5071 = CIRCLE('',#5072,0.5);
#5072 = AXIS2_PLACEMENT_3D('',#5073,#5074,#5075);
#5073 = CARTESIAN_POINT('',(8.89,1.27,1.));
#5074 = DIRECTION('',(0.,0.,1.));
#5075 = DIRECTION('',(-1.,0.,0.));
#5076 = PLANE('',#5077);
#5077 = AXIS2_PLACEMENT_3D('',#5078,#5079,#5080);
#5078 = CARTESIAN_POINT('',(4.3E-16,1.14E-15,1.));
#5079 = DIRECTION('',(0.,0.,1.));
#5080 = DIRECTION('',(1.,0.,-0.));
#5081 = ADVANCED_FACE('',(#5082),#5107,.T.);
#5082 = FACE_BOUND('',#5083,.T.);
#5083 = EDGE_LOOP('',(#5084,#5094,#5100,#5101));
#5084 = ORIENTED_EDGE('',*,*,#5085,.F.);
#5085 = EDGE_CURVE('',#5086,#5088,#5090,.T.);
#5086 = VERTEX_POINT('',#5087);
#5087 = CARTESIAN_POINT('',(10.5,0.47,5.E-15));
#5088 = VERTEX_POINT('',#5089);
#5089 = CARTESIAN_POINT('',(10.5,-0.47,5.E-15));
#5090 = LINE('',#5091,#5092);
#5091 = CARTESIAN_POINT('',(10.5,25.,0.));
#5092 = VECTOR('',#5093,1.);
#5093 = DIRECTION('',(0.,-1.,0.));
#5094 = ORIENTED_EDGE('',*,*,#5095,.T.);
#5095 = EDGE_CURVE('',#5086,#870,#5096,.T.);
#5096 = LINE('',#5097,#5098);
#5097 = CARTESIAN_POINT('',(10.5,0.47,5.E-15));
#5098 = VECTOR('',#5099,1.);
#5099 = DIRECTION('',(0.,0.,1.));
#5100 = ORIENTED_EDGE('',*,*,#869,.T.);
#5101 = ORIENTED_EDGE('',*,*,#5102,.F.);
#5102 = EDGE_CURVE('',#5088,#862,#5103,.T.);
#5103 = LINE('',#5104,#5105);
#5104 = CARTESIAN_POINT('',(10.5,-0.47,5.E-15));
#5105 = VECTOR('',#5106,1.);
#5106 = DIRECTION('',(0.,0.,1.));
#5107 = PLANE('',#5108);
#5108 = AXIS2_PLACEMENT_3D('',#5109,#5110,#5111);
#5109 = CARTESIAN_POINT('',(10.5,25.,0.));
#5110 = DIRECTION('',(1.,0.,-0.));
#5111 = DIRECTION('',(0.,-1.,0.));
#5112 = ADVANCED_FACE('',(#5113,#5141),#5152,.T.);
#5113 = FACE_BOUND('',#5114,.T.);
#5114 = EDGE_LOOP('',(#5115,#5116,#5124,#5133,#5139,#5140));
#5115 = ORIENTED_EDGE('',*,*,#844,.T.);
#5116 = ORIENTED_EDGE('',*,*,#5117,.F.);
#5117 = EDGE_CURVE('',#5118,#837,#5120,.T.);
#5118 = VERTEX_POINT('',#5119);
#5119 = CARTESIAN_POINT('',(10.5,-1.769899989998,1.));
#5120 = LINE('',#5121,#5122);
#5121 = CARTESIAN_POINT('',(10.5,25.,1.));
#5122 = VECTOR('',#5123,1.);
#5123 = DIRECTION('',(0.,-1.,0.));
#5124 = ORIENTED_EDGE('',*,*,#5125,.F.);
#5125 = EDGE_CURVE('',#5126,#5118,#5128,.T.);
#5126 = VERTEX_POINT('',#5127);
#5127 = CARTESIAN_POINT('',(10.5,-0.770100010002,1.));
#5128 = CIRCLE('',#5129,0.5);
#5129 = AXIS2_PLACEMENT_3D('',#5130,#5131,#5132);
#5130 = CARTESIAN_POINT('',(10.49,-1.27,1.));
#5131 = DIRECTION('',(0.,0.,1.));
#5132 = DIRECTION('',(-1.,0.,0.));
#5133 = ORIENTED_EDGE('',*,*,#5134,.F.);
#5134 = EDGE_CURVE('',#862,#5126,#5135,.T.);
#5135 = LINE('',#5136,#5137);
#5136 = CARTESIAN_POINT('',(10.5,25.,1.));
#5137 = VECTOR('',#5138,1.);
#5138 = DIRECTION('',(0.,-1.,0.));
#5139 = ORIENTED_EDGE('',*,*,#861,.F.);
#5140 = ORIENTED_EDGE('',*,*,#852,.F.);
#5141 = FACE_BOUND('',#5142,.T.);
#5142 = EDGE_LOOP('',(#5143));
#5143 = ORIENTED_EDGE('',*,*,#5144,.F.);
#5144 = EDGE_CURVE('',#5145,#5145,#5147,.T.);
#5145 = VERTEX_POINT('',#5146);
#5146 = CARTESIAN_POINT('',(9.39,-1.27,1.));
#5147 = CIRCLE('',#5148,0.5);
#5148 = AXIS2_PLACEMENT_3D('',#5149,#5150,#5151);
#5149 = CARTESIAN_POINT('',(8.89,-1.27,1.));
#5150 = DIRECTION('',(0.,0.,1.));
#5151 = DIRECTION('',(-1.,0.,0.));
#5152 = PLANE('',#5153);
#5153 = AXIS2_PLACEMENT_3D('',#5154,#5155,#5156);
#5154 = CARTESIAN_POINT('',(4.3E-16,1.14E-15,1.));
#5155 = DIRECTION('',(0.,0.,1.));
#5156 = DIRECTION('',(1.,0.,-0.));
#5157 = ADVANCED_FACE('',(#5158),#5183,.T.);
#5158 = FACE_BOUND('',#5159,.T.);
#5159 = EDGE_LOOP('',(#5160,#5170,#5176,#5177));
#5160 = ORIENTED_EDGE('',*,*,#5161,.F.);
#5161 = EDGE_CURVE('',#5162,#5164,#5166,.T.);
#5162 = VERTEX_POINT('',#5163);
#5163 = CARTESIAN_POINT('',(10.5,-2.07,5.E-15));
#5164 = VERTEX_POINT('',#5165);
#5165 = CARTESIAN_POINT('',(10.5,-3.01,5.E-15));
#5166 = LINE('',#5167,#5168);
#5167 = CARTESIAN_POINT('',(10.5,25.,0.));
#5168 = VECTOR('',#5169,1.);
#5169 = DIRECTION('',(0.,-1.,0.));
#5170 = ORIENTED_EDGE('',*,*,#5171,.T.);
#5171 = EDGE_CURVE('',#5162,#837,#5172,.T.);
#5172 = LINE('',#5173,#5174);
#5173 = CARTESIAN_POINT('',(10.5,-2.07,5.E-15));
#5174 = VECTOR('',#5175,1.);
#5175 = DIRECTION('',(0.,0.,1.));
#5176 = ORIENTED_EDGE('',*,*,#836,.T.);
#5177 = ORIENTED_EDGE('',*,*,#5178,.F.);
#5178 = EDGE_CURVE('',#5164,#829,#5179,.T.);
#5179 = LINE('',#5180,#5181);
#5180 = CARTESIAN_POINT('',(10.5,-3.01,5.E-15));
#5181 = VECTOR('',#5182,1.);
#5182 = DIRECTION('',(0.,0.,1.));
#5183 = PLANE('',#5184);
#5184 = AXIS2_PLACEMENT_3D('',#5185,#5186,#5187);
#5185 = CARTESIAN_POINT('',(10.5,25.,0.));
#5186 = DIRECTION('',(1.,0.,-0.));
#5187 = DIRECTION('',(0.,-1.,0.));
#5188 = ADVANCED_FACE('',(#5189,#5217),#5228,.T.);
#5189 = FACE_BOUND('',#5190,.T.);
#5190 = EDGE_LOOP('',(#5191,#5192,#5200,#5209,#5215,#5216));
#5191 = ORIENTED_EDGE('',*,*,#811,.T.);
#5192 = ORIENTED_EDGE('',*,*,#5193,.F.);
#5193 = EDGE_CURVE('',#5194,#804,#5196,.T.);
#5194 = VERTEX_POINT('',#5195);
#5195 = CARTESIAN_POINT('',(10.5,-4.309899989998,1.));
#5196 = LINE('',#5197,#5198);
#5197 = CARTESIAN_POINT('',(10.5,25.,1.));
#5198 = VECTOR('',#5199,1.);
#5199 = DIRECTION('',(0.,-1.,0.));
#5200 = ORIENTED_EDGE('',*,*,#5201,.F.);
#5201 = EDGE_CURVE('',#5202,#5194,#5204,.T.);
#5202 = VERTEX_POINT('',#5203);
#5203 = CARTESIAN_POINT('',(10.5,-3.310100010002,1.));
#5204 = CIRCLE('',#5205,0.5);
#5205 = AXIS2_PLACEMENT_3D('',#5206,#5207,#5208);
#5206 = CARTESIAN_POINT('',(10.49,-3.81,1.));
#5207 = DIRECTION('',(0.,0.,1.));
#5208 = DIRECTION('',(-1.,0.,0.));
#5209 = ORIENTED_EDGE('',*,*,#5210,.F.);
#5210 = EDGE_CURVE('',#829,#5202,#5211,.T.);
#5211 = LINE('',#5212,#5213);
#5212 = CARTESIAN_POINT('',(10.5,25.,1.));
#5213 = VECTOR('',#5214,1.);
#5214 = DIRECTION('',(0.,-1.,0.));
#5215 = ORIENTED_EDGE('',*,*,#828,.F.);
#5216 = ORIENTED_EDGE('',*,*,#819,.F.);
#5217 = FACE_BOUND('',#5218,.T.);
#5218 = EDGE_LOOP('',(#5219));
#5219 = ORIENTED_EDGE('',*,*,#5220,.F.);
#5220 = EDGE_CURVE('',#5221,#5221,#5223,.T.);
#5221 = VERTEX_POINT('',#5222);
#5222 = CARTESIAN_POINT('',(9.39,-3.81,1.));
#5223 = CIRCLE('',#5224,0.5);
#5224 = AXIS2_PLACEMENT_3D('',#5225,#5226,#5227);
#5225 = CARTESIAN_POINT('',(8.89,-3.81,1.));
#5226 = DIRECTION('',(0.,0.,1.));
#5227 = DIRECTION('',(-1.,0.,0.));
#5228 = PLANE('',#5229);
#5229 = AXIS2_PLACEMENT_3D('',#5230,#5231,#5232);
#5230 = CARTESIAN_POINT('',(4.3E-16,1.14E-15,1.));
#5231 = DIRECTION('',(0.,0.,1.));
#5232 = DIRECTION('',(1.,0.,-0.));
#5233 = ADVANCED_FACE('',(#5234),#5259,.T.);
#5234 = FACE_BOUND('',#5235,.T.);
#5235 = EDGE_LOOP('',(#5236,#5246,#5252,#5253));
#5236 = ORIENTED_EDGE('',*,*,#5237,.F.);
#5237 = EDGE_CURVE('',#5238,#5240,#5242,.T.);
#5238 = VERTEX_POINT('',#5239);
#5239 = CARTESIAN_POINT('',(10.5,-4.61,5.E-15));
#5240 = VERTEX_POINT('',#5241);
#5241 = CARTESIAN_POINT('',(10.5,-5.549999999999,5.E-15));
#5242 = LINE('',#5243,#5244);
#5243 = CARTESIAN_POINT('',(10.5,25.,0.));
#5244 = VECTOR('',#5245,1.);
#5245 = DIRECTION('',(0.,-1.,0.));
#5246 = ORIENTED_EDGE('',*,*,#5247,.T.);
#5247 = EDGE_CURVE('',#5238,#804,#5248,.T.);
#5248 = LINE('',#5249,#5250);
#5249 = CARTESIAN_POINT('',(10.5,-4.61,5.E-15));
#5250 = VECTOR('',#5251,1.);
#5251 = DIRECTION('',(0.,0.,1.));
#5252 = ORIENTED_EDGE('',*,*,#803,.T.);
#5253 = ORIENTED_EDGE('',*,*,#5254,.F.);
#5254 = EDGE_CURVE('',#5240,#796,#5255,.T.);
#5255 = LINE('',#5256,#5257);
#5256 = CARTESIAN_POINT('',(10.5,-5.549999999999,5.E-15));
#5257 = VECTOR('',#5258,1.);
#5258 = DIRECTION('',(0.,0.,1.));
#5259 = PLANE('',#5260);
#5260 = AXIS2_PLACEMENT_3D('',#5261,#5262,#5263);
#5261 = CARTESIAN_POINT('',(10.5,25.,0.));
#5262 = DIRECTION('',(1.,0.,-0.));
#5263 = DIRECTION('',(0.,-1.,0.));
#5264 = ADVANCED_FACE('',(#5265,#5295),#5306,.T.);
#5265 = FACE_BOUND('',#5266,.T.);
#5266 = EDGE_LOOP('',(#5267,#5268,#5276,#5285,#5291,#5292,#5293,#5294));
#5267 = ORIENTED_EDGE('',*,*,#761,.T.);
#5268 = ORIENTED_EDGE('',*,*,#5269,.F.);
#5269 = EDGE_CURVE('',#5270,#754,#5272,.T.);
#5270 = VERTEX_POINT('',#5271);
#5271 = CARTESIAN_POINT('',(10.5,-6.849899989998,1.));
#5272 = LINE('',#5273,#5274);
#5273 = CARTESIAN_POINT('',(10.5,25.,1.));
#5274 = VECTOR('',#5275,1.);
#5275 = DIRECTION('',(0.,-1.,0.));
#5276 = ORIENTED_EDGE('',*,*,#5277,.F.);
#5277 = EDGE_CURVE('',#5278,#5270,#5280,.T.);
#5278 = VERTEX_POINT('',#5279);
#5279 = CARTESIAN_POINT('',(10.5,-5.850100010002,1.));
#5280 = CIRCLE('',#5281,0.5);
#5281 = AXIS2_PLACEMENT_3D('',#5282,#5283,#5284);
#5282 = CARTESIAN_POINT('',(10.49,-6.35,1.));
#5283 = DIRECTION('',(0.,0.,1.));
#5284 = DIRECTION('',(-1.,0.,0.));
#5285 = ORIENTED_EDGE('',*,*,#5286,.F.);
#5286 = EDGE_CURVE('',#796,#5278,#5287,.T.);
#5287 = LINE('',#5288,#5289);
#5288 = CARTESIAN_POINT('',(10.5,25.,1.));
#5289 = VECTOR('',#5290,1.);
#5290 = DIRECTION('',(0.,-1.,0.));
#5291 = ORIENTED_EDGE('',*,*,#795,.F.);
#5292 = ORIENTED_EDGE('',*,*,#786,.F.);
#5293 = ORIENTED_EDGE('',*,*,#778,.T.);
#5294 = ORIENTED_EDGE('',*,*,#769,.F.);
#5295 = FACE_BOUND('',#5296,.T.);
#5296 = EDGE_LOOP('',(#5297));
#5297 = ORIENTED_EDGE('',*,*,#5298,.F.);
#5298 = EDGE_CURVE('',#5299,#5299,#5301,.T.);
#5299 = VERTEX_POINT('',#5300);
#5300 = CARTESIAN_POINT('',(9.39,-6.35,1.));
#5301 = CIRCLE('',#5302,0.5);
#5302 = AXIS2_PLACEMENT_3D('',#5303,#5304,#5305);
#5303 = CARTESIAN_POINT('',(8.89,-6.35,1.));
#5304 = DIRECTION('',(0.,0.,1.));
#5305 = DIRECTION('',(-1.,0.,0.));
#5306 = PLANE('',#5307);
#5307 = AXIS2_PLACEMENT_3D('',#5308,#5309,#5310);
#5308 = CARTESIAN_POINT('',(4.3E-16,1.14E-15,1.));
#5309 = DIRECTION('',(0.,0.,1.));
#5310 = DIRECTION('',(1.,0.,-0.));
#5311 = ADVANCED_FACE('',(#5312),#5337,.T.);
#5312 = FACE_BOUND('',#5313,.T.);
#5313 = EDGE_LOOP('',(#5314,#5324,#5330,#5331));
#5314 = ORIENTED_EDGE('',*,*,#5315,.F.);
#5315 = EDGE_CURVE('',#5316,#5318,#5320,.T.);
#5316 = VERTEX_POINT('',#5317);
#5317 = CARTESIAN_POINT('',(10.5,-7.150000000001,5.E-15));
#5318 = VERTEX_POINT('',#5319);
#5319 = CARTESIAN_POINT('',(10.5,-8.09,6.E-15));
#5320 = LINE('',#5321,#5322);
#5321 = CARTESIAN_POINT('',(10.5,25.,0.));
#5322 = VECTOR('',#5323,1.);
#5323 = DIRECTION('',(0.,-1.,0.));
#5324 = ORIENTED_EDGE('',*,*,#5325,.T.);
#5325 = EDGE_CURVE('',#5316,#754,#5326,.T.);
#5326 = LINE('',#5327,#5328);
#5327 = CARTESIAN_POINT('',(10.5,-7.150000000001,5.E-15));
#5328 = VECTOR('',#5329,1.);
#5329 = DIRECTION('',(0.,0.,1.));
#5330 = ORIENTED_EDGE('',*,*,#753,.T.);
#5331 = ORIENTED_EDGE('',*,*,#5332,.F.);
#5332 = EDGE_CURVE('',#5318,#746,#5333,.T.);
#5333 = LINE('',#5334,#5335);
#5334 = CARTESIAN_POINT('',(10.5,-8.09,6.E-15));
#5335 = VECTOR('',#5336,1.);
#5336 = DIRECTION('',(0.,0.,1.));
#5337 = PLANE('',#5338);
#5338 = AXIS2_PLACEMENT_3D('',#5339,#5340,#5341);
#5339 = CARTESIAN_POINT('',(10.5,25.,0.));
#5340 = DIRECTION('',(1.,0.,-0.));
#5341 = DIRECTION('',(0.,-1.,0.));
#5342 = ADVANCED_FACE('',(#5343,#5371),#5382,.T.);
#5343 = FACE_BOUND('',#5344,.T.);
#5344 = EDGE_LOOP('',(#5345,#5346,#5354,#5363,#5369,#5370));
#5345 = ORIENTED_EDGE('',*,*,#728,.T.);
#5346 = ORIENTED_EDGE('',*,*,#5347,.F.);
#5347 = EDGE_CURVE('',#5348,#721,#5350,.T.);
#5348 = VERTEX_POINT('',#5349);
#5349 = CARTESIAN_POINT('',(10.5,-9.389899989998,1.));
#5350 = LINE('',#5351,#5352);
#5351 = CARTESIAN_POINT('',(10.5,25.,1.));
#5352 = VECTOR('',#5353,1.);
#5353 = DIRECTION('',(0.,-1.,0.));
#5354 = ORIENTED_EDGE('',*,*,#5355,.F.);
#5355 = EDGE_CURVE('',#5356,#5348,#5358,.T.);
#5356 = VERTEX_POINT('',#5357);
#5357 = CARTESIAN_POINT('',(10.5,-8.390100010002,1.));
#5358 = CIRCLE('',#5359,0.5);
#5359 = AXIS2_PLACEMENT_3D('',#5360,#5361,#5362);
#5360 = CARTESIAN_POINT('',(10.49,-8.89,1.));
#5361 = DIRECTION('',(0.,0.,1.));
#5362 = DIRECTION('',(-1.,0.,0.));
#5363 = ORIENTED_EDGE('',*,*,#5364,.F.);
#5364 = EDGE_CURVE('',#746,#5356,#5365,.T.);
#5365 = LINE('',#5366,#5367);
#5366 = CARTESIAN_POINT('',(10.5,25.,1.));
#5367 = VECTOR('',#5368,1.);
#5368 = DIRECTION('',(0.,-1.,0.));
#5369 = ORIENTED_EDGE('',*,*,#745,.F.);
#5370 = ORIENTED_EDGE('',*,*,#736,.F.);
#5371 = FACE_BOUND('',#5372,.T.);
#5372 = EDGE_LOOP('',(#5373));
#5373 = ORIENTED_EDGE('',*,*,#5374,.F.);
#5374 = EDGE_CURVE('',#5375,#5375,#5377,.T.);
#5375 = VERTEX_POINT('',#5376);
#5376 = CARTESIAN_POINT('',(9.39,-8.89,1.));
#5377 = CIRCLE('',#5378,0.5);
#5378 = AXIS2_PLACEMENT_3D('',#5379,#5380,#5381);
#5379 = CARTESIAN_POINT('',(8.89,-8.89,1.));
#5380 = DIRECTION('',(0.,0.,1.));
#5381 = DIRECTION('',(-1.,0.,0.));
#5382 = PLANE('',#5383);
#5383 = AXIS2_PLACEMENT_3D('',#5384,#5385,#5386);
#5384 = CARTESIAN_POINT('',(4.3E-16,1.14E-15,1.));
#5385 = DIRECTION('',(0.,0.,1.));
#5386 = DIRECTION('',(1.,0.,-0.));
#5387 = ADVANCED_FACE('',(#5388),#5413,.T.);
#5388 = FACE_BOUND('',#5389,.T.);
#5389 = EDGE_LOOP('',(#5390,#5400,#5406,#5407));
#5390 = ORIENTED_EDGE('',*,*,#5391,.F.);
#5391 = EDGE_CURVE('',#5392,#5394,#5396,.T.);
#5392 = VERTEX_POINT('',#5393);
#5393 = CARTESIAN_POINT('',(10.5,-9.69,6.E-15));
#5394 = VERTEX_POINT('',#5395);
#5395 = CARTESIAN_POINT('',(10.5,-10.63,6.E-15));
#5396 = LINE('',#5397,#5398);
#5397 = CARTESIAN_POINT('',(10.5,25.,0.));
#5398 = VECTOR('',#5399,1.);
#5399 = DIRECTION('',(0.,-1.,0.));
#5400 = ORIENTED_EDGE('',*,*,#5401,.T.);
#5401 = EDGE_CURVE('',#5392,#721,#5402,.T.);
#5402 = LINE('',#5403,#5404);
#5403 = CARTESIAN_POINT('',(10.5,-9.69,6.E-15));
#5404 = VECTOR('',#5405,1.);
#5405 = DIRECTION('',(0.,0.,1.));
#5406 = ORIENTED_EDGE('',*,*,#720,.T.);
#5407 = ORIENTED_EDGE('',*,*,#5408,.F.);
#5408 = EDGE_CURVE('',#5394,#713,#5409,.T.);
#5409 = LINE('',#5410,#5411);
#5410 = CARTESIAN_POINT('',(10.5,-10.63,6.E-15));
#5411 = VECTOR('',#5412,1.);
#5412 = DIRECTION('',(0.,0.,1.));
#5413 = PLANE('',#5414);
#5414 = AXIS2_PLACEMENT_3D('',#5415,#5416,#5417);
#5415 = CARTESIAN_POINT('',(10.5,25.,0.));
#5416 = DIRECTION('',(1.,0.,-0.));
#5417 = DIRECTION('',(0.,-1.,0.));
#5418 = ADVANCED_FACE('',(#5419,#5447),#5458,.T.);
#5419 = FACE_BOUND('',#5420,.T.);
#5420 = EDGE_LOOP('',(#5421,#5422,#5430,#5439,#5445,#5446));
#5421 = ORIENTED_EDGE('',*,*,#695,.T.);
#5422 = ORIENTED_EDGE('',*,*,#5423,.F.);
#5423 = EDGE_CURVE('',#5424,#688,#5426,.T.);
#5424 = VERTEX_POINT('',#5425);
#5425 = CARTESIAN_POINT('',(10.5,-11.92989998999,1.));
#5426 = LINE('',#5427,#5428);
#5427 = CARTESIAN_POINT('',(10.5,25.,1.));
#5428 = VECTOR('',#5429,1.);
#5429 = DIRECTION('',(0.,-1.,0.));
#5430 = ORIENTED_EDGE('',*,*,#5431,.F.);
#5431 = EDGE_CURVE('',#5432,#5424,#5434,.T.);
#5432 = VERTEX_POINT('',#5433);
#5433 = CARTESIAN_POINT('',(10.5,-10.93010001,1.));
#5434 = CIRCLE('',#5435,0.5);
#5435 = AXIS2_PLACEMENT_3D('',#5436,#5437,#5438);
#5436 = CARTESIAN_POINT('',(10.49,-11.43,1.));
#5437 = DIRECTION('',(0.,0.,1.));
#5438 = DIRECTION('',(-1.,0.,0.));
#5439 = ORIENTED_EDGE('',*,*,#5440,.F.);
#5440 = EDGE_CURVE('',#713,#5432,#5441,.T.);
#5441 = LINE('',#5442,#5443);
#5442 = CARTESIAN_POINT('',(10.5,25.,1.));
#5443 = VECTOR('',#5444,1.);
#5444 = DIRECTION('',(0.,-1.,0.));
#5445 = ORIENTED_EDGE('',*,*,#712,.F.);
#5446 = ORIENTED_EDGE('',*,*,#703,.F.);
#5447 = FACE_BOUND('',#5448,.T.);
#5448 = EDGE_LOOP('',(#5449));
#5449 = ORIENTED_EDGE('',*,*,#5450,.F.);
#5450 = EDGE_CURVE('',#5451,#5451,#5453,.T.);
#5451 = VERTEX_POINT('',#5452);
#5452 = CARTESIAN_POINT('',(9.39,-11.43,1.));
#5453 = CIRCLE('',#5454,0.5);
#5454 = AXIS2_PLACEMENT_3D('',#5455,#5456,#5457);
#5455 = CARTESIAN_POINT('',(8.89,-11.43,1.));
#5456 = DIRECTION('',(0.,0.,1.));
#5457 = DIRECTION('',(-1.,0.,0.));
#5458 = PLANE('',#5459);
#5459 = AXIS2_PLACEMENT_3D('',#5460,#5461,#5462);
#5460 = CARTESIAN_POINT('',(4.3E-16,1.14E-15,1.));
#5461 = DIRECTION('',(0.,0.,1.));
#5462 = DIRECTION('',(1.,0.,-0.));
#5463 = ADVANCED_FACE('',(#5464),#5489,.T.);
#5464 = FACE_BOUND('',#5465,.T.);
#5465 = EDGE_LOOP('',(#5466,#5476,#5482,#5483));
#5466 = ORIENTED_EDGE('',*,*,#5467,.F.);
#5467 = EDGE_CURVE('',#5468,#5470,#5472,.T.);
#5468 = VERTEX_POINT('',#5469);
#5469 = CARTESIAN_POINT('',(10.5,-12.23,6.E-15));
#5470 = VERTEX_POINT('',#5471);
#5471 = CARTESIAN_POINT('',(10.5,-13.17,7.E-15));
#5472 = LINE('',#5473,#5474);
#5473 = CARTESIAN_POINT('',(10.5,25.,0.));
#5474 = VECTOR('',#5475,1.);
#5475 = DIRECTION('',(0.,-1.,0.));
#5476 = ORIENTED_EDGE('',*,*,#5477,.T.);
#5477 = EDGE_CURVE('',#5468,#688,#5478,.T.);
#5478 = LINE('',#5479,#5480);
#5479 = CARTESIAN_POINT('',(10.5,-12.23,6.E-15));
#5480 = VECTOR('',#5481,1.);
#5481 = DIRECTION('',(0.,0.,1.));
#5482 = ORIENTED_EDGE('',*,*,#687,.T.);
#5483 = ORIENTED_EDGE('',*,*,#5484,.F.);
#5484 = EDGE_CURVE('',#5470,#680,#5485,.T.);
#5485 = LINE('',#5486,#5487);
#5486 = CARTESIAN_POINT('',(10.5,-13.17,7.E-15));
#5487 = VECTOR('',#5488,1.);
#5488 = DIRECTION('',(0.,0.,1.));
#5489 = PLANE('',#5490);
#5490 = AXIS2_PLACEMENT_3D('',#5491,#5492,#5493);
#5491 = CARTESIAN_POINT('',(10.5,25.,0.));
#5492 = DIRECTION('',(1.,0.,-0.));
#5493 = DIRECTION('',(0.,-1.,0.));
#5494 = ADVANCED_FACE('',(#5495,#5523),#5534,.T.);
#5495 = FACE_BOUND('',#5496,.T.);
#5496 = EDGE_LOOP('',(#5497,#5498,#5506,#5515,#5521,#5522));
#5497 = ORIENTED_EDGE('',*,*,#662,.T.);
#5498 = ORIENTED_EDGE('',*,*,#5499,.F.);
#5499 = EDGE_CURVE('',#5500,#655,#5502,.T.);
#5500 = VERTEX_POINT('',#5501);
#5501 = CARTESIAN_POINT('',(10.5,-14.46989998999,1.));
#5502 = LINE('',#5503,#5504);
#5503 = CARTESIAN_POINT('',(10.5,25.,1.));
#5504 = VECTOR('',#5505,1.);
#5505 = DIRECTION('',(0.,-1.,0.));
#5506 = ORIENTED_EDGE('',*,*,#5507,.F.);
#5507 = EDGE_CURVE('',#5508,#5500,#5510,.T.);
#5508 = VERTEX_POINT('',#5509);
#5509 = CARTESIAN_POINT('',(10.5,-13.47010001,1.));
#5510 = CIRCLE('',#5511,0.5);
#5511 = AXIS2_PLACEMENT_3D('',#5512,#5513,#5514);
#5512 = CARTESIAN_POINT('',(10.49,-13.97,1.));
#5513 = DIRECTION('',(0.,0.,1.));
#5514 = DIRECTION('',(-1.,0.,0.));
#5515 = ORIENTED_EDGE('',*,*,#5516,.F.);
#5516 = EDGE_CURVE('',#680,#5508,#5517,.T.);
#5517 = LINE('',#5518,#5519);
#5518 = CARTESIAN_POINT('',(10.5,25.,1.));
#5519 = VECTOR('',#5520,1.);
#5520 = DIRECTION('',(0.,-1.,0.));
#5521 = ORIENTED_EDGE('',*,*,#679,.F.);
#5522 = ORIENTED_EDGE('',*,*,#670,.F.);
#5523 = FACE_BOUND('',#5524,.T.);
#5524 = EDGE_LOOP('',(#5525));
#5525 = ORIENTED_EDGE('',*,*,#5526,.F.);
#5526 = EDGE_CURVE('',#5527,#5527,#5529,.T.);
#5527 = VERTEX_POINT('',#5528);
#5528 = CARTESIAN_POINT('',(9.39,-13.97,1.));
#5529 = CIRCLE('',#5530,0.5);
#5530 = AXIS2_PLACEMENT_3D('',#5531,#5532,#5533);
#5531 = CARTESIAN_POINT('',(8.89,-13.97,1.));
#5532 = DIRECTION('',(0.,0.,1.));
#5533 = DIRECTION('',(-1.,0.,0.));
#5534 = PLANE('',#5535);
#5535 = AXIS2_PLACEMENT_3D('',#5536,#5537,#5538);
#5536 = CARTESIAN_POINT('',(4.3E-16,1.14E-15,1.));
#5537 = DIRECTION('',(0.,0.,1.));
#5538 = DIRECTION('',(1.,0.,-0.));
#5539 = ADVANCED_FACE('',(#5540),#5565,.T.);
#5540 = FACE_BOUND('',#5541,.T.);
#5541 = EDGE_LOOP('',(#5542,#5552,#5558,#5559));
#5542 = ORIENTED_EDGE('',*,*,#5543,.F.);
#5543 = EDGE_CURVE('',#5544,#5546,#5548,.T.);
#5544 = VERTEX_POINT('',#5545);
#5545 = CARTESIAN_POINT('',(10.5,-14.77,7.E-15));
#5546 = VERTEX_POINT('',#5547);
#5547 = CARTESIAN_POINT('',(10.5,-15.71,7.E-15));
#5548 = LINE('',#5549,#5550);
#5549 = CARTESIAN_POINT('',(10.5,25.,0.));
#5550 = VECTOR('',#5551,1.);
#5551 = DIRECTION('',(0.,-1.,0.));
#5552 = ORIENTED_EDGE('',*,*,#5553,.T.);
#5553 = EDGE_CURVE('',#5544,#655,#5554,.T.);
#5554 = LINE('',#5555,#5556);
#5555 = CARTESIAN_POINT('',(10.5,-14.77,7.E-15));
#5556 = VECTOR('',#5557,1.);
#5557 = DIRECTION('',(0.,0.,1.));
#5558 = ORIENTED_EDGE('',*,*,#654,.T.);
#5559 = ORIENTED_EDGE('',*,*,#5560,.F.);
#5560 = EDGE_CURVE('',#5546,#647,#5561,.T.);
#5561 = LINE('',#5562,#5563);
#5562 = CARTESIAN_POINT('',(10.5,-15.71,7.E-15));
#5563 = VECTOR('',#5564,1.);
#5564 = DIRECTION('',(0.,0.,1.));
#5565 = PLANE('',#5566);
#5566 = AXIS2_PLACEMENT_3D('',#5567,#5568,#5569);
#5567 = CARTESIAN_POINT('',(10.5,25.,0.));
#5568 = DIRECTION('',(1.,0.,-0.));
#5569 = DIRECTION('',(0.,-1.,0.));
#5570 = ADVANCED_FACE('',(#5571,#5599),#5610,.T.);
#5571 = FACE_BOUND('',#5572,.T.);
#5572 = EDGE_LOOP('',(#5573,#5574,#5582,#5591,#5597,#5598));
#5573 = ORIENTED_EDGE('',*,*,#629,.T.);
#5574 = ORIENTED_EDGE('',*,*,#5575,.F.);
#5575 = EDGE_CURVE('',#5576,#622,#5578,.T.);
#5576 = VERTEX_POINT('',#5577);
#5577 = CARTESIAN_POINT('',(10.5,-17.00989998999,1.));
#5578 = LINE('',#5579,#5580);
#5579 = CARTESIAN_POINT('',(10.5,25.,1.));
#5580 = VECTOR('',#5581,1.);
#5581 = DIRECTION('',(0.,-1.,0.));
#5582 = ORIENTED_EDGE('',*,*,#5583,.F.);
#5583 = EDGE_CURVE('',#5584,#5576,#5586,.T.);
#5584 = VERTEX_POINT('',#5585);
#5585 = CARTESIAN_POINT('',(10.5,-16.01010001,1.));
#5586 = CIRCLE('',#5587,0.5);
#5587 = AXIS2_PLACEMENT_3D('',#5588,#5589,#5590);
#5588 = CARTESIAN_POINT('',(10.49,-16.51,1.));
#5589 = DIRECTION('',(0.,0.,1.));
#5590 = DIRECTION('',(-1.,0.,0.));
#5591 = ORIENTED_EDGE('',*,*,#5592,.F.);
#5592 = EDGE_CURVE('',#647,#5584,#5593,.T.);
#5593 = LINE('',#5594,#5595);
#5594 = CARTESIAN_POINT('',(10.5,25.,1.));
#5595 = VECTOR('',#5596,1.);
#5596 = DIRECTION('',(0.,-1.,0.));
#5597 = ORIENTED_EDGE('',*,*,#646,.F.);
#5598 = ORIENTED_EDGE('',*,*,#637,.F.);
#5599 = FACE_BOUND('',#5600,.T.);
#5600 = EDGE_LOOP('',(#5601));
#5601 = ORIENTED_EDGE('',*,*,#5602,.F.);
#5602 = EDGE_CURVE('',#5603,#5603,#5605,.T.);
#5603 = VERTEX_POINT('',#5604);
#5604 = CARTESIAN_POINT('',(9.39,-16.51,1.));
#5605 = CIRCLE('',#5606,0.5);
#5606 = AXIS2_PLACEMENT_3D('',#5607,#5608,#5609);
#5607 = CARTESIAN_POINT('',(8.89,-16.51,1.));
#5608 = DIRECTION('',(0.,0.,1.));
#5609 = DIRECTION('',(-1.,0.,0.));
#5610 = PLANE('',#5611);
#5611 = AXIS2_PLACEMENT_3D('',#5612,#5613,#5614);
#5612 = CARTESIAN_POINT('',(4.3E-16,1.14E-15,1.));
#5613 = DIRECTION('',(0.,0.,1.));
#5614 = DIRECTION('',(1.,0.,-0.));
#5615 = ADVANCED_FACE('',(#5616),#5641,.T.);
#5616 = FACE_BOUND('',#5617,.T.);
#5617 = EDGE_LOOP('',(#5618,#5628,#5634,#5635));
#5618 = ORIENTED_EDGE('',*,*,#5619,.F.);
#5619 = EDGE_CURVE('',#5620,#5622,#5624,.T.);
#5620 = VERTEX_POINT('',#5621);
#5621 = CARTESIAN_POINT('',(10.5,-17.31,7.E-15));
#5622 = VERTEX_POINT('',#5623);
#5623 = CARTESIAN_POINT('',(10.5,-18.24999999999,7.E-15));
#5624 = LINE('',#5625,#5626);
#5625 = CARTESIAN_POINT('',(10.5,25.,0.));
#5626 = VECTOR('',#5627,1.);
#5627 = DIRECTION('',(0.,-1.,0.));
#5628 = ORIENTED_EDGE('',*,*,#5629,.T.);
#5629 = EDGE_CURVE('',#5620,#622,#5630,.T.);
#5630 = LINE('',#5631,#5632);
#5631 = CARTESIAN_POINT('',(10.5,-17.31,7.E-15));
#5632 = VECTOR('',#5633,1.);
#5633 = DIRECTION('',(0.,0.,1.));
#5634 = ORIENTED_EDGE('',*,*,#621,.T.);
#5635 = ORIENTED_EDGE('',*,*,#5636,.F.);
#5636 = EDGE_CURVE('',#5622,#614,#5637,.T.);
#5637 = LINE('',#5638,#5639);
#5638 = CARTESIAN_POINT('',(10.5,-18.24999999999,7.E-15));
#5639 = VECTOR('',#5640,1.);
#5640 = DIRECTION('',(0.,0.,1.));
#5641 = PLANE('',#5642);
#5642 = AXIS2_PLACEMENT_3D('',#5643,#5644,#5645);
#5643 = CARTESIAN_POINT('',(10.5,25.,0.));
#5644 = DIRECTION('',(1.,0.,-0.));
#5645 = DIRECTION('',(0.,-1.,0.));
#5646 = ADVANCED_FACE('',(#5647,#5677),#5688,.T.);
#5647 = FACE_BOUND('',#5648,.T.);
#5648 = EDGE_LOOP('',(#5649,#5650,#5658,#5667,#5673,#5674,#5675,#5676));
#5649 = ORIENTED_EDGE('',*,*,#579,.T.);
#5650 = ORIENTED_EDGE('',*,*,#5651,.F.);
#5651 = EDGE_CURVE('',#5652,#572,#5654,.T.);
#5652 = VERTEX_POINT('',#5653);
#5653 = CARTESIAN_POINT('',(10.5,-19.54989998999,1.));
#5654 = LINE('',#5655,#5656);
#5655 = CARTESIAN_POINT('',(10.5,25.,1.));
#5656 = VECTOR('',#5657,1.);
#5657 = DIRECTION('',(0.,-1.,0.));
#5658 = ORIENTED_EDGE('',*,*,#5659,.F.);
#5659 = EDGE_CURVE('',#5660,#5652,#5662,.T.);
#5660 = VERTEX_POINT('',#5661);
#5661 = CARTESIAN_POINT('',(10.5,-18.55010001,1.));
#5662 = CIRCLE('',#5663,0.5);
#5663 = AXIS2_PLACEMENT_3D('',#5664,#5665,#5666);
#5664 = CARTESIAN_POINT('',(10.49,-19.05,1.));
#5665 = DIRECTION('',(0.,0.,1.));
#5666 = DIRECTION('',(-1.,0.,0.));
#5667 = ORIENTED_EDGE('',*,*,#5668,.F.);
#5668 = EDGE_CURVE('',#614,#5660,#5669,.T.);
#5669 = LINE('',#5670,#5671);
#5670 = CARTESIAN_POINT('',(10.5,25.,1.));
#5671 = VECTOR('',#5672,1.);
#5672 = DIRECTION('',(0.,-1.,0.));
#5673 = ORIENTED_EDGE('',*,*,#613,.F.);
#5674 = ORIENTED_EDGE('',*,*,#604,.F.);
#5675 = ORIENTED_EDGE('',*,*,#596,.T.);
#5676 = ORIENTED_EDGE('',*,*,#587,.F.);
#5677 = FACE_BOUND('',#5678,.T.);
#5678 = EDGE_LOOP('',(#5679));
#5679 = ORIENTED_EDGE('',*,*,#5680,.F.);
#5680 = EDGE_CURVE('',#5681,#5681,#5683,.T.);
#5681 = VERTEX_POINT('',#5682);
#5682 = CARTESIAN_POINT('',(9.39,-19.05,1.));
#5683 = CIRCLE('',#5684,0.5);
#5684 = AXIS2_PLACEMENT_3D('',#5685,#5686,#5687);
#5685 = CARTESIAN_POINT('',(8.89,-19.05,1.));
#5686 = DIRECTION('',(0.,0.,1.));
#5687 = DIRECTION('',(-1.,0.,0.));
#5688 = PLANE('',#5689);
#5689 = AXIS2_PLACEMENT_3D('',#5690,#5691,#5692);
#5690 = CARTESIAN_POINT('',(4.3E-16,1.14E-15,1.));
#5691 = DIRECTION('',(0.,0.,1.));
#5692 = DIRECTION('',(1.,0.,-0.));
#5693 = ADVANCED_FACE('',(#5694),#5719,.T.);
#5694 = FACE_BOUND('',#5695,.T.);
#5695 = EDGE_LOOP('',(#5696,#5706,#5712,#5713));
#5696 = ORIENTED_EDGE('',*,*,#5697,.F.);
#5697 = EDGE_CURVE('',#5698,#5700,#5702,.T.);
#5698 = VERTEX_POINT('',#5699);
#5699 = CARTESIAN_POINT('',(10.5,-19.85,7.E-15));
#5700 = VERTEX_POINT('',#5701);
#5701 = CARTESIAN_POINT('',(10.5,-20.79,7.E-15));
#5702 = LINE('',#5703,#5704);
#5703 = CARTESIAN_POINT('',(10.5,25.,0.));
#5704 = VECTOR('',#5705,1.);
#5705 = DIRECTION('',(0.,-1.,0.));
#5706 = ORIENTED_EDGE('',*,*,#5707,.T.);
#5707 = EDGE_CURVE('',#5698,#572,#5708,.T.);
#5708 = LINE('',#5709,#5710);
#5709 = CARTESIAN_POINT('',(10.5,-19.85,7.E-15));
#5710 = VECTOR('',#5711,1.);
#5711 = DIRECTION('',(0.,0.,1.));
#5712 = ORIENTED_EDGE('',*,*,#571,.T.);
#5713 = ORIENTED_EDGE('',*,*,#5714,.F.);
#5714 = EDGE_CURVE('',#5700,#564,#5715,.T.);
#5715 = LINE('',#5716,#5717);
#5716 = CARTESIAN_POINT('',(10.5,-20.79,7.E-15));
#5717 = VECTOR('',#5718,1.);
#5718 = DIRECTION('',(0.,0.,1.));
#5719 = PLANE('',#5720);
#5720 = AXIS2_PLACEMENT_3D('',#5721,#5722,#5723);
#5721 = CARTESIAN_POINT('',(10.5,25.,0.));
#5722 = DIRECTION('',(1.,0.,-0.));
#5723 = DIRECTION('',(0.,-1.,0.));
#5724 = ADVANCED_FACE('',(#5725,#5753),#5764,.T.);
#5725 = FACE_BOUND('',#5726,.T.);
#5726 = EDGE_LOOP('',(#5727,#5728,#5736,#5745,#5751,#5752));
#5727 = ORIENTED_EDGE('',*,*,#546,.T.);
#5728 = ORIENTED_EDGE('',*,*,#5729,.F.);
#5729 = EDGE_CURVE('',#5730,#539,#5732,.T.);
#5730 = VERTEX_POINT('',#5731);
#5731 = CARTESIAN_POINT('',(10.5,-22.08989998999,1.));
#5732 = LINE('',#5733,#5734);
#5733 = CARTESIAN_POINT('',(10.5,25.,1.));
#5734 = VECTOR('',#5735,1.);
#5735 = DIRECTION('',(0.,-1.,0.));
#5736 = ORIENTED_EDGE('',*,*,#5737,.F.);
#5737 = EDGE_CURVE('',#5738,#5730,#5740,.T.);
#5738 = VERTEX_POINT('',#5739);
#5739 = CARTESIAN_POINT('',(10.5,-21.09010001,1.));
#5740 = CIRCLE('',#5741,0.5);
#5741 = AXIS2_PLACEMENT_3D('',#5742,#5743,#5744);
#5742 = CARTESIAN_POINT('',(10.49,-21.59,1.));
#5743 = DIRECTION('',(0.,0.,1.));
#5744 = DIRECTION('',(-1.,0.,0.));
#5745 = ORIENTED_EDGE('',*,*,#5746,.F.);
#5746 = EDGE_CURVE('',#564,#5738,#5747,.T.);
#5747 = LINE('',#5748,#5749);
#5748 = CARTESIAN_POINT('',(10.5,25.,1.));
#5749 = VECTOR('',#5750,1.);
#5750 = DIRECTION('',(0.,-1.,0.));
#5751 = ORIENTED_EDGE('',*,*,#563,.F.);
#5752 = ORIENTED_EDGE('',*,*,#554,.F.);
#5753 = FACE_BOUND('',#5754,.T.);
#5754 = EDGE_LOOP('',(#5755));
#5755 = ORIENTED_EDGE('',*,*,#5756,.F.);
#5756 = EDGE_CURVE('',#5757,#5757,#5759,.T.);
#5757 = VERTEX_POINT('',#5758);
#5758 = CARTESIAN_POINT('',(9.39,-21.59,1.));
#5759 = CIRCLE('',#5760,0.5);
#5760 = AXIS2_PLACEMENT_3D('',#5761,#5762,#5763);
#5761 = CARTESIAN_POINT('',(8.89,-21.59,1.));
#5762 = DIRECTION('',(0.,0.,1.));
#5763 = DIRECTION('',(-1.,0.,0.));
#5764 = PLANE('',#5765);
#5765 = AXIS2_PLACEMENT_3D('',#5766,#5767,#5768);
#5766 = CARTESIAN_POINT('',(4.3E-16,1.14E-15,1.));
#5767 = DIRECTION('',(0.,0.,1.));
#5768 = DIRECTION('',(1.,0.,-0.));
#5769 = ADVANCED_FACE('',(#5770),#5795,.T.);
#5770 = FACE_BOUND('',#5771,.T.);
#5771 = EDGE_LOOP('',(#5772,#5782,#5788,#5789));
#5772 = ORIENTED_EDGE('',*,*,#5773,.F.);
#5773 = EDGE_CURVE('',#5774,#5776,#5778,.T.);
#5774 = VERTEX_POINT('',#5775);
#5775 = CARTESIAN_POINT('',(10.5,-22.39,7.E-15));
#5776 = VERTEX_POINT('',#5777);
#5777 = CARTESIAN_POINT('',(10.5,-23.33,8.E-15));
#5778 = LINE('',#5779,#5780);
#5779 = CARTESIAN_POINT('',(10.5,25.,0.));
#5780 = VECTOR('',#5781,1.);
#5781 = DIRECTION('',(0.,-1.,0.));
#5782 = ORIENTED_EDGE('',*,*,#5783,.T.);
#5783 = EDGE_CURVE('',#5774,#539,#5784,.T.);
#5784 = LINE('',#5785,#5786);
#5785 = CARTESIAN_POINT('',(10.5,-22.39,7.E-15));
#5786 = VECTOR('',#5787,1.);
#5787 = DIRECTION('',(0.,0.,1.));
#5788 = ORIENTED_EDGE('',*,*,#538,.T.);
#5789 = ORIENTED_EDGE('',*,*,#5790,.F.);
#5790 = EDGE_CURVE('',#5776,#531,#5791,.T.);
#5791 = LINE('',#5792,#5793);
#5792 = CARTESIAN_POINT('',(10.5,-23.33,8.E-15));
#5793 = VECTOR('',#5794,1.);
#5794 = DIRECTION('',(0.,0.,1.));
#5795 = PLANE('',#5796);
#5796 = AXIS2_PLACEMENT_3D('',#5797,#5798,#5799);
#5797 = CARTESIAN_POINT('',(10.5,25.,0.));
#5798 = DIRECTION('',(1.,0.,-0.));
#5799 = DIRECTION('',(0.,-1.,0.));
#5800 = ADVANCED_FACE('',(#5801,#5829),#5840,.T.);
#5801 = FACE_BOUND('',#5802,.T.);
#5802 = EDGE_LOOP('',(#5803,#5804,#5812,#5821,#5827,#5828));
#5803 = ORIENTED_EDGE('',*,*,#513,.T.);
#5804 = ORIENTED_EDGE('',*,*,#5805,.F.);
#5805 = EDGE_CURVE('',#5806,#506,#5808,.T.);
#5806 = VERTEX_POINT('',#5807);
#5807 = CARTESIAN_POINT('',(10.5,-24.62989998999,1.));
#5808 = LINE('',#5809,#5810);
#5809 = CARTESIAN_POINT('',(10.5,25.,1.));
#5810 = VECTOR('',#5811,1.);
#5811 = DIRECTION('',(0.,-1.,0.));
#5812 = ORIENTED_EDGE('',*,*,#5813,.F.);
#5813 = EDGE_CURVE('',#5814,#5806,#5816,.T.);
#5814 = VERTEX_POINT('',#5815);
#5815 = CARTESIAN_POINT('',(10.5,-23.63010001,1.));
#5816 = CIRCLE('',#5817,0.5);
#5817 = AXIS2_PLACEMENT_3D('',#5818,#5819,#5820);
#5818 = CARTESIAN_POINT('',(10.49,-24.13,1.));
#5819 = DIRECTION('',(0.,0.,1.));
#5820 = DIRECTION('',(-1.,0.,0.));
#5821 = ORIENTED_EDGE('',*,*,#5822,.F.);
#5822 = EDGE_CURVE('',#531,#5814,#5823,.T.);
#5823 = LINE('',#5824,#5825);
#5824 = CARTESIAN_POINT('',(10.5,25.,1.));
#5825 = VECTOR('',#5826,1.);
#5826 = DIRECTION('',(0.,-1.,0.));
#5827 = ORIENTED_EDGE('',*,*,#530,.F.);
#5828 = ORIENTED_EDGE('',*,*,#521,.F.);
#5829 = FACE_BOUND('',#5830,.T.);
#5830 = EDGE_LOOP('',(#5831));
#5831 = ORIENTED_EDGE('',*,*,#5832,.F.);
#5832 = EDGE_CURVE('',#5833,#5833,#5835,.T.);
#5833 = VERTEX_POINT('',#5834);
#5834 = CARTESIAN_POINT('',(9.39,-24.13,1.));
#5835 = CIRCLE('',#5836,0.5);
#5836 = AXIS2_PLACEMENT_3D('',#5837,#5838,#5839);
#5837 = CARTESIAN_POINT('',(8.89,-24.13,1.));
#5838 = DIRECTION('',(0.,0.,1.));
#5839 = DIRECTION('',(-1.,0.,0.));
#5840 = PLANE('',#5841);
#5841 = AXIS2_PLACEMENT_3D('',#5842,#5843,#5844);
#5842 = CARTESIAN_POINT('',(4.3E-16,1.14E-15,1.));
#5843 = DIRECTION('',(0.,0.,1.));
#5844 = DIRECTION('',(1.,0.,-0.));
#5845 = ADVANCED_FACE('',(#5846),#5871,.T.);
#5846 = FACE_BOUND('',#5847,.T.);
#5847 = EDGE_LOOP('',(#5848,#5858,#5864,#5865));
#5848 = ORIENTED_EDGE('',*,*,#5849,.F.);
#5849 = EDGE_CURVE('',#5850,#5852,#5854,.T.);
#5850 = VERTEX_POINT('',#5851);
#5851 = CARTESIAN_POINT('',(10.5,-24.93,8.E-15));
#5852 = VERTEX_POINT('',#5853);
#5853 = CARTESIAN_POINT('',(10.5,-25.,0.));
#5854 = LINE('',#5855,#5856);
#5855 = CARTESIAN_POINT('',(10.5,25.,0.));
#5856 = VECTOR('',#5857,1.);
#5857 = DIRECTION('',(0.,-1.,0.));
#5858 = ORIENTED_EDGE('',*,*,#5859,.T.);
#5859 = EDGE_CURVE('',#5850,#506,#5860,.T.);
#5860 = LINE('',#5861,#5862);
#5861 = CARTESIAN_POINT('',(10.5,-24.93,8.E-15));
#5862 = VECTOR('',#5863,1.);
#5863 = DIRECTION('',(0.,0.,1.));
#5864 = ORIENTED_EDGE('',*,*,#505,.T.);
#5865 = ORIENTED_EDGE('',*,*,#5866,.F.);
#5866 = EDGE_CURVE('',#5852,#497,#5867,.T.);
#5867 = LINE('',#5868,#5869);
#5868 = CARTESIAN_POINT('',(10.5,-25.,0.));
#5869 = VECTOR('',#5870,1.);
#5870 = DIRECTION('',(0.,0.,1.));
#5871 = PLANE('',#5872);
#5872 = AXIS2_PLACEMENT_3D('',#5873,#5874,#5875);
#5873 = CARTESIAN_POINT('',(10.5,25.,0.));
#5874 = DIRECTION('',(1.,0.,-0.));
#5875 = DIRECTION('',(0.,-1.,0.));
#5876 = ADVANCED_FACE('',(#5877),#5896,.T.);
#5877 = FACE_BOUND('',#5878,.T.);
#5878 = EDGE_LOOP('',(#5879,#5888,#5889,#5890));
#5879 = ORIENTED_EDGE('',*,*,#5880,.T.);
#5880 = EDGE_CURVE('',#5881,#5852,#5883,.T.);
#5881 = VERTEX_POINT('',#5882);
#5882 = CARTESIAN_POINT('',(10.,-25.5,0.));
#5883 = CIRCLE('',#5884,0.5);
#5884 = AXIS2_PLACEMENT_3D('',#5885,#5886,#5887);
#5885 = CARTESIAN_POINT('',(10.,-25.,0.));
#5886 = DIRECTION('',(0.,0.,1.));
#5887 = DIRECTION('',(1.,0.,-0.));
#5888 = ORIENTED_EDGE('',*,*,#5866,.T.);
#5889 = ORIENTED_EDGE('',*,*,#496,.F.);
#5890 = ORIENTED_EDGE('',*,*,#5891,.F.);
#5891 = EDGE_CURVE('',#5881,#489,#5892,.T.);
#5892 = LINE('',#5893,#5894);
#5893 = CARTESIAN_POINT('',(10.,-25.5,0.));
#5894 = VECTOR('',#5895,1.);
#5895 = DIRECTION('',(0.,0.,1.));
#5896 = CYLINDRICAL_SURFACE('',#5897,0.5);
#5897 = AXIS2_PLACEMENT_3D('',#5898,#5899,#5900);
#5898 = CARTESIAN_POINT('',(10.,-25.,0.));
#5899 = DIRECTION('',(2.2E-16,0.,-1.));
#5900 = DIRECTION('',(1.,-0.,2.2E-16));
#5901 = ADVANCED_FACE('',(#5902),#5920,.T.);
#5902 = FACE_BOUND('',#5903,.T.);
#5903 = EDGE_LOOP('',(#5904,#5912,#5913,#5914));
#5904 = ORIENTED_EDGE('',*,*,#5905,.F.);
#5905 = EDGE_CURVE('',#5881,#5906,#5908,.T.);
#5906 = VERTEX_POINT('',#5907);
#5907 = CARTESIAN_POINT('',(3.34,-25.5,1.E-15));
#5908 = LINE('',#5909,#5910);
#5909 = CARTESIAN_POINT('',(10.,-25.5,0.));
#5910 = VECTOR('',#5911,1.);
#5911 = DIRECTION('',(-1.,0.,0.));
#5912 = ORIENTED_EDGE('',*,*,#5891,.T.);
#5913 = ORIENTED_EDGE('',*,*,#488,.T.);
#5914 = ORIENTED_EDGE('',*,*,#5915,.T.);
#5915 = EDGE_CURVE('',#481,#5906,#5916,.T.);
#5916 = LINE('',#5917,#5918);
#5917 = CARTESIAN_POINT('',(3.34,-25.5,28.775082572253));
#5918 = VECTOR('',#5919,1.);
#5919 = DIRECTION('',(2.2E-16,0.,-1.));
#5920 = PLANE('',#5921);
#5921 = AXIS2_PLACEMENT_3D('',#5922,#5923,#5924);
#5922 = CARTESIAN_POINT('',(10.,-25.5,0.));
#5923 = DIRECTION('',(0.,-1.,0.));
#5924 = DIRECTION('',(-1.,0.,0.));
#5925 = ADVANCED_FACE('',(#5926,#5954),#5965,.T.);
#5926 = FACE_BOUND('',#5927,.T.);
#5927 = EDGE_LOOP('',(#5928,#5929,#5937,#5946,#5952,#5953));
#5928 = ORIENTED_EDGE('',*,*,#463,.T.);
#5929 = ORIENTED_EDGE('',*,*,#5930,.F.);
#5930 = EDGE_CURVE('',#5931,#456,#5933,.T.);
#5931 = VERTEX_POINT('',#5932);
#5932 = CARTESIAN_POINT('',(2.04,-25.5,1.));
#5933 = LINE('',#5934,#5935);
#5934 = CARTESIAN_POINT('',(10.,-25.5,1.));
#5935 = VECTOR('',#5936,1.);
#5936 = DIRECTION('',(-1.,0.,0.));
#5937 = ORIENTED_EDGE('',*,*,#5938,.F.);
#5938 = EDGE_CURVE('',#5939,#5931,#5941,.T.);
#5939 = VERTEX_POINT('',#5940);
#5940 = CARTESIAN_POINT('',(3.04,-25.5,1.));
#5941 = CIRCLE('',#5942,0.5);
#5942 = AXIS2_PLACEMENT_3D('',#5943,#5944,#5945);
#5943 = CARTESIAN_POINT('',(2.54,-25.5,1.));
#5944 = DIRECTION('',(0.,-0.,1.));
#5945 = DIRECTION('',(0.,1.,0.));
#5946 = ORIENTED_EDGE('',*,*,#5947,.F.);
#5947 = EDGE_CURVE('',#481,#5939,#5948,.T.);
#5948 = LINE('',#5949,#5950);
#5949 = CARTESIAN_POINT('',(10.,-25.5,1.));
#5950 = VECTOR('',#5951,1.);
#5951 = DIRECTION('',(-1.,0.,0.));
#5952 = ORIENTED_EDGE('',*,*,#480,.F.);
#5953 = ORIENTED_EDGE('',*,*,#471,.F.);
#5954 = FACE_BOUND('',#5955,.T.);
#5955 = EDGE_LOOP('',(#5956));
#5956 = ORIENTED_EDGE('',*,*,#5957,.F.);
#5957 = EDGE_CURVE('',#5958,#5958,#5960,.T.);
#5958 = VERTEX_POINT('',#5959);
#5959 = CARTESIAN_POINT('',(2.54,-24.4,1.));
#5960 = CIRCLE('',#5961,0.5);
#5961 = AXIS2_PLACEMENT_3D('',#5962,#5963,#5964);
#5962 = CARTESIAN_POINT('',(2.54,-23.9,1.));
#5963 = DIRECTION('',(0.,-0.,1.));
#5964 = DIRECTION('',(0.,1.,0.));
#5965 = PLANE('',#5966);
#5966 = AXIS2_PLACEMENT_3D('',#5967,#5968,#5969);
#5967 = CARTESIAN_POINT('',(4.3E-16,1.14E-15,1.));
#5968 = DIRECTION('',(0.,0.,1.));
#5969 = DIRECTION('',(1.,0.,-0.));
#5970 = ADVANCED_FACE('',(#5971),#5996,.T.);
#5971 = FACE_BOUND('',#5972,.T.);
#5972 = EDGE_LOOP('',(#5973,#5983,#5989,#5990));
#5973 = ORIENTED_EDGE('',*,*,#5974,.F.);
#5974 = EDGE_CURVE('',#5975,#5977,#5979,.T.);
#5975 = VERTEX_POINT('',#5976);
#5976 = CARTESIAN_POINT('',(1.74,-25.5,0.));
#5977 = VERTEX_POINT('',#5978);
#5978 = CARTESIAN_POINT('',(0.800000000001,-25.5,0.));
#5979 = LINE('',#5980,#5981);
#5980 = CARTESIAN_POINT('',(10.,-25.5,0.));
#5981 = VECTOR('',#5982,1.);
#5982 = DIRECTION('',(-1.,0.,0.));
#5983 = ORIENTED_EDGE('',*,*,#5984,.F.);
#5984 = EDGE_CURVE('',#456,#5975,#5985,.T.);
#5985 = LINE('',#5986,#5987);
#5986 = CARTESIAN_POINT('',(1.74,-25.5,28.775082572253));
#5987 = VECTOR('',#5988,1.);
#5988 = DIRECTION('',(2.2E-16,0.,-1.));
#5989 = ORIENTED_EDGE('',*,*,#455,.T.);
#5990 = ORIENTED_EDGE('',*,*,#5991,.T.);
#5991 = EDGE_CURVE('',#448,#5977,#5992,.T.);
#5992 = LINE('',#5993,#5994);
#5993 = CARTESIAN_POINT('',(0.800000000001,-25.5,28.775082572253));
#5994 = VECTOR('',#5995,1.);
#5995 = DIRECTION('',(2.2E-16,0.,-1.));
#5996 = PLANE('',#5997);
#5997 = AXIS2_PLACEMENT_3D('',#5998,#5999,#6000);
#5998 = CARTESIAN_POINT('',(10.,-25.5,0.));
#5999 = DIRECTION('',(0.,-1.,0.));
#6000 = DIRECTION('',(-1.,0.,0.));
#6001 = ADVANCED_FACE('',(#6002,#6032),#6043,.T.);
#6002 = FACE_BOUND('',#6003,.T.);
#6003 = EDGE_LOOP('',(#6004,#6005,#6013,#6022,#6028,#6029,#6030,#6031));
#6004 = ORIENTED_EDGE('',*,*,#413,.T.);
#6005 = ORIENTED_EDGE('',*,*,#6006,.F.);
#6006 = EDGE_CURVE('',#6007,#406,#6009,.T.);
#6007 = VERTEX_POINT('',#6008);
#6008 = CARTESIAN_POINT('',(-0.5,-25.5,1.));
#6009 = LINE('',#6010,#6011);
#6010 = CARTESIAN_POINT('',(10.,-25.5,1.));
#6011 = VECTOR('',#6012,1.);
#6012 = DIRECTION('',(-1.,0.,0.));
#6013 = ORIENTED_EDGE('',*,*,#6014,.F.);
#6014 = EDGE_CURVE('',#6015,#6007,#6017,.T.);
#6015 = VERTEX_POINT('',#6016);
#6016 = CARTESIAN_POINT('',(0.5,-25.5,1.));
#6017 = CIRCLE('',#6018,0.5);
#6018 = AXIS2_PLACEMENT_3D('',#6019,#6020,#6021);
#6019 = CARTESIAN_POINT('',(0.,-25.5,1.));
#6020 = DIRECTION('',(0.,-0.,1.));
#6021 = DIRECTION('',(0.,1.,0.));
#6022 = ORIENTED_EDGE('',*,*,#6023,.F.);
#6023 = EDGE_CURVE('',#448,#6015,#6024,.T.);
#6024 = LINE('',#6025,#6026);
#6025 = CARTESIAN_POINT('',(10.,-25.5,1.));
#6026 = VECTOR('',#6027,1.);
#6027 = DIRECTION('',(-1.,0.,0.));
#6028 = ORIENTED_EDGE('',*,*,#447,.F.);
#6029 = ORIENTED_EDGE('',*,*,#438,.T.);
#6030 = ORIENTED_EDGE('',*,*,#430,.F.);
#6031 = ORIENTED_EDGE('',*,*,#421,.T.);
#6032 = FACE_BOUND('',#6033,.T.);
#6033 = EDGE_LOOP('',(#6034));
#6034 = ORIENTED_EDGE('',*,*,#6035,.F.);
#6035 = EDGE_CURVE('',#6036,#6036,#6038,.T.);
#6036 = VERTEX_POINT('',#6037);
#6037 = CARTESIAN_POINT('',(0.,-24.4,1.));
#6038 = CIRCLE('',#6039,0.5);
#6039 = AXIS2_PLACEMENT_3D('',#6040,#6041,#6042);
#6040 = CARTESIAN_POINT('',(0.,-23.9,1.));
#6041 = DIRECTION('',(0.,-0.,1.));
#6042 = DIRECTION('',(0.,1.,0.));
#6043 = PLANE('',#6044);
#6044 = AXIS2_PLACEMENT_3D('',#6045,#6046,#6047);
#6045 = CARTESIAN_POINT('',(4.3E-16,1.14E-15,1.));
#6046 = DIRECTION('',(0.,0.,1.));
#6047 = DIRECTION('',(1.,0.,-0.));
#6048 = ADVANCED_FACE('',(#6049),#6074,.T.);
#6049 = FACE_BOUND('',#6050,.T.);
#6050 = EDGE_LOOP('',(#6051,#6061,#6067,#6068));
#6051 = ORIENTED_EDGE('',*,*,#6052,.F.);
#6052 = EDGE_CURVE('',#6053,#6055,#6057,.T.);
#6053 = VERTEX_POINT('',#6054);
#6054 = CARTESIAN_POINT('',(-0.800000000001,-25.5,0.));
#6055 = VERTEX_POINT('',#6056);
#6056 = CARTESIAN_POINT('',(-1.74,-25.5,0.));
#6057 = LINE('',#6058,#6059);
#6058 = CARTESIAN_POINT('',(10.,-25.5,0.));
#6059 = VECTOR('',#6060,1.);
#6060 = DIRECTION('',(-1.,0.,0.));
#6061 = ORIENTED_EDGE('',*,*,#6062,.F.);
#6062 = EDGE_CURVE('',#406,#6053,#6063,.T.);
#6063 = LINE('',#6064,#6065);
#6064 = CARTESIAN_POINT('',(-0.800000000001,-25.5,28.775082572253));
#6065 = VECTOR('',#6066,1.);
#6066 = DIRECTION('',(2.2E-16,0.,-1.));
#6067 = ORIENTED_EDGE('',*,*,#405,.T.);
#6068 = ORIENTED_EDGE('',*,*,#6069,.T.);
#6069 = EDGE_CURVE('',#398,#6055,#6070,.T.);
#6070 = LINE('',#6071,#6072);
#6071 = CARTESIAN_POINT('',(-1.74,-25.5,28.775082572253));
#6072 = VECTOR('',#6073,1.);
#6073 = DIRECTION('',(2.2E-16,0.,-1.));
#6074 = PLANE('',#6075);
#6075 = AXIS2_PLACEMENT_3D('',#6076,#6077,#6078);
#6076 = CARTESIAN_POINT('',(10.,-25.5,0.));
#6077 = DIRECTION('',(0.,-1.,0.));
#6078 = DIRECTION('',(-1.,0.,0.));
#6079 = ADVANCED_FACE('',(#6080,#6108),#6119,.T.);
#6080 = FACE_BOUND('',#6081,.T.);
#6081 = EDGE_LOOP('',(#6082,#6083,#6091,#6100,#6106,#6107));
#6082 = ORIENTED_EDGE('',*,*,#380,.T.);
#6083 = ORIENTED_EDGE('',*,*,#6084,.F.);
#6084 = EDGE_CURVE('',#6085,#373,#6087,.T.);
#6085 = VERTEX_POINT('',#6086);
#6086 = CARTESIAN_POINT('',(-3.04,-25.5,1.));
#6087 = LINE('',#6088,#6089);
#6088 = CARTESIAN_POINT('',(10.,-25.5,1.));
#6089 = VECTOR('',#6090,1.);
#6090 = DIRECTION('',(-1.,0.,0.));
#6091 = ORIENTED_EDGE('',*,*,#6092,.F.);
#6092 = EDGE_CURVE('',#6093,#6085,#6095,.T.);
#6093 = VERTEX_POINT('',#6094);
#6094 = CARTESIAN_POINT('',(-2.04,-25.5,1.));
#6095 = CIRCLE('',#6096,0.5);
#6096 = AXIS2_PLACEMENT_3D('',#6097,#6098,#6099);
#6097 = CARTESIAN_POINT('',(-2.54,-25.5,1.));
#6098 = DIRECTION('',(0.,-0.,1.));
#6099 = DIRECTION('',(0.,1.,0.));
#6100 = ORIENTED_EDGE('',*,*,#6101,.F.);
#6101 = EDGE_CURVE('',#398,#6093,#6102,.T.);
#6102 = LINE('',#6103,#6104);
#6103 = CARTESIAN_POINT('',(10.,-25.5,1.));
#6104 = VECTOR('',#6105,1.);
#6105 = DIRECTION('',(-1.,0.,0.));
#6106 = ORIENTED_EDGE('',*,*,#397,.F.);
#6107 = ORIENTED_EDGE('',*,*,#388,.T.);
#6108 = FACE_BOUND('',#6109,.T.);
#6109 = EDGE_LOOP('',(#6110));
#6110 = ORIENTED_EDGE('',*,*,#6111,.F.);
#6111 = EDGE_CURVE('',#6112,#6112,#6114,.T.);
#6112 = VERTEX_POINT('',#6113);
#6113 = CARTESIAN_POINT('',(-2.54,-24.4,1.));
#6114 = CIRCLE('',#6115,0.5);
#6115 = AXIS2_PLACEMENT_3D('',#6116,#6117,#6118);
#6116 = CARTESIAN_POINT('',(-2.54,-23.9,1.));
#6117 = DIRECTION('',(0.,-0.,1.));
#6118 = DIRECTION('',(0.,1.,0.));
#6119 = PLANE('',#6120);
#6120 = AXIS2_PLACEMENT_3D('',#6121,#6122,#6123);
#6121 = CARTESIAN_POINT('',(4.3E-16,1.14E-15,1.));
#6122 = DIRECTION('',(0.,0.,1.));
#6123 = DIRECTION('',(1.,0.,-0.));
#6124 = ADVANCED_FACE('',(#6125),#6150,.T.);
#6125 = FACE_BOUND('',#6126,.T.);
#6126 = EDGE_LOOP('',(#6127,#6137,#6143,#6144));
#6127 = ORIENTED_EDGE('',*,*,#6128,.F.);
#6128 = EDGE_CURVE('',#6129,#6131,#6133,.T.);
#6129 = VERTEX_POINT('',#6130);
#6130 = CARTESIAN_POINT('',(-3.34,-25.5,0.));
#6131 = VERTEX_POINT('',#6132);
#6132 = CARTESIAN_POINT('',(-10.,-25.5,0.));
#6133 = LINE('',#6134,#6135);
#6134 = CARTESIAN_POINT('',(10.,-25.5,0.));
#6135 = VECTOR('',#6136,1.);
#6136 = DIRECTION('',(-1.,0.,0.));
#6137 = ORIENTED_EDGE('',*,*,#6138,.F.);
#6138 = EDGE_CURVE('',#373,#6129,#6139,.T.);
#6139 = LINE('',#6140,#6141);
#6140 = CARTESIAN_POINT('',(-3.34,-25.5,28.775082572253));
#6141 = VECTOR('',#6142,1.);
#6142 = DIRECTION('',(2.2E-16,0.,-1.));
#6143 = ORIENTED_EDGE('',*,*,#372,.T.);
#6144 = ORIENTED_EDGE('',*,*,#6145,.F.);
#6145 = EDGE_CURVE('',#6131,#364,#6146,.T.);
#6146 = LINE('',#6147,#6148);
#6147 = CARTESIAN_POINT('',(-10.,-25.5,0.));
#6148 = VECTOR('',#6149,1.);
#6149 = DIRECTION('',(0.,0.,1.));
#6150 = PLANE('',#6151);
#6151 = AXIS2_PLACEMENT_3D('',#6152,#6153,#6154);
#6152 = CARTESIAN_POINT('',(10.,-25.5,0.));
#6153 = DIRECTION('',(0.,-1.,0.));
#6154 = DIRECTION('',(-1.,0.,0.));
#6155 = ADVANCED_FACE('',(#6156),#6168,.T.);
#6156 = FACE_BOUND('',#6157,.T.);
#6157 = EDGE_LOOP('',(#6158,#6165,#6166,#6167));
#6158 = ORIENTED_EDGE('',*,*,#6159,.T.);
#6159 = EDGE_CURVE('',#2522,#6131,#6160,.T.);
#6160 = CIRCLE('',#6161,0.5);
#6161 = AXIS2_PLACEMENT_3D('',#6162,#6163,#6164);
#6162 = CARTESIAN_POINT('',(-10.,-25.,0.));
#6163 = DIRECTION('',(0.,0.,1.));
#6164 = DIRECTION('',(1.,0.,-0.));
#6165 = ORIENTED_EDGE('',*,*,#6145,.T.);
#6166 = ORIENTED_EDGE('',*,*,#363,.F.);
#6167 = ORIENTED_EDGE('',*,*,#2531,.F.);
#6168 = CYLINDRICAL_SURFACE('',#6169,0.5);
#6169 = AXIS2_PLACEMENT_3D('',#6170,#6171,#6172);
#6170 = CARTESIAN_POINT('',(-10.,-25.,0.));
#6171 = DIRECTION('',(2.2E-16,0.,-1.));
#6172 = DIRECTION('',(1.,-0.,2.2E-16));
#6173 = ADVANCED_FACE('',(#6174,#6177),#6188,.T.);
#6174 = FACE_BOUND('',#6175,.T.);
#6175 = EDGE_LOOP('',(#6176));
#6176 = ORIENTED_EDGE('',*,*,#2027,.T.);
#6177 = FACE_BOUND('',#6178,.T.);
#6178 = EDGE_LOOP('',(#6179));
#6179 = ORIENTED_EDGE('',*,*,#6180,.F.);
#6180 = EDGE_CURVE('',#6181,#6181,#6183,.T.);
#6181 = VERTEX_POINT('',#6182);
#6182 = CARTESIAN_POINT('',(-4.65,-23.5,1.));
#6183 = CIRCLE('',#6184,1.05);
#6184 = AXIS2_PLACEMENT_3D('',#6185,#6186,#6187);
#6185 = CARTESIAN_POINT('',(-5.7,-23.5,1.));
#6186 = DIRECTION('',(0.,0.,1.));
#6187 = DIRECTION('',(1.,0.,-0.));
#6188 = PLANE('',#6189);
#6189 = AXIS2_PLACEMENT_3D('',#6190,#6191,#6192);
#6190 = CARTESIAN_POINT('',(4.3E-16,1.14E-15,1.));
#6191 = DIRECTION('',(0.,0.,1.));
#6192 = DIRECTION('',(1.,0.,-0.));
#6193 = ADVANCED_FACE('',(#6194),#6219,.F.);
#6194 = FACE_BOUND('',#6195,.F.);
#6195 = EDGE_LOOP('',(#6196,#6204,#6205,#6213));
#6196 = ORIENTED_EDGE('',*,*,#6197,.F.);
#6197 = EDGE_CURVE('',#2039,#6198,#6200,.T.);
#6198 = VERTEX_POINT('',#6199);
#6199 = CARTESIAN_POINT('',(-3.9,-10.3,1.6));
#6200 = LINE('',#6201,#6202);
#6201 = CARTESIAN_POINT('',(-3.9,-10.3,1.));
#6202 = VECTOR('',#6203,1.);
#6203 = DIRECTION('',(0.,0.,1.));
#6204 = ORIENTED_EDGE('',*,*,#2038,.T.);
#6205 = ORIENTED_EDGE('',*,*,#6206,.T.);
#6206 = EDGE_CURVE('',#2041,#6207,#6209,.T.);
#6207 = VERTEX_POINT('',#6208);
#6208 = CARTESIAN_POINT('',(-3.9,-7.8,1.6));
#6209 = LINE('',#6210,#6211);
#6210 = CARTESIAN_POINT('',(-3.9,-7.8,1.));
#6211 = VECTOR('',#6212,1.);
#6212 = DIRECTION('',(0.,0.,1.));
#6213 = ORIENTED_EDGE('',*,*,#6214,.F.);
#6214 = EDGE_CURVE('',#6198,#6207,#6215,.T.);
#6215 = LINE('',#6216,#6217);
#6216 = CARTESIAN_POINT('',(-3.9,-10.3,1.6));
#6217 = VECTOR('',#6218,1.);
#6218 = DIRECTION('',(0.,1.,0.));
#6219 = PLANE('',#6220);
#6220 = AXIS2_PLACEMENT_3D('',#6221,#6222,#6223);
#6221 = CARTESIAN_POINT('',(-3.9,-10.3,1.));
#6222 = DIRECTION('',(1.,0.,-0.));
#6223 = DIRECTION('',(0.,0.,1.));
#6224 = ADVANCED_FACE('',(#6225),#6243,.F.);
#6225 = FACE_BOUND('',#6226,.F.);
#6226 = EDGE_LOOP('',(#6227,#6228,#6229,#6237));
#6227 = ORIENTED_EDGE('',*,*,#2064,.F.);
#6228 = ORIENTED_EDGE('',*,*,#6197,.T.);
#6229 = ORIENTED_EDGE('',*,*,#6230,.T.);
#6230 = EDGE_CURVE('',#6198,#6231,#6233,.T.);
#6231 = VERTEX_POINT('',#6232);
#6232 = CARTESIAN_POINT('',(-0.7,-10.3,1.6));
#6233 = LINE('',#6234,#6235);
#6234 = CARTESIAN_POINT('',(-3.9,-10.3,1.6));
#6235 = VECTOR('',#6236,1.);
#6236 = DIRECTION('',(1.,0.,-0.));
#6237 = ORIENTED_EDGE('',*,*,#6238,.F.);
#6238 = EDGE_CURVE('',#2057,#6231,#6239,.T.);
#6239 = LINE('',#6240,#6241);
#6240 = CARTESIAN_POINT('',(-0.7,-10.3,1.));
#6241 = VECTOR('',#6242,1.);
#6242 = DIRECTION('',(0.,0.,1.));
#6243 = PLANE('',#6244);
#6244 = AXIS2_PLACEMENT_3D('',#6245,#6246,#6247);
#6245 = CARTESIAN_POINT('',(-3.9,-10.3,1.));
#6246 = DIRECTION('',(0.,1.,0.));
#6247 = DIRECTION('',(0.,-0.,1.));
#6248 = ADVANCED_FACE('',(#6249),#6267,.T.);
#6249 = FACE_BOUND('',#6250,.T.);
#6250 = EDGE_LOOP('',(#6251,#6252,#6253,#6261));
#6251 = ORIENTED_EDGE('',*,*,#6238,.F.);
#6252 = ORIENTED_EDGE('',*,*,#2056,.T.);
#6253 = ORIENTED_EDGE('',*,*,#6254,.T.);
#6254 = EDGE_CURVE('',#2049,#6255,#6257,.T.);
#6255 = VERTEX_POINT('',#6256);
#6256 = CARTESIAN_POINT('',(-0.7,-7.8,1.6));
#6257 = LINE('',#6258,#6259);
#6258 = CARTESIAN_POINT('',(-0.7,-7.8,1.));
#6259 = VECTOR('',#6260,1.);
#6260 = DIRECTION('',(0.,0.,1.));
#6261 = ORIENTED_EDGE('',*,*,#6262,.F.);
#6262 = EDGE_CURVE('',#6231,#6255,#6263,.T.);
#6263 = LINE('',#6264,#6265);
#6264 = CARTESIAN_POINT('',(-0.7,-10.3,1.6));
#6265 = VECTOR('',#6266,1.);
#6266 = DIRECTION('',(0.,1.,0.));
#6267 = PLANE('',#6268);
#6268 = AXIS2_PLACEMENT_3D('',#6269,#6270,#6271);
#6269 = CARTESIAN_POINT('',(-0.7,-10.3,1.));
#6270 = DIRECTION('',(1.,0.,-0.));
#6271 = DIRECTION('',(0.,0.,1.));
#6272 = ADVANCED_FACE('',(#6273),#6284,.T.);
#6273 = FACE_BOUND('',#6274,.T.);
#6274 = EDGE_LOOP('',(#6275,#6276,#6277,#6283));
#6275 = ORIENTED_EDGE('',*,*,#2048,.F.);
#6276 = ORIENTED_EDGE('',*,*,#6206,.T.);
#6277 = ORIENTED_EDGE('',*,*,#6278,.T.);
#6278 = EDGE_CURVE('',#6207,#6255,#6279,.T.);
#6279 = LINE('',#6280,#6281);
#6280 = CARTESIAN_POINT('',(-3.9,-7.8,1.6));
#6281 = VECTOR('',#6282,1.);
#6282 = DIRECTION('',(1.,0.,-0.));
#6283 = ORIENTED_EDGE('',*,*,#6254,.F.);
#6284 = PLANE('',#6285);
#6285 = AXIS2_PLACEMENT_3D('',#6286,#6287,#6288);
#6286 = CARTESIAN_POINT('',(-3.9,-7.8,1.));
#6287 = DIRECTION('',(0.,1.,0.));
#6288 = DIRECTION('',(0.,-0.,1.));
#6289 = ADVANCED_FACE('',(#6290),#6315,.F.);
#6290 = FACE_BOUND('',#6291,.F.);
#6291 = EDGE_LOOP('',(#6292,#6300,#6301,#6309));
#6292 = ORIENTED_EDGE('',*,*,#6293,.F.);
#6293 = EDGE_CURVE('',#2073,#6294,#6296,.T.);
#6294 = VERTEX_POINT('',#6295);
#6295 = CARTESIAN_POINT('',(-3.5,-4.,1.9));
#6296 = LINE('',#6297,#6298);
#6297 = CARTESIAN_POINT('',(-3.5,-4.,1.));
#6298 = VECTOR('',#6299,1.);
#6299 = DIRECTION('',(0.,0.,1.));
#6300 = ORIENTED_EDGE('',*,*,#2072,.T.);
#6301 = ORIENTED_EDGE('',*,*,#6302,.T.);
#6302 = EDGE_CURVE('',#2075,#6303,#6305,.T.);
#6303 = VERTEX_POINT('',#6304);
#6304 = CARTESIAN_POINT('',(-3.5,3.,1.9));
#6305 = LINE('',#6306,#6307);
#6306 = CARTESIAN_POINT('',(-3.5,3.,1.));
#6307 = VECTOR('',#6308,1.);
#6308 = DIRECTION('',(0.,0.,1.));
#6309 = ORIENTED_EDGE('',*,*,#6310,.F.);
#6310 = EDGE_CURVE('',#6294,#6303,#6311,.T.);
#6311 = LINE('',#6312,#6313);
#6312 = CARTESIAN_POINT('',(-3.5,-4.,1.9));
#6313 = VECTOR('',#6314,1.);
#6314 = DIRECTION('',(0.,1.,0.));
#6315 = PLANE('',#6316);
#6316 = AXIS2_PLACEMENT_3D('',#6317,#6318,#6319);
#6317 = CARTESIAN_POINT('',(-3.5,-4.,1.));
#6318 = DIRECTION('',(1.,0.,-0.));
#6319 = DIRECTION('',(0.,0.,1.));
#6320 = ADVANCED_FACE('',(#6321),#6339,.F.);
#6321 = FACE_BOUND('',#6322,.F.);
#6322 = EDGE_LOOP('',(#6323,#6324,#6325,#6333));
#6323 = ORIENTED_EDGE('',*,*,#2098,.F.);
#6324 = ORIENTED_EDGE('',*,*,#6293,.T.);
#6325 = ORIENTED_EDGE('',*,*,#6326,.T.);
#6326 = EDGE_CURVE('',#6294,#6327,#6329,.T.);
#6327 = VERTEX_POINT('',#6328);
#6328 = CARTESIAN_POINT('',(3.5,-4.,1.9));
#6329 = LINE('',#6330,#6331);
#6330 = CARTESIAN_POINT('',(-3.5,-4.,1.9));
#6331 = VECTOR('',#6332,1.);
#6332 = DIRECTION('',(1.,0.,-0.));
#6333 = ORIENTED_EDGE('',*,*,#6334,.F.);
#6334 = EDGE_CURVE('',#2091,#6327,#6335,.T.);
#6335 = LINE('',#6336,#6337);
#6336 = CARTESIAN_POINT('',(3.5,-4.,1.));
#6337 = VECTOR('',#6338,1.);
#6338 = DIRECTION('',(0.,0.,1.));
#6339 = PLANE('',#6340);
#6340 = AXIS2_PLACEMENT_3D('',#6341,#6342,#6343);
#6341 = CARTESIAN_POINT('',(-3.5,-4.,1.));
#6342 = DIRECTION('',(0.,1.,0.));
#6343 = DIRECTION('',(0.,-0.,1.));
#6344 = ADVANCED_FACE('',(#6345),#6363,.T.);
#6345 = FACE_BOUND('',#6346,.T.);
#6346 = EDGE_LOOP('',(#6347,#6348,#6349,#6357));
#6347 = ORIENTED_EDGE('',*,*,#6334,.F.);
#6348 = ORIENTED_EDGE('',*,*,#2090,.T.);
#6349 = ORIENTED_EDGE('',*,*,#6350,.T.);
#6350 = EDGE_CURVE('',#2083,#6351,#6353,.T.);
#6351 = VERTEX_POINT('',#6352);
#6352 = CARTESIAN_POINT('',(3.5,3.,1.9));
#6353 = LINE('',#6354,#6355);
#6354 = CARTESIAN_POINT('',(3.5,3.,1.));
#6355 = VECTOR('',#6356,1.);
#6356 = DIRECTION('',(0.,0.,1.));
#6357 = ORIENTED_EDGE('',*,*,#6358,.F.);
#6358 = EDGE_CURVE('',#6327,#6351,#6359,.T.);
#6359 = LINE('',#6360,#6361);
#6360 = CARTESIAN_POINT('',(3.5,-4.,1.9));
#6361 = VECTOR('',#6362,1.);
#6362 = DIRECTION('',(0.,1.,0.));
#6363 = PLANE('',#6364);
#6364 = AXIS2_PLACEMENT_3D('',#6365,#6366,#6367);
#6365 = CARTESIAN_POINT('',(3.5,-4.,1.));
#6366 = DIRECTION('',(1.,0.,-0.));
#6367 = DIRECTION('',(0.,0.,1.));
#6368 = ADVANCED_FACE('',(#6369),#6380,.T.);
#6369 = FACE_BOUND('',#6370,.T.);
#6370 = EDGE_LOOP('',(#6371,#6372,#6373,#6379));
#6371 = ORIENTED_EDGE('',*,*,#2082,.F.);
#6372 = ORIENTED_EDGE('',*,*,#6302,.T.);
#6373 = ORIENTED_EDGE('',*,*,#6374,.T.);
#6374 = EDGE_CURVE('',#6303,#6351,#6375,.T.);
#6375 = LINE('',#6376,#6377);
#6376 = CARTESIAN_POINT('',(-3.5,3.,1.9));
#6377 = VECTOR('',#6378,1.);
#6378 = DIRECTION('',(1.,0.,-0.));
#6379 = ORIENTED_EDGE('',*,*,#6350,.F.);
#6380 = PLANE('',#6381);
#6381 = AXIS2_PLACEMENT_3D('',#6382,#6383,#6384);
#6382 = CARTESIAN_POINT('',(-3.5,3.,1.));
#6383 = DIRECTION('',(0.,1.,0.));
#6384 = DIRECTION('',(0.,-0.,1.));
#6385 = ADVANCED_FACE('',(#6386,#6389),#6400,.T.);
#6386 = FACE_BOUND('',#6387,.T.);
#6387 = EDGE_LOOP('',(#6388));
#6388 = ORIENTED_EDGE('',*,*,#2106,.T.);
#6389 = FACE_BOUND('',#6390,.T.);
#6390 = EDGE_LOOP('',(#6391));
#6391 = ORIENTED_EDGE('',*,*,#6392,.F.);
#6392 = EDGE_CURVE('',#6393,#6393,#6395,.T.);
#6393 = VERTEX_POINT('',#6394);
#6394 = CARTESIAN_POINT('',(4.65,-23.5,1.));
#6395 = CIRCLE('',#6396,1.05);
#6396 = AXIS2_PLACEMENT_3D('',#6397,#6398,#6399);
#6397 = CARTESIAN_POINT('',(5.7,-23.5,1.));
#6398 = DIRECTION('',(0.,0.,1.));
#6399 = DIRECTION('',(-1.,0.,0.));
#6400 = PLANE('',#6401);
#6401 = AXIS2_PLACEMENT_3D('',#6402,#6403,#6404);
#6402 = CARTESIAN_POINT('',(4.3E-16,1.14E-15,1.));
#6403 = DIRECTION('',(0.,0.,1.));
#6404 = DIRECTION('',(1.,0.,-0.));
#6405 = ADVANCED_FACE('',(#6406),#6431,.F.);
#6406 = FACE_BOUND('',#6407,.F.);
#6407 = EDGE_LOOP('',(#6408,#6416,#6417,#6425));
#6408 = ORIENTED_EDGE('',*,*,#6409,.F.);
#6409 = EDGE_CURVE('',#2118,#6410,#6412,.T.);
#6410 = VERTEX_POINT('',#6411);
#6411 = CARTESIAN_POINT('',(-2.8,4.9,1.6));
#6412 = LINE('',#6413,#6414);
#6413 = CARTESIAN_POINT('',(-2.8,4.9,1.));
#6414 = VECTOR('',#6415,1.);
#6415 = DIRECTION('',(0.,0.,1.));
#6416 = ORIENTED_EDGE('',*,*,#2117,.T.);
#6417 = ORIENTED_EDGE('',*,*,#6418,.T.);
#6418 = EDGE_CURVE('',#2120,#6419,#6421,.T.);
#6419 = VERTEX_POINT('',#6420);
#6420 = CARTESIAN_POINT('',(-4.8,4.9,1.6));
#6421 = LINE('',#6422,#6423);
#6422 = CARTESIAN_POINT('',(-4.8,4.9,1.));
#6423 = VECTOR('',#6424,1.);
#6424 = DIRECTION('',(0.,0.,1.));
#6425 = ORIENTED_EDGE('',*,*,#6426,.F.);
#6426 = EDGE_CURVE('',#6410,#6419,#6427,.T.);
#6427 = LINE('',#6428,#6429);
#6428 = CARTESIAN_POINT('',(-2.8,4.9,1.6));
#6429 = VECTOR('',#6430,1.);
#6430 = DIRECTION('',(-1.,0.,0.));
#6431 = PLANE('',#6432);
#6432 = AXIS2_PLACEMENT_3D('',#6433,#6434,#6435);
#6433 = CARTESIAN_POINT('',(-2.8,4.9,1.));
#6434 = DIRECTION('',(0.,1.,0.));
#6435 = DIRECTION('',(0.,-0.,1.));
#6436 = ADVANCED_FACE('',(#6437),#6455,.F.);
#6437 = FACE_BOUND('',#6438,.F.);
#6438 = EDGE_LOOP('',(#6439,#6440,#6441,#6449));
#6439 = ORIENTED_EDGE('',*,*,#2143,.F.);
#6440 = ORIENTED_EDGE('',*,*,#6409,.T.);
#6441 = ORIENTED_EDGE('',*,*,#6442,.T.);
#6442 = EDGE_CURVE('',#6410,#6443,#6445,.T.);
#6443 = VERTEX_POINT('',#6444);
#6444 = CARTESIAN_POINT('',(-2.8,7.9,1.6));
#6445 = LINE('',#6446,#6447);
#6446 = CARTESIAN_POINT('',(-2.8,4.9,1.6));
#6447 = VECTOR('',#6448,1.);
#6448 = DIRECTION('',(0.,1.,0.));
#6449 = ORIENTED_EDGE('',*,*,#6450,.F.);
#6450 = EDGE_CURVE('',#2136,#6443,#6451,.T.);
#6451 = LINE('',#6452,#6453);
#6452 = CARTESIAN_POINT('',(-2.8,7.9,1.));
#6453 = VECTOR('',#6454,1.);
#6454 = DIRECTION('',(0.,0.,1.));
#6455 = PLANE('',#6456);
#6456 = AXIS2_PLACEMENT_3D('',#6457,#6458,#6459);
#6457 = CARTESIAN_POINT('',(-2.8,4.9,1.));
#6458 = DIRECTION('',(-1.,0.,0.));
#6459 = DIRECTION('',(0.,0.,1.));
#6460 = ADVANCED_FACE('',(#6461),#6479,.T.);
#6461 = FACE_BOUND('',#6462,.T.);
#6462 = EDGE_LOOP('',(#6463,#6464,#6465,#6473));
#6463 = ORIENTED_EDGE('',*,*,#6450,.F.);
#6464 = ORIENTED_EDGE('',*,*,#2135,.T.);
#6465 = ORIENTED_EDGE('',*,*,#6466,.T.);
#6466 = EDGE_CURVE('',#2128,#6467,#6469,.T.);
#6467 = VERTEX_POINT('',#6468);
#6468 = CARTESIAN_POINT('',(-4.8,7.9,1.6));
#6469 = LINE('',#6470,#6471);
#6470 = CARTESIAN_POINT('',(-4.8,7.9,1.));
#6471 = VECTOR('',#6472,1.);
#6472 = DIRECTION('',(0.,0.,1.));
#6473 = ORIENTED_EDGE('',*,*,#6474,.F.);
#6474 = EDGE_CURVE('',#6443,#6467,#6475,.T.);
#6475 = LINE('',#6476,#6477);
#6476 = CARTESIAN_POINT('',(-2.8,7.9,1.6));
#6477 = VECTOR('',#6478,1.);
#6478 = DIRECTION('',(-1.,0.,0.));
#6479 = PLANE('',#6480);
#6480 = AXIS2_PLACEMENT_3D('',#6481,#6482,#6483);
#6481 = CARTESIAN_POINT('',(-2.8,7.9,1.));
#6482 = DIRECTION('',(0.,1.,0.));
#6483 = DIRECTION('',(0.,-0.,1.));
#6484 = ADVANCED_FACE('',(#6485),#6496,.T.);
#6485 = FACE_BOUND('',#6486,.T.);
#6486 = EDGE_LOOP('',(#6487,#6488,#6489,#6495));
#6487 = ORIENTED_EDGE('',*,*,#2127,.F.);
#6488 = ORIENTED_EDGE('',*,*,#6418,.T.);
#6489 = ORIENTED_EDGE('',*,*,#6490,.T.);
#6490 = EDGE_CURVE('',#6419,#6467,#6491,.T.);
#6491 = LINE('',#6492,#6493);
#6492 = CARTESIAN_POINT('',(-4.8,4.9,1.6));
#6493 = VECTOR('',#6494,1.);
#6494 = DIRECTION('',(0.,1.,0.));
#6495 = ORIENTED_EDGE('',*,*,#6466,.F.);
#6496 = PLANE('',#6497);
#6497 = AXIS2_PLACEMENT_3D('',#6498,#6499,#6500);
#6498 = CARTESIAN_POINT('',(-4.8,4.9,1.));
#6499 = DIRECTION('',(-1.,0.,0.));
#6500 = DIRECTION('',(0.,0.,1.));
#6501 = ADVANCED_FACE('',(#6502,#6505),#6516,.T.);
#6502 = FACE_BOUND('',#6503,.T.);
#6503 = EDGE_LOOP('',(#6504));
#6504 = ORIENTED_EDGE('',*,*,#2162,.T.);
#6505 = FACE_BOUND('',#6506,.T.);
#6506 = EDGE_LOOP('',(#6507));
#6507 = ORIENTED_EDGE('',*,*,#6508,.F.);
#6508 = EDGE_CURVE('',#6509,#6509,#6511,.T.);
#6509 = VERTEX_POINT('',#6510);
#6510 = CARTESIAN_POINT('',(-4.65,23.5,1.));
#6511 = CIRCLE('',#6512,1.05);
#6512 = AXIS2_PLACEMENT_3D('',#6513,#6514,#6515);
#6513 = CARTESIAN_POINT('',(-5.7,23.5,1.));
#6514 = DIRECTION('',(0.,0.,1.));
#6515 = DIRECTION('',(1.,0.,-0.));
#6516 = PLANE('',#6517);
#6517 = AXIS2_PLACEMENT_3D('',#6518,#6519,#6520);
#6518 = CARTESIAN_POINT('',(4.3E-16,1.14E-15,1.));
#6519 = DIRECTION('',(0.,0.,1.));
#6520 = DIRECTION('',(1.,0.,-0.));
#6521 = ADVANCED_FACE('',(#6522),#6547,.F.);
#6522 = FACE_BOUND('',#6523,.F.);
#6523 = EDGE_LOOP('',(#6524,#6532,#6533,#6541));
#6524 = ORIENTED_EDGE('',*,*,#6525,.F.);
#6525 = EDGE_CURVE('',#2174,#6526,#6528,.T.);
#6526 = VERTEX_POINT('',#6527);
#6527 = CARTESIAN_POINT('',(-5.1,11.375,2.6));
#6528 = LINE('',#6529,#6530);
#6529 = CARTESIAN_POINT('',(-5.1,11.375,1.));
#6530 = VECTOR('',#6531,1.);
#6531 = DIRECTION('',(0.,0.,1.));
#6532 = ORIENTED_EDGE('',*,*,#2173,.T.);
#6533 = ORIENTED_EDGE('',*,*,#6534,.T.);
#6534 = EDGE_CURVE('',#2176,#6535,#6537,.T.);
#6535 = VERTEX_POINT('',#6536);
#6536 = CARTESIAN_POINT('',(-5.1,15.625,2.6));
#6537 = LINE('',#6538,#6539);
#6538 = CARTESIAN_POINT('',(-5.1,15.625,1.));
#6539 = VECTOR('',#6540,1.);
#6540 = DIRECTION('',(0.,0.,1.));
#6541 = ORIENTED_EDGE('',*,*,#6542,.F.);
#6542 = EDGE_CURVE('',#6526,#6535,#6543,.T.);
#6543 = LINE('',#6544,#6545);
#6544 = CARTESIAN_POINT('',(-5.1,11.375,2.6));
#6545 = VECTOR('',#6546,1.);
#6546 = DIRECTION('',(0.,1.,0.));
#6547 = PLANE('',#6548);
#6548 = AXIS2_PLACEMENT_3D('',#6549,#6550,#6551);
#6549 = CARTESIAN_POINT('',(-5.1,11.375,1.));
#6550 = DIRECTION('',(1.,0.,-0.));
#6551 = DIRECTION('',(0.,0.,1.));
#6552 = ADVANCED_FACE('',(#6553),#6571,.F.);
#6553 = FACE_BOUND('',#6554,.F.);
#6554 = EDGE_LOOP('',(#6555,#6556,#6557,#6565));
#6555 = ORIENTED_EDGE('',*,*,#2199,.F.);
#6556 = ORIENTED_EDGE('',*,*,#6525,.T.);
#6557 = ORIENTED_EDGE('',*,*,#6558,.T.);
#6558 = EDGE_CURVE('',#6526,#6559,#6561,.T.);
#6559 = VERTEX_POINT('',#6560);
#6560 = CARTESIAN_POINT('',(-1.9,11.375,2.6));
#6561 = LINE('',#6562,#6563);
#6562 = CARTESIAN_POINT('',(-5.1,11.375,2.6));
#6563 = VECTOR('',#6564,1.);
#6564 = DIRECTION('',(1.,0.,-0.));
#6565 = ORIENTED_EDGE('',*,*,#6566,.F.);
#6566 = EDGE_CURVE('',#2192,#6559,#6567,.T.);
#6567 = LINE('',#6568,#6569);
#6568 = CARTESIAN_POINT('',(-1.9,11.375,1.));
#6569 = VECTOR('',#6570,1.);
#6570 = DIRECTION('',(0.,0.,1.));
#6571 = PLANE('',#6572);
#6572 = AXIS2_PLACEMENT_3D('',#6573,#6574,#6575);
#6573 = CARTESIAN_POINT('',(-5.1,11.375,1.));
#6574 = DIRECTION('',(0.,1.,0.));
#6575 = DIRECTION('',(0.,-0.,1.));
#6576 = ADVANCED_FACE('',(#6577),#6595,.T.);
#6577 = FACE_BOUND('',#6578,.T.);
#6578 = EDGE_LOOP('',(#6579,#6580,#6581,#6589));
#6579 = ORIENTED_EDGE('',*,*,#6566,.F.);
#6580 = ORIENTED_EDGE('',*,*,#2191,.T.);
#6581 = ORIENTED_EDGE('',*,*,#6582,.T.);
#6582 = EDGE_CURVE('',#2184,#6583,#6585,.T.);
#6583 = VERTEX_POINT('',#6584);
#6584 = CARTESIAN_POINT('',(-1.9,15.625,2.6));
#6585 = LINE('',#6586,#6587);
#6586 = CARTESIAN_POINT('',(-1.9,15.625,1.));
#6587 = VECTOR('',#6588,1.);
#6588 = DIRECTION('',(0.,0.,1.));
#6589 = ORIENTED_EDGE('',*,*,#6590,.F.);
#6590 = EDGE_CURVE('',#6559,#6583,#6591,.T.);
#6591 = LINE('',#6592,#6593);
#6592 = CARTESIAN_POINT('',(-1.9,11.375,2.6));
#6593 = VECTOR('',#6594,1.);
#6594 = DIRECTION('',(0.,1.,0.));
#6595 = PLANE('',#6596);
#6596 = AXIS2_PLACEMENT_3D('',#6597,#6598,#6599);
#6597 = CARTESIAN_POINT('',(-1.9,11.375,1.));
#6598 = DIRECTION('',(1.,0.,-0.));
#6599 = DIRECTION('',(0.,0.,1.));
#6600 = ADVANCED_FACE('',(#6601),#6612,.T.);
#6601 = FACE_BOUND('',#6602,.T.);
#6602 = EDGE_LOOP('',(#6603,#6604,#6605,#6611));
#6603 = ORIENTED_EDGE('',*,*,#2183,.F.);
#6604 = ORIENTED_EDGE('',*,*,#6534,.T.);
#6605 = ORIENTED_EDGE('',*,*,#6606,.T.);
#6606 = EDGE_CURVE('',#6535,#6583,#6607,.T.);
#6607 = LINE('',#6608,#6609);
#6608 = CARTESIAN_POINT('',(-5.1,15.625,2.6));
#6609 = VECTOR('',#6610,1.);
#6610 = DIRECTION('',(1.,0.,-0.));
#6611 = ORIENTED_EDGE('',*,*,#6582,.F.);
#6612 = PLANE('',#6613);
#6613 = AXIS2_PLACEMENT_3D('',#6614,#6615,#6616);
#6614 = CARTESIAN_POINT('',(-5.1,15.625,1.));
#6615 = DIRECTION('',(0.,1.,0.));
#6616 = DIRECTION('',(0.,-0.,1.));
#6617 = ADVANCED_FACE('',(#6618),#6643,.F.);
#6618 = FACE_BOUND('',#6619,.F.);
#6619 = EDGE_LOOP('',(#6620,#6628,#6629,#6637));
#6620 = ORIENTED_EDGE('',*,*,#6621,.F.);
#6621 = EDGE_CURVE('',#2208,#6622,#6624,.T.);
#6622 = VERTEX_POINT('',#6623);
#6623 = CARTESIAN_POINT('',(1.9,11.475,2.25));
#6624 = LINE('',#6625,#6626);
#6625 = CARTESIAN_POINT('',(1.9,11.475,1.));
#6626 = VECTOR('',#6627,1.);
#6627 = DIRECTION('',(0.,0.,1.));
#6628 = ORIENTED_EDGE('',*,*,#2207,.T.);
#6629 = ORIENTED_EDGE('',*,*,#6630,.T.);
#6630 = EDGE_CURVE('',#2210,#6631,#6633,.T.);
#6631 = VERTEX_POINT('',#6632);
#6632 = CARTESIAN_POINT('',(1.9,12.725,2.25));
#6633 = LINE('',#6634,#6635);
#6634 = CARTESIAN_POINT('',(1.9,12.725,1.));
#6635 = VECTOR('',#6636,1.);
#6636 = DIRECTION('',(0.,0.,1.));
#6637 = ORIENTED_EDGE('',*,*,#6638,.F.);
#6638 = EDGE_CURVE('',#6622,#6631,#6639,.T.);
#6639 = LINE('',#6640,#6641);
#6640 = CARTESIAN_POINT('',(1.9,11.475,2.25));
#6641 = VECTOR('',#6642,1.);
#6642 = DIRECTION('',(0.,1.,0.));
#6643 = PLANE('',#6644);
#6644 = AXIS2_PLACEMENT_3D('',#6645,#6646,#6647);
#6645 = CARTESIAN_POINT('',(1.9,11.475,1.));
#6646 = DIRECTION('',(1.,0.,-0.));
#6647 = DIRECTION('',(0.,0.,1.));
#6648 = ADVANCED_FACE('',(#6649),#6667,.F.);
#6649 = FACE_BOUND('',#6650,.F.);
#6650 = EDGE_LOOP('',(#6651,#6652,#6653,#6661));
#6651 = ORIENTED_EDGE('',*,*,#2233,.F.);
#6652 = ORIENTED_EDGE('',*,*,#6621,.T.);
#6653 = ORIENTED_EDGE('',*,*,#6654,.T.);
#6654 = EDGE_CURVE('',#6622,#6655,#6657,.T.);
#6655 = VERTEX_POINT('',#6656);
#6656 = CARTESIAN_POINT('',(3.9,11.475,2.25));
#6657 = LINE('',#6658,#6659);
#6658 = CARTESIAN_POINT('',(1.9,11.475,2.25));
#6659 = VECTOR('',#6660,1.);
#6660 = DIRECTION('',(1.,0.,-0.));
#6661 = ORIENTED_EDGE('',*,*,#6662,.F.);
#6662 = EDGE_CURVE('',#2226,#6655,#6663,.T.);
#6663 = LINE('',#6664,#6665);
#6664 = CARTESIAN_POINT('',(3.9,11.475,1.));
#6665 = VECTOR('',#6666,1.);
#6666 = DIRECTION('',(0.,0.,1.));
#6667 = PLANE('',#6668);
#6668 = AXIS2_PLACEMENT_3D('',#6669,#6670,#6671);
#6669 = CARTESIAN_POINT('',(1.9,11.475,1.));
#6670 = DIRECTION('',(0.,1.,0.));
#6671 = DIRECTION('',(0.,-0.,1.));
#6672 = ADVANCED_FACE('',(#6673),#6691,.T.);
#6673 = FACE_BOUND('',#6674,.T.);
#6674 = EDGE_LOOP('',(#6675,#6676,#6677,#6685));
#6675 = ORIENTED_EDGE('',*,*,#6662,.F.);
#6676 = ORIENTED_EDGE('',*,*,#2225,.T.);
#6677 = ORIENTED_EDGE('',*,*,#6678,.T.);
#6678 = EDGE_CURVE('',#2218,#6679,#6681,.T.);
#6679 = VERTEX_POINT('',#6680);
#6680 = CARTESIAN_POINT('',(3.9,12.725,2.25));
#6681 = LINE('',#6682,#6683);
#6682 = CARTESIAN_POINT('',(3.9,12.725,1.));
#6683 = VECTOR('',#6684,1.);
#6684 = DIRECTION('',(0.,0.,1.));
#6685 = ORIENTED_EDGE('',*,*,#6686,.F.);
#6686 = EDGE_CURVE('',#6655,#6679,#6687,.T.);
#6687 = LINE('',#6688,#6689);
#6688 = CARTESIAN_POINT('',(3.9,11.475,2.25));
#6689 = VECTOR('',#6690,1.);
#6690 = DIRECTION('',(0.,1.,0.));
#6691 = PLANE('',#6692);
#6692 = AXIS2_PLACEMENT_3D('',#6693,#6694,#6695);
#6693 = CARTESIAN_POINT('',(3.9,11.475,1.));
#6694 = DIRECTION('',(1.,0.,-0.));
#6695 = DIRECTION('',(0.,0.,1.));
#6696 = ADVANCED_FACE('',(#6697),#6708,.T.);
#6697 = FACE_BOUND('',#6698,.T.);
#6698 = EDGE_LOOP('',(#6699,#6700,#6701,#6707));
#6699 = ORIENTED_EDGE('',*,*,#2217,.F.);
#6700 = ORIENTED_EDGE('',*,*,#6630,.T.);
#6701 = ORIENTED_EDGE('',*,*,#6702,.T.);
#6702 = EDGE_CURVE('',#6631,#6679,#6703,.T.);
#6703 = LINE('',#6704,#6705);
#6704 = CARTESIAN_POINT('',(1.9,12.725,2.25));
#6705 = VECTOR('',#6706,1.);
#6706 = DIRECTION('',(1.,0.,-0.));
#6707 = ORIENTED_EDGE('',*,*,#6678,.F.);
#6708 = PLANE('',#6709);
#6709 = AXIS2_PLACEMENT_3D('',#6710,#6711,#6712);
#6710 = CARTESIAN_POINT('',(1.9,12.725,1.));
#6711 = DIRECTION('',(0.,1.,0.));
#6712 = DIRECTION('',(0.,-0.,1.));
#6713 = ADVANCED_FACE('',(#6714),#6739,.F.);
#6714 = FACE_BOUND('',#6715,.F.);
#6715 = EDGE_LOOP('',(#6716,#6724,#6725,#6733));
#6716 = ORIENTED_EDGE('',*,*,#6717,.F.);
#6717 = EDGE_CURVE('',#2242,#6718,#6720,.T.);
#6718 = VERTEX_POINT('',#6719);
#6719 = CARTESIAN_POINT('',(5.6,6.8,1.8));
#6720 = LINE('',#6721,#6722);
#6721 = CARTESIAN_POINT('',(5.6,6.8,1.));
#6722 = VECTOR('',#6723,1.);
#6723 = DIRECTION('',(0.,0.,1.));
#6724 = ORIENTED_EDGE('',*,*,#2241,.T.);
#6725 = ORIENTED_EDGE('',*,*,#6726,.T.);
#6726 = EDGE_CURVE('',#2244,#6727,#6729,.T.);
#6727 = VERTEX_POINT('',#6728);
#6728 = CARTESIAN_POINT('',(5.6,7.6,1.8));
#6729 = LINE('',#6730,#6731);
#6730 = CARTESIAN_POINT('',(5.6,7.6,1.));
#6731 = VECTOR('',#6732,1.);
#6732 = DIRECTION('',(0.,0.,1.));
#6733 = ORIENTED_EDGE('',*,*,#6734,.F.);
#6734 = EDGE_CURVE('',#6718,#6727,#6735,.T.);
#6735 = LINE('',#6736,#6737);
#6736 = CARTESIAN_POINT('',(5.6,6.8,1.8));
#6737 = VECTOR('',#6738,1.);
#6738 = DIRECTION('',(0.,1.,0.));
#6739 = PLANE('',#6740);
#6740 = AXIS2_PLACEMENT_3D('',#6741,#6742,#6743);
#6741 = CARTESIAN_POINT('',(5.6,6.8,1.));
#6742 = DIRECTION('',(1.,0.,-0.));
#6743 = DIRECTION('',(0.,0.,1.));
#6744 = ADVANCED_FACE('',(#6745),#6763,.F.);
#6745 = FACE_BOUND('',#6746,.F.);
#6746 = EDGE_LOOP('',(#6747,#6748,#6749,#6757));
#6747 = ORIENTED_EDGE('',*,*,#2267,.F.);
#6748 = ORIENTED_EDGE('',*,*,#6717,.T.);
#6749 = ORIENTED_EDGE('',*,*,#6750,.T.);
#6750 = EDGE_CURVE('',#6718,#6751,#6753,.T.);
#6751 = VERTEX_POINT('',#6752);
#6752 = CARTESIAN_POINT('',(7.2,6.8,1.8));
#6753 = LINE('',#6754,#6755);
#6754 = CARTESIAN_POINT('',(5.6,6.8,1.8));
#6755 = VECTOR('',#6756,1.);
#6756 = DIRECTION('',(1.,0.,-0.));
#6757 = ORIENTED_EDGE('',*,*,#6758,.F.);
#6758 = EDGE_CURVE('',#2260,#6751,#6759,.T.);
#6759 = LINE('',#6760,#6761);
#6760 = CARTESIAN_POINT('',(7.2,6.8,1.));
#6761 = VECTOR('',#6762,1.);
#6762 = DIRECTION('',(0.,0.,1.));
#6763 = PLANE('',#6764);
#6764 = AXIS2_PLACEMENT_3D('',#6765,#6766,#6767);
#6765 = CARTESIAN_POINT('',(5.6,6.8,1.));
#6766 = DIRECTION('',(0.,1.,0.));
#6767 = DIRECTION('',(0.,-0.,1.));
#6768 = ADVANCED_FACE('',(#6769),#6787,.T.);
#6769 = FACE_BOUND('',#6770,.T.);
#6770 = EDGE_LOOP('',(#6771,#6772,#6773,#6781));
#6771 = ORIENTED_EDGE('',*,*,#6758,.F.);
#6772 = ORIENTED_EDGE('',*,*,#2259,.T.);
#6773 = ORIENTED_EDGE('',*,*,#6774,.T.);
#6774 = EDGE_CURVE('',#2252,#6775,#6777,.T.);
#6775 = VERTEX_POINT('',#6776);
#6776 = CARTESIAN_POINT('',(7.2,7.6,1.8));
#6777 = LINE('',#6778,#6779);
#6778 = CARTESIAN_POINT('',(7.2,7.6,1.));
#6779 = VECTOR('',#6780,1.);
#6780 = DIRECTION('',(0.,0.,1.));
#6781 = ORIENTED_EDGE('',*,*,#6782,.F.);
#6782 = EDGE_CURVE('',#6751,#6775,#6783,.T.);
#6783 = LINE('',#6784,#6785);
#6784 = CARTESIAN_POINT('',(7.2,6.8,1.8));
#6785 = VECTOR('',#6786,1.);
#6786 = DIRECTION('',(0.,1.,0.));
#6787 = PLANE('',#6788);
#6788 = AXIS2_PLACEMENT_3D('',#6789,#6790,#6791);
#6789 = CARTESIAN_POINT('',(7.2,6.8,1.));
#6790 = DIRECTION('',(1.,0.,-0.));
#6791 = DIRECTION('',(0.,0.,1.));
#6792 = ADVANCED_FACE('',(#6793),#6804,.T.);
#6793 = FACE_BOUND('',#6794,.T.);
#6794 = EDGE_LOOP('',(#6795,#6796,#6797,#6803));
#6795 = ORIENTED_EDGE('',*,*,#2251,.F.);
#6796 = ORIENTED_EDGE('',*,*,#6726,.T.);
#6797 = ORIENTED_EDGE('',*,*,#6798,.T.);
#6798 = EDGE_CURVE('',#6727,#6775,#6799,.T.);
#6799 = LINE('',#6800,#6801);
#6800 = CARTESIAN_POINT('',(5.6,7.6,1.8));
#6801 = VECTOR('',#6802,1.);
#6802 = DIRECTION('',(1.,0.,-0.));
#6803 = ORIENTED_EDGE('',*,*,#6774,.F.);
#6804 = PLANE('',#6805);
#6805 = AXIS2_PLACEMENT_3D('',#6806,#6807,#6808);
#6806 = CARTESIAN_POINT('',(5.6,7.6,1.));
#6807 = DIRECTION('',(0.,1.,0.));
#6808 = DIRECTION('',(0.,-0.,1.));
#6809 = ADVANCED_FACE('',(#6810),#6835,.F.);
#6810 = FACE_BOUND('',#6811,.F.);
#6811 = EDGE_LOOP('',(#6812,#6820,#6821,#6829));
#6812 = ORIENTED_EDGE('',*,*,#6813,.F.);
#6813 = EDGE_CURVE('',#2276,#6814,#6816,.T.);
#6814 = VERTEX_POINT('',#6815);
#6815 = CARTESIAN_POINT('',(4.15,15.85,1.75));
#6816 = LINE('',#6817,#6818);
#6817 = CARTESIAN_POINT('',(4.15,15.85,1.));
#6818 = VECTOR('',#6819,1.);
#6819 = DIRECTION('',(0.,0.,1.));
#6820 = ORIENTED_EDGE('',*,*,#2275,.T.);
#6821 = ORIENTED_EDGE('',*,*,#6822,.T.);
#6822 = EDGE_CURVE('',#2278,#6823,#6825,.T.);
#6823 = VERTEX_POINT('',#6824);
#6824 = CARTESIAN_POINT('',(4.15,13.35,1.75));
#6825 = LINE('',#6826,#6827);
#6826 = CARTESIAN_POINT('',(4.15,13.35,1.));
#6827 = VECTOR('',#6828,1.);
#6828 = DIRECTION('',(0.,0.,1.));
#6829 = ORIENTED_EDGE('',*,*,#6830,.F.);
#6830 = EDGE_CURVE('',#6814,#6823,#6831,.T.);
#6831 = LINE('',#6832,#6833);
#6832 = CARTESIAN_POINT('',(4.15,15.85,1.75));
#6833 = VECTOR('',#6834,1.);
#6834 = DIRECTION('',(0.,-1.,0.));
#6835 = PLANE('',#6836);
#6836 = AXIS2_PLACEMENT_3D('',#6837,#6838,#6839);
#6837 = CARTESIAN_POINT('',(4.15,15.85,1.));
#6838 = DIRECTION('',(-1.,0.,0.));
#6839 = DIRECTION('',(0.,0.,1.));
#6840 = ADVANCED_FACE('',(#6841),#6859,.F.);
#6841 = FACE_BOUND('',#6842,.F.);
#6842 = EDGE_LOOP('',(#6843,#6844,#6845,#6853));
#6843 = ORIENTED_EDGE('',*,*,#2301,.F.);
#6844 = ORIENTED_EDGE('',*,*,#6813,.T.);
#6845 = ORIENTED_EDGE('',*,*,#6846,.T.);
#6846 = EDGE_CURVE('',#6814,#6847,#6849,.T.);
#6847 = VERTEX_POINT('',#6848);
#6848 = CARTESIAN_POINT('',(1.65,15.85,1.75));
#6849 = LINE('',#6850,#6851);
#6850 = CARTESIAN_POINT('',(4.15,15.85,1.75));
#6851 = VECTOR('',#6852,1.);
#6852 = DIRECTION('',(-1.,0.,0.));
#6853 = ORIENTED_EDGE('',*,*,#6854,.F.);
#6854 = EDGE_CURVE('',#2294,#6847,#6855,.T.);
#6855 = LINE('',#6856,#6857);
#6856 = CARTESIAN_POINT('',(1.65,15.85,1.));
#6857 = VECTOR('',#6858,1.);
#6858 = DIRECTION('',(0.,0.,1.));
#6859 = PLANE('',#6860);
#6860 = AXIS2_PLACEMENT_3D('',#6861,#6862,#6863);
#6861 = CARTESIAN_POINT('',(4.15,15.85,1.));
#6862 = DIRECTION('',(0.,-1.,0.));
#6863 = DIRECTION('',(0.,0.,1.));
#6864 = ADVANCED_FACE('',(#6865),#6883,.T.);
#6865 = FACE_BOUND('',#6866,.T.);
#6866 = EDGE_LOOP('',(#6867,#6868,#6869,#6877));
#6867 = ORIENTED_EDGE('',*,*,#6854,.F.);
#6868 = ORIENTED_EDGE('',*,*,#2293,.T.);
#6869 = ORIENTED_EDGE('',*,*,#6870,.T.);
#6870 = EDGE_CURVE('',#2286,#6871,#6873,.T.);
#6871 = VERTEX_POINT('',#6872);
#6872 = CARTESIAN_POINT('',(1.65,13.35,1.75));
#6873 = LINE('',#6874,#6875);
#6874 = CARTESIAN_POINT('',(1.65,13.35,1.));
#6875 = VECTOR('',#6876,1.);
#6876 = DIRECTION('',(0.,0.,1.));
#6877 = ORIENTED_EDGE('',*,*,#6878,.F.);
#6878 = EDGE_CURVE('',#6847,#6871,#6879,.T.);
#6879 = LINE('',#6880,#6881);
#6880 = CARTESIAN_POINT('',(1.65,15.85,1.75));
#6881 = VECTOR('',#6882,1.);
#6882 = DIRECTION('',(0.,-1.,0.));
#6883 = PLANE('',#6884);
#6884 = AXIS2_PLACEMENT_3D('',#6885,#6886,#6887);
#6885 = CARTESIAN_POINT('',(1.65,15.85,1.));
#6886 = DIRECTION('',(-1.,0.,0.));
#6887 = DIRECTION('',(0.,0.,1.));
#6888 = ADVANCED_FACE('',(#6889),#6900,.T.);
#6889 = FACE_BOUND('',#6890,.T.);
#6890 = EDGE_LOOP('',(#6891,#6892,#6893,#6899));
#6891 = ORIENTED_EDGE('',*,*,#2285,.F.);
#6892 = ORIENTED_EDGE('',*,*,#6822,.T.);
#6893 = ORIENTED_EDGE('',*,*,#6894,.T.);
#6894 = EDGE_CURVE('',#6823,#6871,#6895,.T.);
#6895 = LINE('',#6896,#6897);
#6896 = CARTESIAN_POINT('',(4.15,13.35,1.75));
#6897 = VECTOR('',#6898,1.);
#6898 = DIRECTION('',(-1.,0.,0.));
#6899 = ORIENTED_EDGE('',*,*,#6870,.F.);
#6900 = PLANE('',#6901);
#6901 = AXIS2_PLACEMENT_3D('',#6902,#6903,#6904);
#6902 = CARTESIAN_POINT('',(4.15,13.35,1.));
#6903 = DIRECTION('',(0.,-1.,0.));
#6904 = DIRECTION('',(0.,0.,1.));
#6905 = ADVANCED_FACE('',(#6906),#6931,.F.);
#6906 = FACE_BOUND('',#6907,.F.);
#6907 = EDGE_LOOP('',(#6908,#6916,#6917,#6925));
#6908 = ORIENTED_EDGE('',*,*,#6909,.F.);
#6909 = EDGE_CURVE('',#2310,#6910,#6912,.T.);
#6910 = VERTEX_POINT('',#6911);
#6911 = CARTESIAN_POINT('',(1.9,16.475,2.25));
#6912 = LINE('',#6913,#6914);
#6913 = CARTESIAN_POINT('',(1.9,16.475,1.));
#6914 = VECTOR('',#6915,1.);
#6915 = DIRECTION('',(0.,0.,1.));
#6916 = ORIENTED_EDGE('',*,*,#2309,.T.);
#6917 = ORIENTED_EDGE('',*,*,#6918,.T.);
#6918 = EDGE_CURVE('',#2312,#6919,#6921,.T.);
#6919 = VERTEX_POINT('',#6920);
#6920 = CARTESIAN_POINT('',(1.9,17.725,2.25));
#6921 = LINE('',#6922,#6923);
#6922 = CARTESIAN_POINT('',(1.9,17.725,1.));
#6923 = VECTOR('',#6924,1.);
#6924 = DIRECTION('',(0.,0.,1.));
#6925 = ORIENTED_EDGE('',*,*,#6926,.F.);
#6926 = EDGE_CURVE('',#6910,#6919,#6927,.T.);
#6927 = LINE('',#6928,#6929);
#6928 = CARTESIAN_POINT('',(1.9,16.475,2.25));
#6929 = VECTOR('',#6930,1.);
#6930 = DIRECTION('',(0.,1.,0.));
#6931 = PLANE('',#6932);
#6932 = AXIS2_PLACEMENT_3D('',#6933,#6934,#6935);
#6933 = CARTESIAN_POINT('',(1.9,16.475,1.));
#6934 = DIRECTION('',(1.,0.,-0.));
#6935 = DIRECTION('',(0.,0.,1.));
#6936 = ADVANCED_FACE('',(#6937),#6955,.F.);
#6937 = FACE_BOUND('',#6938,.F.);
#6938 = EDGE_LOOP('',(#6939,#6940,#6941,#6949));
#6939 = ORIENTED_EDGE('',*,*,#2335,.F.);
#6940 = ORIENTED_EDGE('',*,*,#6909,.T.);
#6941 = ORIENTED_EDGE('',*,*,#6942,.T.);
#6942 = EDGE_CURVE('',#6910,#6943,#6945,.T.);
#6943 = VERTEX_POINT('',#6944);
#6944 = CARTESIAN_POINT('',(3.9,16.475,2.25));
#6945 = LINE('',#6946,#6947);
#6946 = CARTESIAN_POINT('',(1.9,16.475,2.25));
#6947 = VECTOR('',#6948,1.);
#6948 = DIRECTION('',(1.,0.,-0.));
#6949 = ORIENTED_EDGE('',*,*,#6950,.F.);
#6950 = EDGE_CURVE('',#2328,#6943,#6951,.T.);
#6951 = LINE('',#6952,#6953);
#6952 = CARTESIAN_POINT('',(3.9,16.475,1.));
#6953 = VECTOR('',#6954,1.);
#6954 = DIRECTION('',(0.,0.,1.));
#6955 = PLANE('',#6956);
#6956 = AXIS2_PLACEMENT_3D('',#6957,#6958,#6959);
#6957 = CARTESIAN_POINT('',(1.9,16.475,1.));
#6958 = DIRECTION('',(0.,1.,0.));
#6959 = DIRECTION('',(0.,-0.,1.));
#6960 = ADVANCED_FACE('',(#6961),#6979,.T.);
#6961 = FACE_BOUND('',#6962,.T.);
#6962 = EDGE_LOOP('',(#6963,#6964,#6965,#6973));
#6963 = ORIENTED_EDGE('',*,*,#6950,.F.);
#6964 = ORIENTED_EDGE('',*,*,#2327,.T.);
#6965 = ORIENTED_EDGE('',*,*,#6966,.T.);
#6966 = EDGE_CURVE('',#2320,#6967,#6969,.T.);
#6967 = VERTEX_POINT('',#6968);
#6968 = CARTESIAN_POINT('',(3.9,17.725,2.25));
#6969 = LINE('',#6970,#6971);
#6970 = CARTESIAN_POINT('',(3.9,17.725,1.));
#6971 = VECTOR('',#6972,1.);
#6972 = DIRECTION('',(0.,0.,1.));
#6973 = ORIENTED_EDGE('',*,*,#6974,.F.);
#6974 = EDGE_CURVE('',#6943,#6967,#6975,.T.);
#6975 = LINE('',#6976,#6977);
#6976 = CARTESIAN_POINT('',(3.9,16.475,2.25));
#6977 = VECTOR('',#6978,1.);
#6978 = DIRECTION('',(0.,1.,0.));
#6979 = PLANE('',#6980);
#6980 = AXIS2_PLACEMENT_3D('',#6981,#6982,#6983);
#6981 = CARTESIAN_POINT('',(3.9,16.475,1.));
#6982 = DIRECTION('',(1.,0.,-0.));
#6983 = DIRECTION('',(0.,0.,1.));
#6984 = ADVANCED_FACE('',(#6985),#6996,.T.);
#6985 = FACE_BOUND('',#6986,.T.);
#6986 = EDGE_LOOP('',(#6987,#6988,#6989,#6995));
#6987 = ORIENTED_EDGE('',*,*,#2319,.F.);
#6988 = ORIENTED_EDGE('',*,*,#6918,.T.);
#6989 = ORIENTED_EDGE('',*,*,#6990,.T.);
#6990 = EDGE_CURVE('',#6919,#6967,#6991,.T.);
#6991 = LINE('',#6992,#6993);
#6992 = CARTESIAN_POINT('',(1.9,17.725,2.25));
#6993 = VECTOR('',#6994,1.);
#6994 = DIRECTION('',(1.,0.,-0.));
#6995 = ORIENTED_EDGE('',*,*,#6966,.F.);
#6996 = PLANE('',#6997);
#6997 = AXIS2_PLACEMENT_3D('',#6998,#6999,#7000);
#6998 = CARTESIAN_POINT('',(1.9,17.725,1.));
#6999 = DIRECTION('',(0.,1.,0.));
#7000 = DIRECTION('',(0.,-0.,1.));
#7001 = ADVANCED_FACE('',(#7002),#7027,.F.);
#7002 = FACE_BOUND('',#7003,.F.);
#7003 = EDGE_LOOP('',(#7004,#7012,#7013,#7021));
#7004 = ORIENTED_EDGE('',*,*,#7005,.F.);
#7005 = EDGE_CURVE('',#2344,#7006,#7008,.T.);
#7006 = VERTEX_POINT('',#7007);
#7007 = CARTESIAN_POINT('',(5.,13.35,2.2));
#7008 = LINE('',#7009,#7010);
#7009 = CARTESIAN_POINT('',(5.,13.35,1.));
#7010 = VECTOR('',#7011,1.);
#7011 = DIRECTION('',(0.,0.,1.));
#7012 = ORIENTED_EDGE('',*,*,#2343,.T.);
#7013 = ORIENTED_EDGE('',*,*,#7014,.T.);
#7014 = EDGE_CURVE('',#2346,#7015,#7017,.T.);
#7015 = VERTEX_POINT('',#7016);
#7016 = CARTESIAN_POINT('',(5.,15.85,2.2));
#7017 = LINE('',#7018,#7019);
#7018 = CARTESIAN_POINT('',(5.,15.85,1.));
#7019 = VECTOR('',#7020,1.);
#7020 = DIRECTION('',(0.,0.,1.));
#7021 = ORIENTED_EDGE('',*,*,#7022,.F.);
#7022 = EDGE_CURVE('',#7006,#7015,#7023,.T.);
#7023 = LINE('',#7024,#7025);
#7024 = CARTESIAN_POINT('',(5.,13.35,2.2));
#7025 = VECTOR('',#7026,1.);
#7026 = DIRECTION('',(0.,1.,0.));
#7027 = PLANE('',#7028);
#7028 = AXIS2_PLACEMENT_3D('',#7029,#7030,#7031);
#7029 = CARTESIAN_POINT('',(5.,13.35,1.));
#7030 = DIRECTION('',(1.,0.,-0.));
#7031 = DIRECTION('',(0.,0.,1.));
#7032 = ADVANCED_FACE('',(#7033),#7051,.F.);
#7033 = FACE_BOUND('',#7034,.F.);
#7034 = EDGE_LOOP('',(#7035,#7036,#7037,#7045));
#7035 = ORIENTED_EDGE('',*,*,#2369,.F.);
#7036 = ORIENTED_EDGE('',*,*,#7005,.T.);
#7037 = ORIENTED_EDGE('',*,*,#7038,.T.);
#7038 = EDGE_CURVE('',#7006,#7039,#7041,.T.);
#7039 = VERTEX_POINT('',#7040);
#7040 = CARTESIAN_POINT('',(7.,13.35,2.2));
#7041 = LINE('',#7042,#7043);
#7042 = CARTESIAN_POINT('',(5.,13.35,2.2));
#7043 = VECTOR('',#7044,1.);
#7044 = DIRECTION('',(1.,0.,-0.));
#7045 = ORIENTED_EDGE('',*,*,#7046,.F.);
#7046 = EDGE_CURVE('',#2362,#7039,#7047,.T.);
#7047 = LINE('',#7048,#7049);
#7048 = CARTESIAN_POINT('',(7.,13.35,1.));
#7049 = VECTOR('',#7050,1.);
#7050 = DIRECTION('',(0.,0.,1.));
#7051 = PLANE('',#7052);
#7052 = AXIS2_PLACEMENT_3D('',#7053,#7054,#7055);
#7053 = CARTESIAN_POINT('',(5.,13.35,1.));
#7054 = DIRECTION('',(0.,1.,0.));
#7055 = DIRECTION('',(0.,-0.,1.));
#7056 = ADVANCED_FACE('',(#7057),#7075,.T.);
#7057 = FACE_BOUND('',#7058,.T.);
#7058 = EDGE_LOOP('',(#7059,#7060,#7061,#7069));
#7059 = ORIENTED_EDGE('',*,*,#7046,.F.);
#7060 = ORIENTED_EDGE('',*,*,#2361,.T.);
#7061 = ORIENTED_EDGE('',*,*,#7062,.T.);
#7062 = EDGE_CURVE('',#2354,#7063,#7065,.T.);
#7063 = VERTEX_POINT('',#7064);
#7064 = CARTESIAN_POINT('',(7.,15.85,2.2));
#7065 = LINE('',#7066,#7067);
#7066 = CARTESIAN_POINT('',(7.,15.85,1.));
#7067 = VECTOR('',#7068,1.);
#7068 = DIRECTION('',(0.,0.,1.));
#7069 = ORIENTED_EDGE('',*,*,#7070,.F.);
#7070 = EDGE_CURVE('',#7039,#7063,#7071,.T.);
#7071 = LINE('',#7072,#7073);
#7072 = CARTESIAN_POINT('',(7.,13.35,2.2));
#7073 = VECTOR('',#7074,1.);
#7074 = DIRECTION('',(0.,1.,0.));
#7075 = PLANE('',#7076);
#7076 = AXIS2_PLACEMENT_3D('',#7077,#7078,#7079);
#7077 = CARTESIAN_POINT('',(7.,13.35,1.));
#7078 = DIRECTION('',(1.,0.,-0.));
#7079 = DIRECTION('',(0.,0.,1.));
#7080 = ADVANCED_FACE('',(#7081),#7092,.T.);
#7081 = FACE_BOUND('',#7082,.T.);
#7082 = EDGE_LOOP('',(#7083,#7084,#7085,#7091));
#7083 = ORIENTED_EDGE('',*,*,#2353,.F.);
#7084 = ORIENTED_EDGE('',*,*,#7014,.T.);
#7085 = ORIENTED_EDGE('',*,*,#7086,.T.);
#7086 = EDGE_CURVE('',#7015,#7063,#7087,.T.);
#7087 = LINE('',#7088,#7089);
#7088 = CARTESIAN_POINT('',(5.,15.85,2.2));
#7089 = VECTOR('',#7090,1.);
#7090 = DIRECTION('',(1.,0.,-0.));
#7091 = ORIENTED_EDGE('',*,*,#7062,.F.);
#7092 = PLANE('',#7093);
#7093 = AXIS2_PLACEMENT_3D('',#7094,#7095,#7096);
#7094 = CARTESIAN_POINT('',(5.,15.85,1.));
#7095 = DIRECTION('',(0.,1.,0.));
#7096 = DIRECTION('',(0.,-0.,1.));
#7097 = ADVANCED_FACE('',(#7098),#7123,.F.);
#7098 = FACE_BOUND('',#7099,.F.);
#7099 = EDGE_LOOP('',(#7100,#7108,#7109,#7117));
#7100 = ORIENTED_EDGE('',*,*,#7101,.F.);
#7101 = EDGE_CURVE('',#2378,#7102,#7104,.T.);
#7102 = VERTEX_POINT('',#7103);
#7103 = CARTESIAN_POINT('',(5.175,17.55,1.95));
#7104 = LINE('',#7105,#7106);
#7105 = CARTESIAN_POINT('',(5.175,17.55,1.));
#7106 = VECTOR('',#7107,1.);
#7107 = DIRECTION('',(0.,0.,1.));
#7108 = ORIENTED_EDGE('',*,*,#2377,.T.);
#7109 = ORIENTED_EDGE('',*,*,#7110,.T.);
#7110 = EDGE_CURVE('',#2380,#7111,#7113,.T.);
#7111 = VERTEX_POINT('',#7112);
#7112 = CARTESIAN_POINT('',(5.175,20.25,1.95));
#7113 = LINE('',#7114,#7115);
#7114 = CARTESIAN_POINT('',(5.175,20.25,1.));
#7115 = VECTOR('',#7116,1.);
#7116 = DIRECTION('',(0.,0.,1.));
#7117 = ORIENTED_EDGE('',*,*,#7118,.F.);
#7118 = EDGE_CURVE('',#7102,#7111,#7119,.T.);
#7119 = LINE('',#7120,#7121);
#7120 = CARTESIAN_POINT('',(5.175,17.55,1.95));
#7121 = VECTOR('',#7122,1.);
#7122 = DIRECTION('',(0.,1.,0.));
#7123 = PLANE('',#7124);
#7124 = AXIS2_PLACEMENT_3D('',#7125,#7126,#7127);
#7125 = CARTESIAN_POINT('',(5.175,17.55,1.));
#7126 = DIRECTION('',(1.,0.,-0.));
#7127 = DIRECTION('',(0.,0.,1.));
#7128 = ADVANCED_FACE('',(#7129),#7186,.F.);
#7129 = FACE_BOUND('',#7130,.F.);
#7130 = EDGE_LOOP('',(#7131,#7132,#7133,#7141,#7147,#7148,#7156,#7164,
    #7172,#7180));
#7131 = ORIENTED_EDGE('',*,*,#2467,.F.);
#7132 = ORIENTED_EDGE('',*,*,#7101,.T.);
#7133 = ORIENTED_EDGE('',*,*,#7134,.T.);
#7134 = EDGE_CURVE('',#7102,#7135,#7137,.T.);
#7135 = VERTEX_POINT('',#7136);
#7136 = CARTESIAN_POINT('',(6.825,17.55,1.95));
#7137 = LINE('',#7138,#7139);
#7138 = CARTESIAN_POINT('',(5.175,17.55,1.95));
#7139 = VECTOR('',#7140,1.);
#7140 = DIRECTION('',(1.,0.,-0.));
#7141 = ORIENTED_EDGE('',*,*,#7142,.F.);
#7142 = EDGE_CURVE('',#2428,#7135,#7143,.T.);
#7143 = LINE('',#7144,#7145);
#7144 = CARTESIAN_POINT('',(6.825,17.55,1.));
#7145 = VECTOR('',#7146,1.);
#7146 = DIRECTION('',(0.,0.,1.));
#7147 = ORIENTED_EDGE('',*,*,#2435,.F.);
#7148 = ORIENTED_EDGE('',*,*,#7149,.F.);
#7149 = EDGE_CURVE('',#7150,#2436,#7152,.T.);
#7150 = VERTEX_POINT('',#7151);
#7151 = CARTESIAN_POINT('',(6.45,17.55,1.075));
#7152 = LINE('',#7153,#7154);
#7153 = CARTESIAN_POINT('',(6.45,17.55,1.075));
#7154 = VECTOR('',#7155,1.);
#7155 = DIRECTION('',(2.2E-16,0.,-1.));
#7156 = ORIENTED_EDGE('',*,*,#7157,.F.);
#7157 = EDGE_CURVE('',#7158,#7150,#7160,.T.);
#7158 = VERTEX_POINT('',#7159);
#7159 = CARTESIAN_POINT('',(6.45,17.55,1.15));
#7160 = LINE('',#7161,#7162);
#7161 = CARTESIAN_POINT('',(6.45,17.55,1.050480769231));
#7162 = VECTOR('',#7163,1.);
#7163 = DIRECTION('',(2.2E-16,0.,-1.));
#7164 = ORIENTED_EDGE('',*,*,#7165,.F.);
#7165 = EDGE_CURVE('',#7166,#7158,#7168,.T.);
#7166 = VERTEX_POINT('',#7167);
#7167 = CARTESIAN_POINT('',(5.55,17.55,1.15));
#7168 = LINE('',#7169,#7170);
#7169 = CARTESIAN_POINT('',(5.3625,17.55,1.15));
#7170 = VECTOR('',#7171,1.);
#7171 = DIRECTION('',(1.,0.,-0.));
#7172 = ORIENTED_EDGE('',*,*,#7173,.T.);
#7173 = EDGE_CURVE('',#7166,#7174,#7176,.T.);
#7174 = VERTEX_POINT('',#7175);
#7175 = CARTESIAN_POINT('',(5.55,17.55,1.075));
#7176 = LINE('',#7177,#7178);
#7177 = CARTESIAN_POINT('',(5.55,17.55,1.050480769231));
#7178 = VECTOR('',#7179,1.);
#7179 = DIRECTION('',(2.2E-16,0.,-1.));
#7180 = ORIENTED_EDGE('',*,*,#7181,.T.);
#7181 = EDGE_CURVE('',#7174,#2460,#7182,.T.);
#7182 = LINE('',#7183,#7184);
#7183 = CARTESIAN_POINT('',(5.55,17.55,1.075));
#7184 = VECTOR('',#7185,1.);
#7185 = DIRECTION('',(2.2E-16,0.,-1.));
#7186 = PLANE('',#7187);
#7187 = AXIS2_PLACEMENT_3D('',#7188,#7189,#7190);
#7188 = CARTESIAN_POINT('',(5.175,17.55,1.));
#7189 = DIRECTION('',(0.,1.,0.));
#7190 = DIRECTION('',(0.,-0.,1.));
#7191 = ADVANCED_FACE('',(#7192),#7211,.F.);
#7192 = FACE_BOUND('',#7193,.F.);
#7193 = EDGE_LOOP('',(#7194,#7202,#7208,#7209,#7210));
#7194 = ORIENTED_EDGE('',*,*,#7195,.F.);
#7195 = EDGE_CURVE('',#7196,#7166,#7198,.T.);
#7196 = VERTEX_POINT('',#7197);
#7197 = CARTESIAN_POINT('',(5.55,17.1,1.15));
#7198 = LINE('',#7199,#7200);
#7199 = CARTESIAN_POINT('',(5.55,17.1,1.15));
#7200 = VECTOR('',#7201,1.);
#7201 = DIRECTION('',(0.,1.,0.));
#7202 = ORIENTED_EDGE('',*,*,#7203,.F.);
#7203 = EDGE_CURVE('',#2452,#7196,#7204,.T.);
#7204 = LINE('',#7205,#7206);
#7205 = CARTESIAN_POINT('',(5.55,17.1,1.));
#7206 = VECTOR('',#7207,1.);
#7207 = DIRECTION('',(0.,0.,1.));
#7208 = ORIENTED_EDGE('',*,*,#2459,.T.);
#7209 = ORIENTED_EDGE('',*,*,#7181,.F.);
#7210 = ORIENTED_EDGE('',*,*,#7173,.F.);
#7211 = PLANE('',#7212);
#7212 = AXIS2_PLACEMENT_3D('',#7213,#7214,#7215);
#7213 = CARTESIAN_POINT('',(5.55,17.974038461538,1.100961538462));
#7214 = DIRECTION('',(1.,0.,-0.));
#7215 = DIRECTION('',(0.,0.,1.));
#7216 = ADVANCED_FACE('',(#7217),#7235,.T.);
#7217 = FACE_BOUND('',#7218,.T.);
#7218 = EDGE_LOOP('',(#7219,#7220,#7228,#7234));
#7219 = ORIENTED_EDGE('',*,*,#2451,.T.);
#7220 = ORIENTED_EDGE('',*,*,#7221,.T.);
#7221 = EDGE_CURVE('',#2444,#7222,#7224,.T.);
#7222 = VERTEX_POINT('',#7223);
#7223 = CARTESIAN_POINT('',(6.45,17.1,1.15));
#7224 = LINE('',#7225,#7226);
#7225 = CARTESIAN_POINT('',(6.45,17.1,1.));
#7226 = VECTOR('',#7227,1.);
#7227 = DIRECTION('',(0.,0.,1.));
#7228 = ORIENTED_EDGE('',*,*,#7229,.F.);
#7229 = EDGE_CURVE('',#7196,#7222,#7230,.T.);
#7230 = LINE('',#7231,#7232);
#7231 = CARTESIAN_POINT('',(5.55,17.1,1.15));
#7232 = VECTOR('',#7233,1.);
#7233 = DIRECTION('',(1.,0.,-0.));
#7234 = ORIENTED_EDGE('',*,*,#7203,.F.);
#7235 = PLANE('',#7236);
#7236 = AXIS2_PLACEMENT_3D('',#7237,#7238,#7239);
#7237 = CARTESIAN_POINT('',(5.55,17.1,1.));
#7238 = DIRECTION('',(0.,-1.,0.));
#7239 = DIRECTION('',(0.,0.,1.));
#7240 = ADVANCED_FACE('',(#7241),#7253,.T.);
#7241 = FACE_BOUND('',#7242,.T.);
#7242 = EDGE_LOOP('',(#7243,#7249,#7250,#7251,#7252));
#7243 = ORIENTED_EDGE('',*,*,#7244,.F.);
#7244 = EDGE_CURVE('',#7222,#7158,#7245,.T.);
#7245 = LINE('',#7246,#7247);
#7246 = CARTESIAN_POINT('',(6.45,17.1,1.15));
#7247 = VECTOR('',#7248,1.);
#7248 = DIRECTION('',(0.,1.,0.));
#7249 = ORIENTED_EDGE('',*,*,#7221,.F.);
#7250 = ORIENTED_EDGE('',*,*,#2443,.T.);
#7251 = ORIENTED_EDGE('',*,*,#7149,.F.);
#7252 = ORIENTED_EDGE('',*,*,#7157,.F.);
#7253 = PLANE('',#7254);
#7254 = AXIS2_PLACEMENT_3D('',#7255,#7256,#7257);
#7255 = CARTESIAN_POINT('',(6.45,17.974038461538,1.100961538462));
#7256 = DIRECTION('',(1.,0.,-0.));
#7257 = DIRECTION('',(0.,0.,1.));
#7258 = ADVANCED_FACE('',(#7259),#7277,.T.);
#7259 = FACE_BOUND('',#7260,.T.);
#7260 = EDGE_LOOP('',(#7261,#7262,#7263,#7271));
#7261 = ORIENTED_EDGE('',*,*,#7142,.F.);
#7262 = ORIENTED_EDGE('',*,*,#2427,.T.);
#7263 = ORIENTED_EDGE('',*,*,#7264,.T.);
#7264 = EDGE_CURVE('',#2420,#7265,#7267,.T.);
#7265 = VERTEX_POINT('',#7266);
#7266 = CARTESIAN_POINT('',(6.825,20.25,1.95));
#7267 = LINE('',#7268,#7269);
#7268 = CARTESIAN_POINT('',(6.825,20.25,1.));
#7269 = VECTOR('',#7270,1.);
#7270 = DIRECTION('',(0.,0.,1.));
#7271 = ORIENTED_EDGE('',*,*,#7272,.F.);
#7272 = EDGE_CURVE('',#7135,#7265,#7273,.T.);
#7273 = LINE('',#7274,#7275);
#7274 = CARTESIAN_POINT('',(6.825,17.55,1.95));
#7275 = VECTOR('',#7276,1.);
#7276 = DIRECTION('',(0.,1.,0.));
#7277 = PLANE('',#7278);
#7278 = AXIS2_PLACEMENT_3D('',#7279,#7280,#7281);
#7279 = CARTESIAN_POINT('',(6.825,17.55,1.));
#7280 = DIRECTION('',(1.,0.,-0.));
#7281 = DIRECTION('',(0.,0.,1.));
#7282 = ADVANCED_FACE('',(#7283),#7333,.T.);
#7283 = FACE_BOUND('',#7284,.T.);
#7284 = EDGE_LOOP('',(#7285,#7286,#7287,#7293,#7294,#7295,#7303,#7311,
    #7319,#7327));
#7285 = ORIENTED_EDGE('',*,*,#2387,.F.);
#7286 = ORIENTED_EDGE('',*,*,#7110,.T.);
#7287 = ORIENTED_EDGE('',*,*,#7288,.T.);
#7288 = EDGE_CURVE('',#7111,#7265,#7289,.T.);
#7289 = LINE('',#7290,#7291);
#7290 = CARTESIAN_POINT('',(5.175,20.25,1.95));
#7291 = VECTOR('',#7292,1.);
#7292 = DIRECTION('',(1.,0.,-0.));
#7293 = ORIENTED_EDGE('',*,*,#7264,.F.);
#7294 = ORIENTED_EDGE('',*,*,#2419,.F.);
#7295 = ORIENTED_EDGE('',*,*,#7296,.F.);
#7296 = EDGE_CURVE('',#7297,#2412,#7299,.T.);
#7297 = VERTEX_POINT('',#7298);
#7298 = CARTESIAN_POINT('',(6.45,20.25,1.075));
#7299 = LINE('',#7300,#7301);
#7300 = CARTESIAN_POINT('',(6.45,20.25,1.075));
#7301 = VECTOR('',#7302,1.);
#7302 = DIRECTION('',(2.2E-16,0.,-1.));
#7303 = ORIENTED_EDGE('',*,*,#7304,.T.);
#7304 = EDGE_CURVE('',#7297,#7305,#7307,.T.);
#7305 = VERTEX_POINT('',#7306);
#7306 = CARTESIAN_POINT('',(6.45,20.25,1.15));
#7307 = LINE('',#7308,#7309);
#7308 = CARTESIAN_POINT('',(6.45,20.25,1.050480769231));
#7309 = VECTOR('',#7310,1.);
#7310 = DIRECTION('',(0.,0.,1.));
#7311 = ORIENTED_EDGE('',*,*,#7312,.T.);
#7312 = EDGE_CURVE('',#7305,#7313,#7315,.T.);
#7313 = VERTEX_POINT('',#7314);
#7314 = CARTESIAN_POINT('',(5.55,20.25,1.15));
#7315 = LINE('',#7316,#7317);
#7316 = CARTESIAN_POINT('',(5.3625,20.25,1.15));
#7317 = VECTOR('',#7318,1.);
#7318 = DIRECTION('',(-1.,0.,0.));
#7319 = ORIENTED_EDGE('',*,*,#7320,.F.);
#7320 = EDGE_CURVE('',#7321,#7313,#7323,.T.);
#7321 = VERTEX_POINT('',#7322);
#7322 = CARTESIAN_POINT('',(5.55,20.25,1.075));
#7323 = LINE('',#7324,#7325);
#7324 = CARTESIAN_POINT('',(5.55,20.25,1.050480769231));
#7325 = VECTOR('',#7326,1.);
#7326 = DIRECTION('',(0.,0.,1.));
#7327 = ORIENTED_EDGE('',*,*,#7328,.T.);
#7328 = EDGE_CURVE('',#7321,#2388,#7329,.T.);
#7329 = LINE('',#7330,#7331);
#7330 = CARTESIAN_POINT('',(5.55,20.25,1.075));
#7331 = VECTOR('',#7332,1.);
#7332 = DIRECTION('',(2.2E-16,0.,-1.));
#7333 = PLANE('',#7334);
#7334 = AXIS2_PLACEMENT_3D('',#7335,#7336,#7337);
#7335 = CARTESIAN_POINT('',(5.175,20.25,1.));
#7336 = DIRECTION('',(0.,1.,0.));
#7337 = DIRECTION('',(0.,-0.,1.));
#7338 = ADVANCED_FACE('',(#7339),#7358,.T.);
#7339 = FACE_BOUND('',#7340,.F.);
#7340 = EDGE_LOOP('',(#7341,#7349,#7355,#7356,#7357));
#7341 = ORIENTED_EDGE('',*,*,#7342,.F.);
#7342 = EDGE_CURVE('',#7343,#7305,#7345,.T.);
#7343 = VERTEX_POINT('',#7344);
#7344 = CARTESIAN_POINT('',(6.45,20.7,1.15));
#7345 = LINE('',#7346,#7347);
#7346 = CARTESIAN_POINT('',(6.45,20.7,1.15));
#7347 = VECTOR('',#7348,1.);
#7348 = DIRECTION('',(0.,-1.,0.));
#7349 = ORIENTED_EDGE('',*,*,#7350,.F.);
#7350 = EDGE_CURVE('',#2404,#7343,#7351,.T.);
#7351 = LINE('',#7352,#7353);
#7352 = CARTESIAN_POINT('',(6.45,20.7,1.));
#7353 = VECTOR('',#7354,1.);
#7354 = DIRECTION('',(0.,0.,1.));
#7355 = ORIENTED_EDGE('',*,*,#2411,.T.);
#7356 = ORIENTED_EDGE('',*,*,#7296,.F.);
#7357 = ORIENTED_EDGE('',*,*,#7304,.T.);
#7358 = PLANE('',#7359);
#7359 = AXIS2_PLACEMENT_3D('',#7360,#7361,#7362);
#7360 = CARTESIAN_POINT('',(6.45,19.825961538462,1.100961538462));
#7361 = DIRECTION('',(1.,0.,-0.));
#7362 = DIRECTION('',(0.,-0.,-1.));
#7363 = ADVANCED_FACE('',(#7364),#7382,.T.);
#7364 = FACE_BOUND('',#7365,.F.);
#7365 = EDGE_LOOP('',(#7366,#7367,#7368,#7376));
#7366 = ORIENTED_EDGE('',*,*,#2403,.T.);
#7367 = ORIENTED_EDGE('',*,*,#7350,.T.);
#7368 = ORIENTED_EDGE('',*,*,#7369,.F.);
#7369 = EDGE_CURVE('',#7370,#7343,#7372,.T.);
#7370 = VERTEX_POINT('',#7371);
#7371 = CARTESIAN_POINT('',(5.55,20.7,1.15));
#7372 = LINE('',#7373,#7374);
#7373 = CARTESIAN_POINT('',(5.55,20.7,1.15));
#7374 = VECTOR('',#7375,1.);
#7375 = DIRECTION('',(1.,0.,-0.));
#7376 = ORIENTED_EDGE('',*,*,#7377,.F.);
#7377 = EDGE_CURVE('',#2396,#7370,#7378,.T.);
#7378 = LINE('',#7379,#7380);
#7379 = CARTESIAN_POINT('',(5.55,20.7,1.));
#7380 = VECTOR('',#7381,1.);
#7381 = DIRECTION('',(0.,0.,1.));
#7382 = PLANE('',#7383);
#7383 = AXIS2_PLACEMENT_3D('',#7384,#7385,#7386);
#7384 = CARTESIAN_POINT('',(5.55,20.7,1.));
#7385 = DIRECTION('',(0.,1.,0.));
#7386 = DIRECTION('',(2.2E-16,0.,-1.));
#7387 = ADVANCED_FACE('',(#7388),#7400,.F.);
#7388 = FACE_BOUND('',#7389,.T.);
#7389 = EDGE_LOOP('',(#7390,#7396,#7397,#7398,#7399));
#7390 = ORIENTED_EDGE('',*,*,#7391,.F.);
#7391 = EDGE_CURVE('',#7370,#7313,#7392,.T.);
#7392 = LINE('',#7393,#7394);
#7393 = CARTESIAN_POINT('',(5.55,20.7,1.15));
#7394 = VECTOR('',#7395,1.);
#7395 = DIRECTION('',(0.,-1.,0.));
#7396 = ORIENTED_EDGE('',*,*,#7377,.F.);
#7397 = ORIENTED_EDGE('',*,*,#2395,.T.);
#7398 = ORIENTED_EDGE('',*,*,#7328,.F.);
#7399 = ORIENTED_EDGE('',*,*,#7320,.T.);
#7400 = PLANE('',#7401);
#7401 = AXIS2_PLACEMENT_3D('',#7402,#7403,#7404);
#7402 = CARTESIAN_POINT('',(5.55,19.825961538462,1.100961538462));
#7403 = DIRECTION('',(1.,0.,-0.));
#7404 = DIRECTION('',(0.,-0.,-1.));
#7405 = ADVANCED_FACE('',(#7406,#7409),#7420,.T.);
#7406 = FACE_BOUND('',#7407,.T.);
#7407 = EDGE_LOOP('',(#7408));
#7408 = ORIENTED_EDGE('',*,*,#2475,.T.);
#7409 = FACE_BOUND('',#7410,.T.);
#7410 = EDGE_LOOP('',(#7411));
#7411 = ORIENTED_EDGE('',*,*,#7412,.F.);
#7412 = EDGE_CURVE('',#7413,#7413,#7415,.T.);
#7413 = VERTEX_POINT('',#7414);
#7414 = CARTESIAN_POINT('',(4.65,23.5,1.));
#7415 = CIRCLE('',#7416,1.05);
#7416 = AXIS2_PLACEMENT_3D('',#7417,#7418,#7419);
#7417 = CARTESIAN_POINT('',(5.7,23.5,1.));
#7418 = DIRECTION('',(0.,0.,1.));
#7419 = DIRECTION('',(-1.,0.,0.));
#7420 = PLANE('',#7421);
#7421 = AXIS2_PLACEMENT_3D('',#7422,#7423,#7424);
#7422 = CARTESIAN_POINT('',(4.3E-16,1.14E-15,1.));
#7423 = DIRECTION('',(0.,0.,1.));
#7424 = DIRECTION('',(1.,0.,-0.));
#7425 = ADVANCED_FACE('',(#7426,#8621,#8632,#8643,#8713,#8724,#8794,
    #8864,#8900,#8936,#9006,#9076,#9146,#9182,#9218),#9229,.F.);
#7426 = FACE_BOUND('',#7427,.F.);
#7427 = EDGE_LOOP('',(#7428,#7429,#7430,#7431,#7439,#7448,#7454,#7455,
    #7463,#7472,#7480,#7489,#7495,#7496,#7504,#7513,#7519,#7520,#7521,
    #7522,#7530,#7539,#7545,#7546,#7554,#7563,#7569,#7570,#7578,#7587,
    #7595,#7604,#7610,#7611,#7619,#7628,#7634,#7635,#7643,#7652,#7658,
    #7659,#7667,#7676,#7682,#7683,#7691,#7700,#7706,#7707,#7715,#7724,
    #7732,#7741,#7747,#7748,#7756,#7765,#7771,#7772,#7780,#7789,#7795,
    #7796,#7804,#7813,#7819,#7820,#7828,#7837,#7843,#7844,#7852,#7861,
    #7869,#7878,#7884,#7885,#7893,#7902,#7908,#7909,#7917,#7926,#7932,
    #7933,#7941,#7950,#7956,#7957,#7965,#7974,#7980,#7981,#7989,#7998,
    #8006,#8015,#8021,#8022,#8030,#8039,#8045,#8046,#8054,#8063,#8069,
    #8070,#8071,#8072,#8073,#8074,#8082,#8091,#8097,#8098,#8106,#8115,
    #8121,#8122,#8130,#8139,#8147,#8156,#8162,#8163,#8171,#8180,#8186,
    #8187,#8195,#8204,#8210,#8211,#8219,#8228,#8234,#8235,#8243,#8252,
    #8258,#8259,#8267,#8276,#8284,#8293,#8299,#8300,#8308,#8317,#8323,
    #8324,#8332,#8341,#8347,#8348,#8356,#8365,#8371,#8372,#8380,#8389,
    #8395,#8396,#8404,#8413,#8421,#8430,#8436,#8437,#8445,#8454,#8460,
    #8461,#8469,#8478,#8484,#8485,#8493,#8502,#8508,#8509,#8517,#8526,
    #8532,#8533,#8541,#8550,#8558,#8567,#8573,#8574,#8582,#8591,#8597,
    #8598,#8606,#8615));
#7428 = ORIENTED_EDGE('',*,*,#2521,.F.);
#7429 = ORIENTED_EDGE('',*,*,#6159,.T.);
#7430 = ORIENTED_EDGE('',*,*,#6128,.F.);
#7431 = ORIENTED_EDGE('',*,*,#7432,.F.);
#7432 = EDGE_CURVE('',#7433,#6129,#7435,.T.);
#7433 = VERTEX_POINT('',#7434);
#7434 = CARTESIAN_POINT('',(-3.34,-23.9,0.));
#7435 = LINE('',#7436,#7437);
#7436 = CARTESIAN_POINT('',(-3.34,-23.9,0.));
#7437 = VECTOR('',#7438,1.);
#7438 = DIRECTION('',(0.,-1.,0.));
#7439 = ORIENTED_EDGE('',*,*,#7440,.F.);
#7440 = EDGE_CURVE('',#7441,#7433,#7443,.T.);
#7441 = VERTEX_POINT('',#7442);
#7442 = CARTESIAN_POINT('',(-1.74,-23.9,0.));
#7443 = CIRCLE('',#7444,0.8);
#7444 = AXIS2_PLACEMENT_3D('',#7445,#7446,#7447);
#7445 = CARTESIAN_POINT('',(-2.54,-23.9,0.));
#7446 = DIRECTION('',(0.,-0.,1.));
#7447 = DIRECTION('',(0.,1.,0.));
#7448 = ORIENTED_EDGE('',*,*,#7449,.T.);
#7449 = EDGE_CURVE('',#7441,#6055,#7450,.T.);
#7450 = LINE('',#7451,#7452);
#7451 = CARTESIAN_POINT('',(-1.74,-23.9,0.));
#7452 = VECTOR('',#7453,1.);
#7453 = DIRECTION('',(0.,-1.,0.));
#7454 = ORIENTED_EDGE('',*,*,#6052,.F.);
#7455 = ORIENTED_EDGE('',*,*,#7456,.F.);
#7456 = EDGE_CURVE('',#7457,#6053,#7459,.T.);
#7457 = VERTEX_POINT('',#7458);
#7458 = CARTESIAN_POINT('',(-0.800000000001,-23.3,0.));
#7459 = LINE('',#7460,#7461);
#7460 = CARTESIAN_POINT('',(-0.800000000001,-23.3,0.));
#7461 = VECTOR('',#7462,1.);
#7462 = DIRECTION('',(0.,-1.,0.));
#7463 = ORIENTED_EDGE('',*,*,#7464,.F.);
#7464 = EDGE_CURVE('',#7465,#7457,#7467,.T.);
#7465 = VERTEX_POINT('',#7466);
#7466 = CARTESIAN_POINT('',(-0.600000000001,-23.1,0.));
#7467 = CIRCLE('',#7468,0.2);
#7468 = AXIS2_PLACEMENT_3D('',#7469,#7470,#7471);
#7469 = CARTESIAN_POINT('',(-0.600000000001,-23.3,0.));
#7470 = DIRECTION('',(0.,-0.,1.));
#7471 = DIRECTION('',(0.,1.,0.));
#7472 = ORIENTED_EDGE('',*,*,#7473,.T.);
#7473 = EDGE_CURVE('',#7465,#7474,#7476,.T.);
#7474 = VERTEX_POINT('',#7475);
#7475 = CARTESIAN_POINT('',(0.600000000001,-23.1,0.));
#7476 = LINE('',#7477,#7478);
#7477 = CARTESIAN_POINT('',(-0.600000000001,-23.1,0.));
#7478 = VECTOR('',#7479,1.);
#7479 = DIRECTION('',(1.,0.,-0.));
#7480 = ORIENTED_EDGE('',*,*,#7481,.F.);
#7481 = EDGE_CURVE('',#7482,#7474,#7484,.T.);
#7482 = VERTEX_POINT('',#7483);
#7483 = CARTESIAN_POINT('',(0.800000000001,-23.3,0.));
#7484 = CIRCLE('',#7485,0.2);
#7485 = AXIS2_PLACEMENT_3D('',#7486,#7487,#7488);
#7486 = CARTESIAN_POINT('',(0.600000000001,-23.3,0.));
#7487 = DIRECTION('',(0.,-0.,1.));
#7488 = DIRECTION('',(0.,1.,0.));
#7489 = ORIENTED_EDGE('',*,*,#7490,.T.);
#7490 = EDGE_CURVE('',#7482,#5977,#7491,.T.);
#7491 = LINE('',#7492,#7493);
#7492 = CARTESIAN_POINT('',(0.800000000001,-23.3,0.));
#7493 = VECTOR('',#7494,1.);
#7494 = DIRECTION('',(0.,-1.,0.));
#7495 = ORIENTED_EDGE('',*,*,#5974,.F.);
#7496 = ORIENTED_EDGE('',*,*,#7497,.F.);
#7497 = EDGE_CURVE('',#7498,#5975,#7500,.T.);
#7498 = VERTEX_POINT('',#7499);
#7499 = CARTESIAN_POINT('',(1.74,-23.9,0.));
#7500 = LINE('',#7501,#7502);
#7501 = CARTESIAN_POINT('',(1.74,-23.9,0.));
#7502 = VECTOR('',#7503,1.);
#7503 = DIRECTION('',(0.,-1.,0.));
#7504 = ORIENTED_EDGE('',*,*,#7505,.T.);
#7505 = EDGE_CURVE('',#7498,#7506,#7508,.T.);
#7506 = VERTEX_POINT('',#7507);
#7507 = CARTESIAN_POINT('',(3.34,-23.9,1.E-15));
#7508 = CIRCLE('',#7509,0.8);
#7509 = AXIS2_PLACEMENT_3D('',#7510,#7511,#7512);
#7510 = CARTESIAN_POINT('',(2.54,-23.9,5.6E-16));
#7511 = DIRECTION('',(2.2E-16,0.,-1.));
#7512 = DIRECTION('',(0.,1.,0.));
#7513 = ORIENTED_EDGE('',*,*,#7514,.T.);
#7514 = EDGE_CURVE('',#7506,#5906,#7515,.T.);
#7515 = LINE('',#7516,#7517);
#7516 = CARTESIAN_POINT('',(3.34,-23.9,1.E-15));
#7517 = VECTOR('',#7518,1.);
#7518 = DIRECTION('',(0.,-1.,0.));
#7519 = ORIENTED_EDGE('',*,*,#5905,.F.);
#7520 = ORIENTED_EDGE('',*,*,#5880,.T.);
#7521 = ORIENTED_EDGE('',*,*,#5849,.F.);
#7522 = ORIENTED_EDGE('',*,*,#7523,.F.);
#7523 = EDGE_CURVE('',#7524,#5850,#7526,.T.);
#7524 = VERTEX_POINT('',#7525);
#7525 = CARTESIAN_POINT('',(8.89,-24.93,7.E-15));
#7526 = LINE('',#7527,#7528);
#7527 = CARTESIAN_POINT('',(8.89,-24.93,7.E-15));
#7528 = VECTOR('',#7529,1.);
#7529 = DIRECTION('',(1.,0.,-0.));
#7530 = ORIENTED_EDGE('',*,*,#7531,.T.);
#7531 = EDGE_CURVE('',#7524,#7532,#7534,.T.);
#7532 = VERTEX_POINT('',#7533);
#7533 = CARTESIAN_POINT('',(8.89,-23.33,7.E-15));
#7534 = CIRCLE('',#7535,0.8);
#7535 = AXIS2_PLACEMENT_3D('',#7536,#7537,#7538);
#7536 = CARTESIAN_POINT('',(8.89,-24.13,7.33E-15));
#7537 = DIRECTION('',(2.2E-16,0.,-1.));
#7538 = DIRECTION('',(-1.,0.,-2.2E-16));
#7539 = ORIENTED_EDGE('',*,*,#7540,.T.);
#7540 = EDGE_CURVE('',#7532,#5776,#7541,.T.);
#7541 = LINE('',#7542,#7543);
#7542 = CARTESIAN_POINT('',(8.89,-23.33,7.E-15));
#7543 = VECTOR('',#7544,1.);
#7544 = DIRECTION('',(1.,0.,-0.));
#7545 = ORIENTED_EDGE('',*,*,#5773,.F.);
#7546 = ORIENTED_EDGE('',*,*,#7547,.F.);
#7547 = EDGE_CURVE('',#7548,#5774,#7550,.T.);
#7548 = VERTEX_POINT('',#7549);
#7549 = CARTESIAN_POINT('',(8.89,-22.39,7.E-15));
#7550 = LINE('',#7551,#7552);
#7551 = CARTESIAN_POINT('',(8.89,-22.39,7.E-15));
#7552 = VECTOR('',#7553,1.);
#7553 = DIRECTION('',(1.,0.,-0.));
#7554 = ORIENTED_EDGE('',*,*,#7555,.T.);
#7555 = EDGE_CURVE('',#7548,#7556,#7558,.T.);
#7556 = VERTEX_POINT('',#7557);
#7557 = CARTESIAN_POINT('',(8.89,-20.79,7.E-15));
#7558 = CIRCLE('',#7559,0.8);
#7559 = AXIS2_PLACEMENT_3D('',#7560,#7561,#7562);
#7560 = CARTESIAN_POINT('',(8.89,-21.59,7.05E-15));
#7561 = DIRECTION('',(2.2E-16,0.,-1.));
#7562 = DIRECTION('',(-1.,0.,-2.2E-16));
#7563 = ORIENTED_EDGE('',*,*,#7564,.T.);
#7564 = EDGE_CURVE('',#7556,#5700,#7565,.T.);
#7565 = LINE('',#7566,#7567);
#7566 = CARTESIAN_POINT('',(8.89,-20.79,7.E-15));
#7567 = VECTOR('',#7568,1.);
#7568 = DIRECTION('',(1.,0.,-0.));
#7569 = ORIENTED_EDGE('',*,*,#5697,.F.);
#7570 = ORIENTED_EDGE('',*,*,#7571,.F.);
#7571 = EDGE_CURVE('',#7572,#5698,#7574,.T.);
#7572 = VERTEX_POINT('',#7573);
#7573 = CARTESIAN_POINT('',(8.29,-19.85,6.E-15));
#7574 = LINE('',#7575,#7576);
#7575 = CARTESIAN_POINT('',(8.29,-19.85,6.E-15));
#7576 = VECTOR('',#7577,1.);
#7577 = DIRECTION('',(1.,0.,-0.));
#7578 = ORIENTED_EDGE('',*,*,#7579,.T.);
#7579 = EDGE_CURVE('',#7572,#7580,#7582,.T.);
#7580 = VERTEX_POINT('',#7581);
#7581 = CARTESIAN_POINT('',(8.09,-19.65,6.E-15));
#7582 = CIRCLE('',#7583,0.2);
#7583 = AXIS2_PLACEMENT_3D('',#7584,#7585,#7586);
#7584 = CARTESIAN_POINT('',(8.29,-19.65,6.07E-15));
#7585 = DIRECTION('',(2.2E-16,0.,-1.));
#7586 = DIRECTION('',(-1.,0.,-2.2E-16));
#7587 = ORIENTED_EDGE('',*,*,#7588,.F.);
#7588 = EDGE_CURVE('',#7589,#7580,#7591,.T.);
#7589 = VERTEX_POINT('',#7590);
#7590 = CARTESIAN_POINT('',(8.09,-18.44999999999,6.E-15));
#7591 = LINE('',#7592,#7593);
#7592 = CARTESIAN_POINT('',(8.09,-18.44999999999,6.E-15));
#7593 = VECTOR('',#7594,1.);
#7594 = DIRECTION('',(0.,-1.,0.));
#7595 = ORIENTED_EDGE('',*,*,#7596,.T.);
#7596 = EDGE_CURVE('',#7589,#7597,#7599,.T.);
#7597 = VERTEX_POINT('',#7598);
#7598 = CARTESIAN_POINT('',(8.29,-18.24999999999,6.E-15));
#7599 = CIRCLE('',#7600,0.2);
#7600 = AXIS2_PLACEMENT_3D('',#7601,#7602,#7603);
#7601 = CARTESIAN_POINT('',(8.29,-18.44999999999,6.07E-15));
#7602 = DIRECTION('',(2.2E-16,0.,-1.));
#7603 = DIRECTION('',(-1.,0.,-2.2E-16));
#7604 = ORIENTED_EDGE('',*,*,#7605,.T.);
#7605 = EDGE_CURVE('',#7597,#5622,#7606,.T.);
#7606 = LINE('',#7607,#7608);
#7607 = CARTESIAN_POINT('',(8.29,-18.24999999999,6.E-15));
#7608 = VECTOR('',#7609,1.);
#7609 = DIRECTION('',(1.,0.,-0.));
#7610 = ORIENTED_EDGE('',*,*,#5619,.F.);
#7611 = ORIENTED_EDGE('',*,*,#7612,.F.);
#7612 = EDGE_CURVE('',#7613,#5620,#7615,.T.);
#7613 = VERTEX_POINT('',#7614);
#7614 = CARTESIAN_POINT('',(8.89,-17.31,6.E-15));
#7615 = LINE('',#7616,#7617);
#7616 = CARTESIAN_POINT('',(8.89,-17.31,6.E-15));
#7617 = VECTOR('',#7618,1.);
#7618 = DIRECTION('',(1.,0.,-0.));
#7619 = ORIENTED_EDGE('',*,*,#7620,.T.);
#7620 = EDGE_CURVE('',#7613,#7621,#7623,.T.);
#7621 = VERTEX_POINT('',#7622);
#7622 = CARTESIAN_POINT('',(8.89,-15.71,6.E-15));
#7623 = CIRCLE('',#7624,0.8);
#7624 = AXIS2_PLACEMENT_3D('',#7625,#7626,#7627);
#7625 = CARTESIAN_POINT('',(8.89,-16.51,6.49E-15));
#7626 = DIRECTION('',(2.2E-16,0.,-1.));
#7627 = DIRECTION('',(-1.,0.,-2.2E-16));
#7628 = ORIENTED_EDGE('',*,*,#7629,.T.);
#7629 = EDGE_CURVE('',#7621,#5546,#7630,.T.);
#7630 = LINE('',#7631,#7632);
#7631 = CARTESIAN_POINT('',(8.89,-15.71,6.E-15));
#7632 = VECTOR('',#7633,1.);
#7633 = DIRECTION('',(1.,0.,-0.));
#7634 = ORIENTED_EDGE('',*,*,#5543,.F.);
#7635 = ORIENTED_EDGE('',*,*,#7636,.F.);
#7636 = EDGE_CURVE('',#7637,#5544,#7639,.T.);
#7637 = VERTEX_POINT('',#7638);
#7638 = CARTESIAN_POINT('',(8.89,-14.77,6.E-15));
#7639 = LINE('',#7640,#7641);
#7640 = CARTESIAN_POINT('',(8.89,-14.77,6.E-15));
#7641 = VECTOR('',#7642,1.);
#7642 = DIRECTION('',(1.,0.,-0.));
#7643 = ORIENTED_EDGE('',*,*,#7644,.T.);
#7644 = EDGE_CURVE('',#7637,#7645,#7647,.T.);
#7645 = VERTEX_POINT('',#7646);
#7646 = CARTESIAN_POINT('',(8.89,-13.17,6.E-15));
#7647 = CIRCLE('',#7648,0.8);
#7648 = AXIS2_PLACEMENT_3D('',#7649,#7650,#7651);
#7649 = CARTESIAN_POINT('',(8.89,-13.97,6.2E-15));
#7650 = DIRECTION('',(2.2E-16,0.,-1.));
#7651 = DIRECTION('',(-1.,0.,-2.2E-16));
#7652 = ORIENTED_EDGE('',*,*,#7653,.T.);
#7653 = EDGE_CURVE('',#7645,#5470,#7654,.T.);
#7654 = LINE('',#7655,#7656);
#7655 = CARTESIAN_POINT('',(8.89,-13.17,6.E-15));
#7656 = VECTOR('',#7657,1.);
#7657 = DIRECTION('',(1.,0.,-0.));
#7658 = ORIENTED_EDGE('',*,*,#5467,.F.);
#7659 = ORIENTED_EDGE('',*,*,#7660,.F.);
#7660 = EDGE_CURVE('',#7661,#5468,#7663,.T.);
#7661 = VERTEX_POINT('',#7662);
#7662 = CARTESIAN_POINT('',(8.89,-12.23,6.E-15));
#7663 = LINE('',#7664,#7665);
#7664 = CARTESIAN_POINT('',(8.89,-12.23,6.E-15));
#7665 = VECTOR('',#7666,1.);
#7666 = DIRECTION('',(1.,0.,-0.));
#7667 = ORIENTED_EDGE('',*,*,#7668,.T.);
#7668 = EDGE_CURVE('',#7661,#7669,#7671,.T.);
#7669 = VERTEX_POINT('',#7670);
#7670 = CARTESIAN_POINT('',(8.89,-10.63,6.E-15));
#7671 = CIRCLE('',#7672,0.8);
#7672 = AXIS2_PLACEMENT_3D('',#7673,#7674,#7675);
#7673 = CARTESIAN_POINT('',(8.89,-11.43,5.92E-15));
#7674 = DIRECTION('',(2.2E-16,0.,-1.));
#7675 = DIRECTION('',(-1.,0.,-2.2E-16));
#7676 = ORIENTED_EDGE('',*,*,#7677,.T.);
#7677 = EDGE_CURVE('',#7669,#5394,#7678,.T.);
#7678 = LINE('',#7679,#7680);
#7679 = CARTESIAN_POINT('',(8.89,-10.63,6.E-15));
#7680 = VECTOR('',#7681,1.);
#7681 = DIRECTION('',(1.,0.,-0.));
#7682 = ORIENTED_EDGE('',*,*,#5391,.F.);
#7683 = ORIENTED_EDGE('',*,*,#7684,.F.);
#7684 = EDGE_CURVE('',#7685,#5392,#7687,.T.);
#7685 = VERTEX_POINT('',#7686);
#7686 = CARTESIAN_POINT('',(8.89,-9.69,6.E-15));
#7687 = LINE('',#7688,#7689);
#7688 = CARTESIAN_POINT('',(8.89,-9.69,6.E-15));
#7689 = VECTOR('',#7690,1.);
#7690 = DIRECTION('',(1.,0.,-0.));
#7691 = ORIENTED_EDGE('',*,*,#7692,.T.);
#7692 = EDGE_CURVE('',#7685,#7693,#7695,.T.);
#7693 = VERTEX_POINT('',#7694);
#7694 = CARTESIAN_POINT('',(8.89,-8.09,6.E-15));
#7695 = CIRCLE('',#7696,0.8);
#7696 = AXIS2_PLACEMENT_3D('',#7697,#7698,#7699);
#7697 = CARTESIAN_POINT('',(8.89,-8.89,5.64E-15));
#7698 = DIRECTION('',(2.2E-16,0.,-1.));
#7699 = DIRECTION('',(-1.,0.,-2.2E-16));
#7700 = ORIENTED_EDGE('',*,*,#7701,.T.);
#7701 = EDGE_CURVE('',#7693,#5318,#7702,.T.);
#7702 = LINE('',#7703,#7704);
#7703 = CARTESIAN_POINT('',(8.89,-8.09,6.E-15));
#7704 = VECTOR('',#7705,1.);
#7705 = DIRECTION('',(1.,0.,-0.));
#7706 = ORIENTED_EDGE('',*,*,#5315,.F.);
#7707 = ORIENTED_EDGE('',*,*,#7708,.F.);
#7708 = EDGE_CURVE('',#7709,#5316,#7711,.T.);
#7709 = VERTEX_POINT('',#7710);
#7710 = CARTESIAN_POINT('',(8.29,-7.150000000001,5.E-15));
#7711 = LINE('',#7712,#7713);
#7712 = CARTESIAN_POINT('',(8.29,-7.150000000001,5.E-15));
#7713 = VECTOR('',#7714,1.);
#7714 = DIRECTION('',(1.,0.,-0.));
#7715 = ORIENTED_EDGE('',*,*,#7716,.T.);
#7716 = EDGE_CURVE('',#7709,#7717,#7719,.T.);
#7717 = VERTEX_POINT('',#7718);
#7718 = CARTESIAN_POINT('',(8.09,-6.950000000001,5.E-15));
#7719 = CIRCLE('',#7720,0.2);
#7720 = AXIS2_PLACEMENT_3D('',#7721,#7722,#7723);
#7721 = CARTESIAN_POINT('',(8.29,-6.950000000001,4.66E-15));
#7722 = DIRECTION('',(2.2E-16,0.,-1.));
#7723 = DIRECTION('',(-1.,0.,-2.2E-16));
#7724 = ORIENTED_EDGE('',*,*,#7725,.F.);
#7725 = EDGE_CURVE('',#7726,#7717,#7728,.T.);
#7726 = VERTEX_POINT('',#7727);
#7727 = CARTESIAN_POINT('',(8.09,-5.749999999999,5.E-15));
#7728 = LINE('',#7729,#7730);
#7729 = CARTESIAN_POINT('',(8.09,-5.749999999999,5.E-15));
#7730 = VECTOR('',#7731,1.);
#7731 = DIRECTION('',(0.,-1.,0.));
#7732 = ORIENTED_EDGE('',*,*,#7733,.T.);
#7733 = EDGE_CURVE('',#7726,#7734,#7736,.T.);
#7734 = VERTEX_POINT('',#7735);
#7735 = CARTESIAN_POINT('',(8.29,-5.549999999999,5.E-15));
#7736 = CIRCLE('',#7737,0.2);
#7737 = AXIS2_PLACEMENT_3D('',#7738,#7739,#7740);
#7738 = CARTESIAN_POINT('',(8.29,-5.749999999999,4.66E-15));
#7739 = DIRECTION('',(2.2E-16,0.,-1.));
#7740 = DIRECTION('',(-1.,0.,-2.2E-16));
#7741 = ORIENTED_EDGE('',*,*,#7742,.T.);
#7742 = EDGE_CURVE('',#7734,#5240,#7743,.T.);
#7743 = LINE('',#7744,#7745);
#7744 = CARTESIAN_POINT('',(8.29,-5.549999999999,5.E-15));
#7745 = VECTOR('',#7746,1.);
#7746 = DIRECTION('',(1.,0.,-0.));
#7747 = ORIENTED_EDGE('',*,*,#5237,.F.);
#7748 = ORIENTED_EDGE('',*,*,#7749,.F.);
#7749 = EDGE_CURVE('',#7750,#5238,#7752,.T.);
#7750 = VERTEX_POINT('',#7751);
#7751 = CARTESIAN_POINT('',(8.89,-4.61,5.E-15));
#7752 = LINE('',#7753,#7754);
#7753 = CARTESIAN_POINT('',(8.89,-4.61,5.E-15));
#7754 = VECTOR('',#7755,1.);
#7755 = DIRECTION('',(1.,0.,-0.));
#7756 = ORIENTED_EDGE('',*,*,#7757,.T.);
#7757 = EDGE_CURVE('',#7750,#7758,#7760,.T.);
#7758 = VERTEX_POINT('',#7759);
#7759 = CARTESIAN_POINT('',(8.89,-3.01,5.E-15));
#7760 = CIRCLE('',#7761,0.8);
#7761 = AXIS2_PLACEMENT_3D('',#7762,#7763,#7764);
#7762 = CARTESIAN_POINT('',(8.89,-3.81,5.08E-15));
#7763 = DIRECTION('',(2.2E-16,0.,-1.));
#7764 = DIRECTION('',(-1.,0.,-2.2E-16));
#7765 = ORIENTED_EDGE('',*,*,#7766,.T.);
#7766 = EDGE_CURVE('',#7758,#5164,#7767,.T.);
#7767 = LINE('',#7768,#7769);
#7768 = CARTESIAN_POINT('',(8.89,-3.01,5.E-15));
#7769 = VECTOR('',#7770,1.);
#7770 = DIRECTION('',(1.,0.,-0.));
#7771 = ORIENTED_EDGE('',*,*,#5161,.F.);
#7772 = ORIENTED_EDGE('',*,*,#7773,.F.);
#7773 = EDGE_CURVE('',#7774,#5162,#7776,.T.);
#7774 = VERTEX_POINT('',#7775);
#7775 = CARTESIAN_POINT('',(8.89,-2.07,5.E-15));
#7776 = LINE('',#7777,#7778);
#7777 = CARTESIAN_POINT('',(8.89,-2.07,5.E-15));
#7778 = VECTOR('',#7779,1.);
#7779 = DIRECTION('',(1.,0.,-0.));
#7780 = ORIENTED_EDGE('',*,*,#7781,.T.);
#7781 = EDGE_CURVE('',#7774,#7782,#7784,.T.);
#7782 = VERTEX_POINT('',#7783);
#7783 = CARTESIAN_POINT('',(8.89,-0.47,5.E-15));
#7784 = CIRCLE('',#7785,0.8);
#7785 = AXIS2_PLACEMENT_3D('',#7786,#7787,#7788);
#7786 = CARTESIAN_POINT('',(8.89,-1.27,4.79E-15));
#7787 = DIRECTION('',(2.2E-16,0.,-1.));
#7788 = DIRECTION('',(-1.,0.,-2.2E-16));
#7789 = ORIENTED_EDGE('',*,*,#7790,.T.);
#7790 = EDGE_CURVE('',#7782,#5088,#7791,.T.);
#7791 = LINE('',#7792,#7793);
#7792 = CARTESIAN_POINT('',(8.89,-0.47,5.E-15));
#7793 = VECTOR('',#7794,1.);
#7794 = DIRECTION('',(1.,0.,-0.));
#7795 = ORIENTED_EDGE('',*,*,#5085,.F.);
#7796 = ORIENTED_EDGE('',*,*,#7797,.F.);
#7797 = EDGE_CURVE('',#7798,#5086,#7800,.T.);
#7798 = VERTEX_POINT('',#7799);
#7799 = CARTESIAN_POINT('',(8.89,0.47,5.E-15));
#7800 = LINE('',#7801,#7802);
#7801 = CARTESIAN_POINT('',(8.89,0.47,5.E-15));
#7802 = VECTOR('',#7803,1.);
#7803 = DIRECTION('',(1.,0.,-0.));
#7804 = ORIENTED_EDGE('',*,*,#7805,.T.);
#7805 = EDGE_CURVE('',#7798,#7806,#7808,.T.);
#7806 = VERTEX_POINT('',#7807);
#7807 = CARTESIAN_POINT('',(8.89,2.07,5.E-15));
#7808 = CIRCLE('',#7809,0.8);
#7809 = AXIS2_PLACEMENT_3D('',#7810,#7811,#7812);
#7810 = CARTESIAN_POINT('',(8.89,1.27,4.51E-15));
#7811 = DIRECTION('',(2.2E-16,0.,-1.));
#7812 = DIRECTION('',(-1.,0.,-2.2E-16));
#7813 = ORIENTED_EDGE('',*,*,#7814,.T.);
#7814 = EDGE_CURVE('',#7806,#5012,#7815,.T.);
#7815 = LINE('',#7816,#7817);
#7816 = CARTESIAN_POINT('',(8.89,2.07,5.E-15));
#7817 = VECTOR('',#7818,1.);
#7818 = DIRECTION('',(1.,0.,-0.));
#7819 = ORIENTED_EDGE('',*,*,#5009,.F.);
#7820 = ORIENTED_EDGE('',*,*,#7821,.F.);
#7821 = EDGE_CURVE('',#7822,#5010,#7824,.T.);
#7822 = VERTEX_POINT('',#7823);
#7823 = CARTESIAN_POINT('',(8.89,3.01,4.E-15));
#7824 = LINE('',#7825,#7826);
#7825 = CARTESIAN_POINT('',(8.89,3.01,4.E-15));
#7826 = VECTOR('',#7827,1.);
#7827 = DIRECTION('',(1.,0.,-0.));
#7828 = ORIENTED_EDGE('',*,*,#7829,.T.);
#7829 = EDGE_CURVE('',#7822,#7830,#7832,.T.);
#7830 = VERTEX_POINT('',#7831);
#7831 = CARTESIAN_POINT('',(8.89,4.61,4.E-15));
#7832 = CIRCLE('',#7833,0.8);
#7833 = AXIS2_PLACEMENT_3D('',#7834,#7835,#7836);
#7834 = CARTESIAN_POINT('',(8.89,3.81,4.23E-15));
#7835 = DIRECTION('',(2.2E-16,0.,-1.));
#7836 = DIRECTION('',(-1.,0.,-2.2E-16));
#7837 = ORIENTED_EDGE('',*,*,#7838,.T.);
#7838 = EDGE_CURVE('',#7830,#4936,#7839,.T.);
#7839 = LINE('',#7840,#7841);
#7840 = CARTESIAN_POINT('',(8.89,4.61,4.E-15));
#7841 = VECTOR('',#7842,1.);
#7842 = DIRECTION('',(1.,0.,-0.));
#7843 = ORIENTED_EDGE('',*,*,#4933,.F.);
#7844 = ORIENTED_EDGE('',*,*,#7845,.F.);
#7845 = EDGE_CURVE('',#7846,#4934,#7848,.T.);
#7846 = VERTEX_POINT('',#7847);
#7847 = CARTESIAN_POINT('',(8.29,5.549999999999,3.E-15));
#7848 = LINE('',#7849,#7850);
#7849 = CARTESIAN_POINT('',(8.29,5.549999999999,3.E-15));
#7850 = VECTOR('',#7851,1.);
#7851 = DIRECTION('',(1.,0.,-0.));
#7852 = ORIENTED_EDGE('',*,*,#7853,.T.);
#7853 = EDGE_CURVE('',#7846,#7854,#7856,.T.);
#7854 = VERTEX_POINT('',#7855);
#7855 = CARTESIAN_POINT('',(8.09,5.749999999999,3.E-15));
#7856 = CIRCLE('',#7857,0.2);
#7857 = AXIS2_PLACEMENT_3D('',#7858,#7859,#7860);
#7858 = CARTESIAN_POINT('',(8.29,5.749999999999,3.25E-15));
#7859 = DIRECTION('',(2.2E-16,0.,-1.));
#7860 = DIRECTION('',(-1.,0.,-2.2E-16));
#7861 = ORIENTED_EDGE('',*,*,#7862,.F.);
#7862 = EDGE_CURVE('',#7863,#7854,#7865,.T.);
#7863 = VERTEX_POINT('',#7864);
#7864 = CARTESIAN_POINT('',(8.09,6.950000000001,3.E-15));
#7865 = LINE('',#7866,#7867);
#7866 = CARTESIAN_POINT('',(8.09,6.950000000001,3.E-15));
#7867 = VECTOR('',#7868,1.);
#7868 = DIRECTION('',(0.,-1.,0.));
#7869 = ORIENTED_EDGE('',*,*,#7870,.T.);
#7870 = EDGE_CURVE('',#7863,#7871,#7873,.T.);
#7871 = VERTEX_POINT('',#7872);
#7872 = CARTESIAN_POINT('',(8.29,7.150000000001,3.E-15));
#7873 = CIRCLE('',#7874,0.2);
#7874 = AXIS2_PLACEMENT_3D('',#7875,#7876,#7877);
#7875 = CARTESIAN_POINT('',(8.29,6.950000000001,3.25E-15));
#7876 = DIRECTION('',(2.2E-16,0.,-1.));
#7877 = DIRECTION('',(-1.,0.,-2.2E-16));
#7878 = ORIENTED_EDGE('',*,*,#7879,.T.);
#7879 = EDGE_CURVE('',#7871,#4858,#7880,.T.);
#7880 = LINE('',#7881,#7882);
#7881 = CARTESIAN_POINT('',(8.29,7.150000000001,3.E-15));
#7882 = VECTOR('',#7883,1.);
#7883 = DIRECTION('',(1.,0.,-0.));
#7884 = ORIENTED_EDGE('',*,*,#4855,.F.);
#7885 = ORIENTED_EDGE('',*,*,#7886,.F.);
#7886 = EDGE_CURVE('',#7887,#4856,#7889,.T.);
#7887 = VERTEX_POINT('',#7888);
#7888 = CARTESIAN_POINT('',(8.89,8.09,4.E-15));
#7889 = LINE('',#7890,#7891);
#7890 = CARTESIAN_POINT('',(8.89,8.09,4.E-15));
#7891 = VECTOR('',#7892,1.);
#7892 = DIRECTION('',(1.,0.,-0.));
#7893 = ORIENTED_EDGE('',*,*,#7894,.T.);
#7894 = EDGE_CURVE('',#7887,#7895,#7897,.T.);
#7895 = VERTEX_POINT('',#7896);
#7896 = CARTESIAN_POINT('',(8.89,9.69,4.E-15));
#7897 = CIRCLE('',#7898,0.8);
#7898 = AXIS2_PLACEMENT_3D('',#7899,#7900,#7901);
#7899 = CARTESIAN_POINT('',(8.89,8.89,3.67E-15));
#7900 = DIRECTION('',(2.2E-16,0.,-1.));
#7901 = DIRECTION('',(-1.,0.,-2.2E-16));
#7902 = ORIENTED_EDGE('',*,*,#7903,.T.);
#7903 = EDGE_CURVE('',#7895,#4782,#7904,.T.);
#7904 = LINE('',#7905,#7906);
#7905 = CARTESIAN_POINT('',(8.89,9.69,4.E-15));
#7906 = VECTOR('',#7907,1.);
#7907 = DIRECTION('',(1.,0.,-0.));
#7908 = ORIENTED_EDGE('',*,*,#4779,.F.);
#7909 = ORIENTED_EDGE('',*,*,#7910,.F.);
#7910 = EDGE_CURVE('',#7911,#4780,#7913,.T.);
#7911 = VERTEX_POINT('',#7912);
#7912 = CARTESIAN_POINT('',(8.89,10.63,3.E-15));
#7913 = LINE('',#7914,#7915);
#7914 = CARTESIAN_POINT('',(8.89,10.63,3.E-15));
#7915 = VECTOR('',#7916,1.);
#7916 = DIRECTION('',(1.,0.,-0.));
#7917 = ORIENTED_EDGE('',*,*,#7918,.T.);
#7918 = EDGE_CURVE('',#7911,#7919,#7921,.T.);
#7919 = VERTEX_POINT('',#7920);
#7920 = CARTESIAN_POINT('',(8.89,12.23,3.E-15));
#7921 = CIRCLE('',#7922,0.8);
#7922 = AXIS2_PLACEMENT_3D('',#7923,#7924,#7925);
#7923 = CARTESIAN_POINT('',(8.89,11.43,3.38E-15));
#7924 = DIRECTION('',(2.2E-16,0.,-1.));
#7925 = DIRECTION('',(-1.,0.,-2.2E-16));
#7926 = ORIENTED_EDGE('',*,*,#7927,.T.);
#7927 = EDGE_CURVE('',#7919,#4706,#7928,.T.);
#7928 = LINE('',#7929,#7930);
#7929 = CARTESIAN_POINT('',(8.89,12.23,3.E-15));
#7930 = VECTOR('',#7931,1.);
#7931 = DIRECTION('',(1.,0.,-0.));
#7932 = ORIENTED_EDGE('',*,*,#4703,.F.);
#7933 = ORIENTED_EDGE('',*,*,#7934,.F.);
#7934 = EDGE_CURVE('',#7935,#4704,#7937,.T.);
#7935 = VERTEX_POINT('',#7936);
#7936 = CARTESIAN_POINT('',(8.89,13.17,3.E-15));
#7937 = LINE('',#7938,#7939);
#7938 = CARTESIAN_POINT('',(8.89,13.17,3.E-15));
#7939 = VECTOR('',#7940,1.);
#7940 = DIRECTION('',(1.,0.,-0.));
#7941 = ORIENTED_EDGE('',*,*,#7942,.T.);
#7942 = EDGE_CURVE('',#7935,#7943,#7945,.T.);
#7943 = VERTEX_POINT('',#7944);
#7944 = CARTESIAN_POINT('',(8.89,14.77,3.E-15));
#7945 = CIRCLE('',#7946,0.8);
#7946 = AXIS2_PLACEMENT_3D('',#7947,#7948,#7949);
#7947 = CARTESIAN_POINT('',(8.89,13.97,3.1E-15));
#7948 = DIRECTION('',(2.2E-16,0.,-1.));
#7949 = DIRECTION('',(-1.,0.,-2.2E-16));
#7950 = ORIENTED_EDGE('',*,*,#7951,.T.);
#7951 = EDGE_CURVE('',#7943,#4630,#7952,.T.);
#7952 = LINE('',#7953,#7954);
#7953 = CARTESIAN_POINT('',(8.89,14.77,3.E-15));
#7954 = VECTOR('',#7955,1.);
#7955 = DIRECTION('',(1.,0.,-0.));
#7956 = ORIENTED_EDGE('',*,*,#4627,.F.);
#7957 = ORIENTED_EDGE('',*,*,#7958,.F.);
#7958 = EDGE_CURVE('',#7959,#4628,#7961,.T.);
#7959 = VERTEX_POINT('',#7960);
#7960 = CARTESIAN_POINT('',(8.89,15.71,3.E-15));
#7961 = LINE('',#7962,#7963);
#7962 = CARTESIAN_POINT('',(8.89,15.71,3.E-15));
#7963 = VECTOR('',#7964,1.);
#7964 = DIRECTION('',(1.,0.,-0.));
#7965 = ORIENTED_EDGE('',*,*,#7966,.T.);
#7966 = EDGE_CURVE('',#7959,#7967,#7969,.T.);
#7967 = VERTEX_POINT('',#7968);
#7968 = CARTESIAN_POINT('',(8.89,17.31,3.E-15));
#7969 = CIRCLE('',#7970,0.8);
#7970 = AXIS2_PLACEMENT_3D('',#7971,#7972,#7973);
#7971 = CARTESIAN_POINT('',(8.89,16.51,2.82E-15));
#7972 = DIRECTION('',(2.2E-16,0.,-1.));
#7973 = DIRECTION('',(-1.,0.,-2.2E-16));
#7974 = ORIENTED_EDGE('',*,*,#7975,.T.);
#7975 = EDGE_CURVE('',#7967,#4554,#7976,.T.);
#7976 = LINE('',#7977,#7978);
#7977 = CARTESIAN_POINT('',(8.89,17.31,3.E-15));
#7978 = VECTOR('',#7979,1.);
#7979 = DIRECTION('',(1.,0.,-0.));
#7980 = ORIENTED_EDGE('',*,*,#4551,.F.);
#7981 = ORIENTED_EDGE('',*,*,#7982,.F.);
#7982 = EDGE_CURVE('',#7983,#4552,#7985,.T.);
#7983 = VERTEX_POINT('',#7984);
#7984 = CARTESIAN_POINT('',(8.29,18.249999999999,2.E-15));
#7985 = LINE('',#7986,#7987);
#7986 = CARTESIAN_POINT('',(8.29,18.249999999999,2.E-15));
#7987 = VECTOR('',#7988,1.);
#7988 = DIRECTION('',(1.,0.,-0.));
#7989 = ORIENTED_EDGE('',*,*,#7990,.T.);
#7990 = EDGE_CURVE('',#7983,#7991,#7993,.T.);
#7991 = VERTEX_POINT('',#7992);
#7992 = CARTESIAN_POINT('',(8.09,18.449999999999,2.E-15));
#7993 = CIRCLE('',#7994,0.2);
#7994 = AXIS2_PLACEMENT_3D('',#7995,#7996,#7997);
#7995 = CARTESIAN_POINT('',(8.29,18.449999999999,1.84E-15));
#7996 = DIRECTION('',(2.2E-16,0.,-1.));
#7997 = DIRECTION('',(-1.,0.,-2.2E-16));
#7998 = ORIENTED_EDGE('',*,*,#7999,.F.);
#7999 = EDGE_CURVE('',#8000,#7991,#8002,.T.);
#8000 = VERTEX_POINT('',#8001);
#8001 = CARTESIAN_POINT('',(8.09,19.650000000001,2.E-15));
#8002 = LINE('',#8003,#8004);
#8003 = CARTESIAN_POINT('',(8.09,19.650000000001,2.E-15));
#8004 = VECTOR('',#8005,1.);
#8005 = DIRECTION('',(0.,-1.,0.));
#8006 = ORIENTED_EDGE('',*,*,#8007,.T.);
#8007 = EDGE_CURVE('',#8000,#8008,#8010,.T.);
#8008 = VERTEX_POINT('',#8009);
#8009 = CARTESIAN_POINT('',(8.29,19.850000000001,2.E-15));
#8010 = CIRCLE('',#8011,0.2);
#8011 = AXIS2_PLACEMENT_3D('',#8012,#8013,#8014);
#8012 = CARTESIAN_POINT('',(8.29,19.650000000001,1.84E-15));
#8013 = DIRECTION('',(2.2E-16,0.,-1.));
#8014 = DIRECTION('',(-1.,0.,-2.2E-16));
#8015 = ORIENTED_EDGE('',*,*,#8016,.T.);
#8016 = EDGE_CURVE('',#8008,#4476,#8017,.T.);
#8017 = LINE('',#8018,#8019);
#8018 = CARTESIAN_POINT('',(8.29,19.850000000001,2.E-15));
#8019 = VECTOR('',#8020,1.);
#8020 = DIRECTION('',(1.,0.,-0.));
#8021 = ORIENTED_EDGE('',*,*,#4473,.F.);
#8022 = ORIENTED_EDGE('',*,*,#8023,.F.);
#8023 = EDGE_CURVE('',#8024,#4474,#8026,.T.);
#8024 = VERTEX_POINT('',#8025);
#8025 = CARTESIAN_POINT('',(8.89,20.79,2.E-15));
#8026 = LINE('',#8027,#8028);
#8027 = CARTESIAN_POINT('',(8.89,20.79,2.E-15));
#8028 = VECTOR('',#8029,1.);
#8029 = DIRECTION('',(1.,0.,-0.));
#8030 = ORIENTED_EDGE('',*,*,#8031,.T.);
#8031 = EDGE_CURVE('',#8024,#8032,#8034,.T.);
#8032 = VERTEX_POINT('',#8033);
#8033 = CARTESIAN_POINT('',(8.89,22.39,2.E-15));
#8034 = CIRCLE('',#8035,0.8);
#8035 = AXIS2_PLACEMENT_3D('',#8036,#8037,#8038);
#8036 = CARTESIAN_POINT('',(8.89,21.59,2.26E-15));
#8037 = DIRECTION('',(2.2E-16,0.,-1.));
#8038 = DIRECTION('',(-1.,0.,-2.2E-16));
#8039 = ORIENTED_EDGE('',*,*,#8040,.T.);
#8040 = EDGE_CURVE('',#8032,#4400,#8041,.T.);
#8041 = LINE('',#8042,#8043);
#8042 = CARTESIAN_POINT('',(8.89,22.39,2.E-15));
#8043 = VECTOR('',#8044,1.);
#8044 = DIRECTION('',(1.,0.,-0.));
#8045 = ORIENTED_EDGE('',*,*,#4397,.F.);
#8046 = ORIENTED_EDGE('',*,*,#8047,.F.);
#8047 = EDGE_CURVE('',#8048,#4398,#8050,.T.);
#8048 = VERTEX_POINT('',#8049);
#8049 = CARTESIAN_POINT('',(8.89,23.33,2.E-15));
#8050 = LINE('',#8051,#8052);
#8051 = CARTESIAN_POINT('',(8.89,23.33,2.E-15));
#8052 = VECTOR('',#8053,1.);
#8053 = DIRECTION('',(1.,0.,-0.));
#8054 = ORIENTED_EDGE('',*,*,#8055,.T.);
#8055 = EDGE_CURVE('',#8048,#8056,#8058,.T.);
#8056 = VERTEX_POINT('',#8057);
#8057 = CARTESIAN_POINT('',(8.89,24.93,2.E-15));
#8058 = CIRCLE('',#8059,0.8);
#8059 = AXIS2_PLACEMENT_3D('',#8060,#8061,#8062);
#8060 = CARTESIAN_POINT('',(8.89,24.13,1.97E-15));
#8061 = DIRECTION('',(2.2E-16,0.,-1.));
#8062 = DIRECTION('',(-1.,0.,-2.2E-16));
#8063 = ORIENTED_EDGE('',*,*,#8064,.T.);
#8064 = EDGE_CURVE('',#8056,#4329,#8065,.T.);
#8065 = LINE('',#8066,#8067);
#8066 = CARTESIAN_POINT('',(8.89,24.93,2.E-15));
#8067 = VECTOR('',#8068,1.);
#8068 = DIRECTION('',(1.,0.,-0.));
#8069 = ORIENTED_EDGE('',*,*,#4328,.F.);
#8070 = ORIENTED_EDGE('',*,*,#4303,.T.);
#8071 = ORIENTED_EDGE('',*,*,#4122,.F.);
#8072 = ORIENTED_EDGE('',*,*,#4080,.T.);
#8073 = ORIENTED_EDGE('',*,*,#4049,.F.);
#8074 = ORIENTED_EDGE('',*,*,#8075,.F.);
#8075 = EDGE_CURVE('',#8076,#4050,#8078,.T.);
#8076 = VERTEX_POINT('',#8077);
#8077 = CARTESIAN_POINT('',(-8.89,24.93,0.));
#8078 = LINE('',#8079,#8080);
#8079 = CARTESIAN_POINT('',(-8.89,24.93,0.));
#8080 = VECTOR('',#8081,1.);
#8081 = DIRECTION('',(-1.,0.,0.));
#8082 = ORIENTED_EDGE('',*,*,#8083,.F.);
#8083 = EDGE_CURVE('',#8084,#8076,#8086,.T.);
#8084 = VERTEX_POINT('',#8085);
#8085 = CARTESIAN_POINT('',(-8.89,23.33,0.));
#8086 = CIRCLE('',#8087,0.8);
#8087 = AXIS2_PLACEMENT_3D('',#8088,#8089,#8090);
#8088 = CARTESIAN_POINT('',(-8.89,24.13,0.));
#8089 = DIRECTION('',(0.,0.,1.));
#8090 = DIRECTION('',(1.,0.,-0.));
#8091 = ORIENTED_EDGE('',*,*,#8092,.T.);
#8092 = EDGE_CURVE('',#8084,#3976,#8093,.T.);
#8093 = LINE('',#8094,#8095);
#8094 = CARTESIAN_POINT('',(-8.89,23.33,0.));
#8095 = VECTOR('',#8096,1.);
#8096 = DIRECTION('',(-1.,0.,0.));
#8097 = ORIENTED_EDGE('',*,*,#3973,.F.);
#8098 = ORIENTED_EDGE('',*,*,#8099,.F.);
#8099 = EDGE_CURVE('',#8100,#3974,#8102,.T.);
#8100 = VERTEX_POINT('',#8101);
#8101 = CARTESIAN_POINT('',(-8.89,22.39,0.));
#8102 = LINE('',#8103,#8104);
#8103 = CARTESIAN_POINT('',(-8.89,22.39,0.));
#8104 = VECTOR('',#8105,1.);
#8105 = DIRECTION('',(-1.,0.,0.));
#8106 = ORIENTED_EDGE('',*,*,#8107,.F.);
#8107 = EDGE_CURVE('',#8108,#8100,#8110,.T.);
#8108 = VERTEX_POINT('',#8109);
#8109 = CARTESIAN_POINT('',(-8.89,20.79,0.));
#8110 = CIRCLE('',#8111,0.8);
#8111 = AXIS2_PLACEMENT_3D('',#8112,#8113,#8114);
#8112 = CARTESIAN_POINT('',(-8.89,21.59,0.));
#8113 = DIRECTION('',(0.,0.,1.));
#8114 = DIRECTION('',(1.,0.,-0.));
#8115 = ORIENTED_EDGE('',*,*,#8116,.T.);
#8116 = EDGE_CURVE('',#8108,#3900,#8117,.T.);
#8117 = LINE('',#8118,#8119);
#8118 = CARTESIAN_POINT('',(-8.89,20.79,0.));
#8119 = VECTOR('',#8120,1.);
#8120 = DIRECTION('',(-1.,0.,0.));
#8121 = ORIENTED_EDGE('',*,*,#3897,.F.);
#8122 = ORIENTED_EDGE('',*,*,#8123,.F.);
#8123 = EDGE_CURVE('',#8124,#3898,#8126,.T.);
#8124 = VERTEX_POINT('',#8125);
#8125 = CARTESIAN_POINT('',(-8.29,19.850000000001,0.));
#8126 = LINE('',#8127,#8128);
#8127 = CARTESIAN_POINT('',(-8.29,19.850000000001,0.));
#8128 = VECTOR('',#8129,1.);
#8129 = DIRECTION('',(-1.,0.,0.));
#8130 = ORIENTED_EDGE('',*,*,#8131,.F.);
#8131 = EDGE_CURVE('',#8132,#8124,#8134,.T.);
#8132 = VERTEX_POINT('',#8133);
#8133 = CARTESIAN_POINT('',(-8.09,19.650000000001,0.));
#8134 = CIRCLE('',#8135,0.2);
#8135 = AXIS2_PLACEMENT_3D('',#8136,#8137,#8138);
#8136 = CARTESIAN_POINT('',(-8.29,19.650000000001,0.));
#8137 = DIRECTION('',(0.,0.,1.));
#8138 = DIRECTION('',(1.,0.,-0.));
#8139 = ORIENTED_EDGE('',*,*,#8140,.T.);
#8140 = EDGE_CURVE('',#8132,#8141,#8143,.T.);
#8141 = VERTEX_POINT('',#8142);
#8142 = CARTESIAN_POINT('',(-8.09,18.449999999999,0.));
#8143 = LINE('',#8144,#8145);
#8144 = CARTESIAN_POINT('',(-8.09,19.650000000001,0.));
#8145 = VECTOR('',#8146,1.);
#8146 = DIRECTION('',(0.,-1.,0.));
#8147 = ORIENTED_EDGE('',*,*,#8148,.F.);
#8148 = EDGE_CURVE('',#8149,#8141,#8151,.T.);
#8149 = VERTEX_POINT('',#8150);
#8150 = CARTESIAN_POINT('',(-8.29,18.249999999999,0.));
#8151 = CIRCLE('',#8152,0.2);
#8152 = AXIS2_PLACEMENT_3D('',#8153,#8154,#8155);
#8153 = CARTESIAN_POINT('',(-8.29,18.449999999999,0.));
#8154 = DIRECTION('',(0.,0.,1.));
#8155 = DIRECTION('',(1.,0.,-0.));
#8156 = ORIENTED_EDGE('',*,*,#8157,.T.);
#8157 = EDGE_CURVE('',#8149,#3822,#8158,.T.);
#8158 = LINE('',#8159,#8160);
#8159 = CARTESIAN_POINT('',(-8.29,18.249999999999,0.));
#8160 = VECTOR('',#8161,1.);
#8161 = DIRECTION('',(-1.,0.,0.));
#8162 = ORIENTED_EDGE('',*,*,#3819,.F.);
#8163 = ORIENTED_EDGE('',*,*,#8164,.F.);
#8164 = EDGE_CURVE('',#8165,#3820,#8167,.T.);
#8165 = VERTEX_POINT('',#8166);
#8166 = CARTESIAN_POINT('',(-8.89,17.31,1.E-15));
#8167 = LINE('',#8168,#8169);
#8168 = CARTESIAN_POINT('',(-8.89,17.31,1.E-15));
#8169 = VECTOR('',#8170,1.);
#8170 = DIRECTION('',(-1.,0.,0.));
#8171 = ORIENTED_EDGE('',*,*,#8172,.F.);
#8172 = EDGE_CURVE('',#8173,#8165,#8175,.T.);
#8173 = VERTEX_POINT('',#8174);
#8174 = CARTESIAN_POINT('',(-8.89,15.71,1.E-15));
#8175 = CIRCLE('',#8176,0.8);
#8176 = AXIS2_PLACEMENT_3D('',#8177,#8178,#8179);
#8177 = CARTESIAN_POINT('',(-8.89,16.51,1.E-15));
#8178 = DIRECTION('',(0.,0.,1.));
#8179 = DIRECTION('',(1.,0.,-0.));
#8180 = ORIENTED_EDGE('',*,*,#8181,.T.);
#8181 = EDGE_CURVE('',#8173,#3746,#8182,.T.);
#8182 = LINE('',#8183,#8184);
#8183 = CARTESIAN_POINT('',(-8.89,15.71,1.E-15));
#8184 = VECTOR('',#8185,1.);
#8185 = DIRECTION('',(-1.,0.,0.));
#8186 = ORIENTED_EDGE('',*,*,#3743,.F.);
#8187 = ORIENTED_EDGE('',*,*,#8188,.F.);
#8188 = EDGE_CURVE('',#8189,#3744,#8191,.T.);
#8189 = VERTEX_POINT('',#8190);
#8190 = CARTESIAN_POINT('',(-8.89,14.77,1.E-15));
#8191 = LINE('',#8192,#8193);
#8192 = CARTESIAN_POINT('',(-8.89,14.77,1.E-15));
#8193 = VECTOR('',#8194,1.);
#8194 = DIRECTION('',(-1.,0.,0.));
#8195 = ORIENTED_EDGE('',*,*,#8196,.F.);
#8196 = EDGE_CURVE('',#8197,#8189,#8199,.T.);
#8197 = VERTEX_POINT('',#8198);
#8198 = CARTESIAN_POINT('',(-8.89,13.17,1.E-15));
#8199 = CIRCLE('',#8200,0.8);
#8200 = AXIS2_PLACEMENT_3D('',#8201,#8202,#8203);
#8201 = CARTESIAN_POINT('',(-8.89,13.97,1.E-15));
#8202 = DIRECTION('',(0.,0.,1.));
#8203 = DIRECTION('',(1.,0.,-0.));
#8204 = ORIENTED_EDGE('',*,*,#8205,.T.);
#8205 = EDGE_CURVE('',#8197,#3670,#8206,.T.);
#8206 = LINE('',#8207,#8208);
#8207 = CARTESIAN_POINT('',(-8.89,13.17,1.E-15));
#8208 = VECTOR('',#8209,1.);
#8209 = DIRECTION('',(-1.,0.,0.));
#8210 = ORIENTED_EDGE('',*,*,#3667,.F.);
#8211 = ORIENTED_EDGE('',*,*,#8212,.F.);
#8212 = EDGE_CURVE('',#8213,#3668,#8215,.T.);
#8213 = VERTEX_POINT('',#8214);
#8214 = CARTESIAN_POINT('',(-8.89,12.23,1.E-15));
#8215 = LINE('',#8216,#8217);
#8216 = CARTESIAN_POINT('',(-8.89,12.23,1.E-15));
#8217 = VECTOR('',#8218,1.);
#8218 = DIRECTION('',(-1.,0.,0.));
#8219 = ORIENTED_EDGE('',*,*,#8220,.F.);
#8220 = EDGE_CURVE('',#8221,#8213,#8223,.T.);
#8221 = VERTEX_POINT('',#8222);
#8222 = CARTESIAN_POINT('',(-8.89,10.63,1.E-15));
#8223 = CIRCLE('',#8224,0.8);
#8224 = AXIS2_PLACEMENT_3D('',#8225,#8226,#8227);
#8225 = CARTESIAN_POINT('',(-8.89,11.43,1.E-15));
#8226 = DIRECTION('',(0.,0.,1.));
#8227 = DIRECTION('',(1.,0.,-0.));
#8228 = ORIENTED_EDGE('',*,*,#8229,.T.);
#8229 = EDGE_CURVE('',#8221,#3594,#8230,.T.);
#8230 = LINE('',#8231,#8232);
#8231 = CARTESIAN_POINT('',(-8.89,10.63,1.E-15));
#8232 = VECTOR('',#8233,1.);
#8233 = DIRECTION('',(-1.,0.,0.));
#8234 = ORIENTED_EDGE('',*,*,#3591,.F.);
#8235 = ORIENTED_EDGE('',*,*,#8236,.F.);
#8236 = EDGE_CURVE('',#8237,#3592,#8239,.T.);
#8237 = VERTEX_POINT('',#8238);
#8238 = CARTESIAN_POINT('',(-8.89,9.69,2.E-15));
#8239 = LINE('',#8240,#8241);
#8240 = CARTESIAN_POINT('',(-8.89,9.69,2.E-15));
#8241 = VECTOR('',#8242,1.);
#8242 = DIRECTION('',(-1.,0.,0.));
#8243 = ORIENTED_EDGE('',*,*,#8244,.F.);
#8244 = EDGE_CURVE('',#8245,#8237,#8247,.T.);
#8245 = VERTEX_POINT('',#8246);
#8246 = CARTESIAN_POINT('',(-8.89,8.09,2.E-15));
#8247 = CIRCLE('',#8248,0.8);
#8248 = AXIS2_PLACEMENT_3D('',#8249,#8250,#8251);
#8249 = CARTESIAN_POINT('',(-8.89,8.89,2.E-15));
#8250 = DIRECTION('',(0.,0.,1.));
#8251 = DIRECTION('',(1.,0.,-0.));
#8252 = ORIENTED_EDGE('',*,*,#8253,.T.);
#8253 = EDGE_CURVE('',#8245,#3518,#8254,.T.);
#8254 = LINE('',#8255,#8256);
#8255 = CARTESIAN_POINT('',(-8.89,8.09,2.E-15));
#8256 = VECTOR('',#8257,1.);
#8257 = DIRECTION('',(-1.,0.,0.));
#8258 = ORIENTED_EDGE('',*,*,#3515,.F.);
#8259 = ORIENTED_EDGE('',*,*,#8260,.F.);
#8260 = EDGE_CURVE('',#8261,#3516,#8263,.T.);
#8261 = VERTEX_POINT('',#8262);
#8262 = CARTESIAN_POINT('',(-8.29,7.150000000001,1.E-15));
#8263 = LINE('',#8264,#8265);
#8264 = CARTESIAN_POINT('',(-8.29,7.150000000001,1.E-15));
#8265 = VECTOR('',#8266,1.);
#8266 = DIRECTION('',(-1.,0.,0.));
#8267 = ORIENTED_EDGE('',*,*,#8268,.F.);
#8268 = EDGE_CURVE('',#8269,#8261,#8271,.T.);
#8269 = VERTEX_POINT('',#8270);
#8270 = CARTESIAN_POINT('',(-8.09,6.950000000001,1.E-15));
#8271 = CIRCLE('',#8272,0.2);
#8272 = AXIS2_PLACEMENT_3D('',#8273,#8274,#8275);
#8273 = CARTESIAN_POINT('',(-8.29,6.950000000001,1.E-15));
#8274 = DIRECTION('',(0.,0.,1.));
#8275 = DIRECTION('',(1.,0.,-0.));
#8276 = ORIENTED_EDGE('',*,*,#8277,.T.);
#8277 = EDGE_CURVE('',#8269,#8278,#8280,.T.);
#8278 = VERTEX_POINT('',#8279);
#8279 = CARTESIAN_POINT('',(-8.09,5.749999999999,1.E-15));
#8280 = LINE('',#8281,#8282);
#8281 = CARTESIAN_POINT('',(-8.09,6.950000000001,1.E-15));
#8282 = VECTOR('',#8283,1.);
#8283 = DIRECTION('',(0.,-1.,0.));
#8284 = ORIENTED_EDGE('',*,*,#8285,.F.);
#8285 = EDGE_CURVE('',#8286,#8278,#8288,.T.);
#8286 = VERTEX_POINT('',#8287);
#8287 = CARTESIAN_POINT('',(-8.29,5.549999999999,1.E-15));
#8288 = CIRCLE('',#8289,0.2);
#8289 = AXIS2_PLACEMENT_3D('',#8290,#8291,#8292);
#8290 = CARTESIAN_POINT('',(-8.29,5.749999999999,1.E-15));
#8291 = DIRECTION('',(0.,0.,1.));
#8292 = DIRECTION('',(1.,0.,-0.));
#8293 = ORIENTED_EDGE('',*,*,#8294,.T.);
#8294 = EDGE_CURVE('',#8286,#3440,#8295,.T.);
#8295 = LINE('',#8296,#8297);
#8296 = CARTESIAN_POINT('',(-8.29,5.549999999999,1.E-15));
#8297 = VECTOR('',#8298,1.);
#8298 = DIRECTION('',(-1.,0.,0.));
#8299 = ORIENTED_EDGE('',*,*,#3437,.F.);
#8300 = ORIENTED_EDGE('',*,*,#8301,.F.);
#8301 = EDGE_CURVE('',#8302,#3438,#8304,.T.);
#8302 = VERTEX_POINT('',#8303);
#8303 = CARTESIAN_POINT('',(-8.89,4.61,2.E-15));
#8304 = LINE('',#8305,#8306);
#8305 = CARTESIAN_POINT('',(-8.89,4.61,2.E-15));
#8306 = VECTOR('',#8307,1.);
#8307 = DIRECTION('',(-1.,0.,0.));
#8308 = ORIENTED_EDGE('',*,*,#8309,.F.);
#8309 = EDGE_CURVE('',#8310,#8302,#8312,.T.);
#8310 = VERTEX_POINT('',#8311);
#8311 = CARTESIAN_POINT('',(-8.89,3.01,2.E-15));
#8312 = CIRCLE('',#8313,0.8);
#8313 = AXIS2_PLACEMENT_3D('',#8314,#8315,#8316);
#8314 = CARTESIAN_POINT('',(-8.89,3.81,2.E-15));
#8315 = DIRECTION('',(0.,0.,1.));
#8316 = DIRECTION('',(1.,0.,-0.));
#8317 = ORIENTED_EDGE('',*,*,#8318,.T.);
#8318 = EDGE_CURVE('',#8310,#3364,#8319,.T.);
#8319 = LINE('',#8320,#8321);
#8320 = CARTESIAN_POINT('',(-8.89,3.01,2.E-15));
#8321 = VECTOR('',#8322,1.);
#8322 = DIRECTION('',(-1.,0.,0.));
#8323 = ORIENTED_EDGE('',*,*,#3361,.F.);
#8324 = ORIENTED_EDGE('',*,*,#8325,.F.);
#8325 = EDGE_CURVE('',#8326,#3362,#8328,.T.);
#8326 = VERTEX_POINT('',#8327);
#8327 = CARTESIAN_POINT('',(-8.89,2.07,3.E-15));
#8328 = LINE('',#8329,#8330);
#8329 = CARTESIAN_POINT('',(-8.89,2.07,3.E-15));
#8330 = VECTOR('',#8331,1.);
#8331 = DIRECTION('',(-1.,0.,0.));
#8332 = ORIENTED_EDGE('',*,*,#8333,.F.);
#8333 = EDGE_CURVE('',#8334,#8326,#8336,.T.);
#8334 = VERTEX_POINT('',#8335);
#8335 = CARTESIAN_POINT('',(-8.89,0.47,3.E-15));
#8336 = CIRCLE('',#8337,0.8);
#8337 = AXIS2_PLACEMENT_3D('',#8338,#8339,#8340);
#8338 = CARTESIAN_POINT('',(-8.89,1.27,3.E-15));
#8339 = DIRECTION('',(0.,0.,1.));
#8340 = DIRECTION('',(1.,0.,-0.));
#8341 = ORIENTED_EDGE('',*,*,#8342,.T.);
#8342 = EDGE_CURVE('',#8334,#3288,#8343,.T.);
#8343 = LINE('',#8344,#8345);
#8344 = CARTESIAN_POINT('',(-8.89,0.47,3.E-15));
#8345 = VECTOR('',#8346,1.);
#8346 = DIRECTION('',(-1.,0.,0.));
#8347 = ORIENTED_EDGE('',*,*,#3285,.F.);
#8348 = ORIENTED_EDGE('',*,*,#8349,.F.);
#8349 = EDGE_CURVE('',#8350,#3286,#8352,.T.);
#8350 = VERTEX_POINT('',#8351);
#8351 = CARTESIAN_POINT('',(-8.89,-0.47,3.E-15));
#8352 = LINE('',#8353,#8354);
#8353 = CARTESIAN_POINT('',(-8.89,-0.47,3.E-15));
#8354 = VECTOR('',#8355,1.);
#8355 = DIRECTION('',(-1.,0.,0.));
#8356 = ORIENTED_EDGE('',*,*,#8357,.F.);
#8357 = EDGE_CURVE('',#8358,#8350,#8360,.T.);
#8358 = VERTEX_POINT('',#8359);
#8359 = CARTESIAN_POINT('',(-8.89,-2.07,3.E-15));
#8360 = CIRCLE('',#8361,0.8);
#8361 = AXIS2_PLACEMENT_3D('',#8362,#8363,#8364);
#8362 = CARTESIAN_POINT('',(-8.89,-1.27,3.E-15));
#8363 = DIRECTION('',(0.,0.,1.));
#8364 = DIRECTION('',(1.,0.,-0.));
#8365 = ORIENTED_EDGE('',*,*,#8366,.T.);
#8366 = EDGE_CURVE('',#8358,#3212,#8367,.T.);
#8367 = LINE('',#8368,#8369);
#8368 = CARTESIAN_POINT('',(-8.89,-2.07,3.E-15));
#8369 = VECTOR('',#8370,1.);
#8370 = DIRECTION('',(-1.,0.,0.));
#8371 = ORIENTED_EDGE('',*,*,#3209,.F.);
#8372 = ORIENTED_EDGE('',*,*,#8373,.F.);
#8373 = EDGE_CURVE('',#8374,#3210,#8376,.T.);
#8374 = VERTEX_POINT('',#8375);
#8375 = CARTESIAN_POINT('',(-8.89,-3.01,3.E-15));
#8376 = LINE('',#8377,#8378);
#8377 = CARTESIAN_POINT('',(-8.89,-3.01,3.E-15));
#8378 = VECTOR('',#8379,1.);
#8379 = DIRECTION('',(-1.,0.,0.));
#8380 = ORIENTED_EDGE('',*,*,#8381,.F.);
#8381 = EDGE_CURVE('',#8382,#8374,#8384,.T.);
#8382 = VERTEX_POINT('',#8383);
#8383 = CARTESIAN_POINT('',(-8.89,-4.61,3.E-15));
#8384 = CIRCLE('',#8385,0.8);
#8385 = AXIS2_PLACEMENT_3D('',#8386,#8387,#8388);
#8386 = CARTESIAN_POINT('',(-8.89,-3.81,3.E-15));
#8387 = DIRECTION('',(0.,0.,1.));
#8388 = DIRECTION('',(1.,0.,-0.));
#8389 = ORIENTED_EDGE('',*,*,#8390,.T.);
#8390 = EDGE_CURVE('',#8382,#3136,#8391,.T.);
#8391 = LINE('',#8392,#8393);
#8392 = CARTESIAN_POINT('',(-8.89,-4.61,3.E-15));
#8393 = VECTOR('',#8394,1.);
#8394 = DIRECTION('',(-1.,0.,0.));
#8395 = ORIENTED_EDGE('',*,*,#3133,.F.);
#8396 = ORIENTED_EDGE('',*,*,#8397,.F.);
#8397 = EDGE_CURVE('',#8398,#3134,#8400,.T.);
#8398 = VERTEX_POINT('',#8399);
#8399 = CARTESIAN_POINT('',(-8.29,-5.549999999999,3.E-15));
#8400 = LINE('',#8401,#8402);
#8401 = CARTESIAN_POINT('',(-8.29,-5.549999999999,3.E-15));
#8402 = VECTOR('',#8403,1.);
#8403 = DIRECTION('',(-1.,0.,0.));
#8404 = ORIENTED_EDGE('',*,*,#8405,.F.);
#8405 = EDGE_CURVE('',#8406,#8398,#8408,.T.);
#8406 = VERTEX_POINT('',#8407);
#8407 = CARTESIAN_POINT('',(-8.09,-5.749999999999,3.E-15));
#8408 = CIRCLE('',#8409,0.2);
#8409 = AXIS2_PLACEMENT_3D('',#8410,#8411,#8412);
#8410 = CARTESIAN_POINT('',(-8.29,-5.749999999999,3.E-15));
#8411 = DIRECTION('',(0.,0.,1.));
#8412 = DIRECTION('',(1.,0.,-0.));
#8413 = ORIENTED_EDGE('',*,*,#8414,.T.);
#8414 = EDGE_CURVE('',#8406,#8415,#8417,.T.);
#8415 = VERTEX_POINT('',#8416);
#8416 = CARTESIAN_POINT('',(-8.09,-6.950000000001,3.E-15));
#8417 = LINE('',#8418,#8419);
#8418 = CARTESIAN_POINT('',(-8.09,-5.749999999999,3.E-15));
#8419 = VECTOR('',#8420,1.);
#8420 = DIRECTION('',(0.,-1.,0.));
#8421 = ORIENTED_EDGE('',*,*,#8422,.F.);
#8422 = EDGE_CURVE('',#8423,#8415,#8425,.T.);
#8423 = VERTEX_POINT('',#8424);
#8424 = CARTESIAN_POINT('',(-8.29,-7.150000000001,3.E-15));
#8425 = CIRCLE('',#8426,0.2);
#8426 = AXIS2_PLACEMENT_3D('',#8427,#8428,#8429);
#8427 = CARTESIAN_POINT('',(-8.29,-6.950000000001,3.E-15));
#8428 = DIRECTION('',(0.,0.,1.));
#8429 = DIRECTION('',(1.,0.,-0.));
#8430 = ORIENTED_EDGE('',*,*,#8431,.T.);
#8431 = EDGE_CURVE('',#8423,#3058,#8432,.T.);
#8432 = LINE('',#8433,#8434);
#8433 = CARTESIAN_POINT('',(-8.29,-7.150000000001,3.E-15));
#8434 = VECTOR('',#8435,1.);
#8435 = DIRECTION('',(-1.,0.,0.));
#8436 = ORIENTED_EDGE('',*,*,#3055,.F.);
#8437 = ORIENTED_EDGE('',*,*,#8438,.F.);
#8438 = EDGE_CURVE('',#8439,#3056,#8441,.T.);
#8439 = VERTEX_POINT('',#8440);
#8440 = CARTESIAN_POINT('',(-8.89,-8.09,4.E-15));
#8441 = LINE('',#8442,#8443);
#8442 = CARTESIAN_POINT('',(-8.89,-8.09,4.E-15));
#8443 = VECTOR('',#8444,1.);
#8444 = DIRECTION('',(-1.,0.,0.));
#8445 = ORIENTED_EDGE('',*,*,#8446,.F.);
#8446 = EDGE_CURVE('',#8447,#8439,#8449,.T.);
#8447 = VERTEX_POINT('',#8448);
#8448 = CARTESIAN_POINT('',(-8.89,-9.69,4.E-15));
#8449 = CIRCLE('',#8450,0.8);
#8450 = AXIS2_PLACEMENT_3D('',#8451,#8452,#8453);
#8451 = CARTESIAN_POINT('',(-8.89,-8.89,4.E-15));
#8452 = DIRECTION('',(0.,0.,1.));
#8453 = DIRECTION('',(1.,0.,-0.));
#8454 = ORIENTED_EDGE('',*,*,#8455,.T.);
#8455 = EDGE_CURVE('',#8447,#2982,#8456,.T.);
#8456 = LINE('',#8457,#8458);
#8457 = CARTESIAN_POINT('',(-8.89,-9.69,4.E-15));
#8458 = VECTOR('',#8459,1.);
#8459 = DIRECTION('',(-1.,0.,0.));
#8460 = ORIENTED_EDGE('',*,*,#2979,.F.);
#8461 = ORIENTED_EDGE('',*,*,#8462,.F.);
#8462 = EDGE_CURVE('',#8463,#2980,#8465,.T.);
#8463 = VERTEX_POINT('',#8464);
#8464 = CARTESIAN_POINT('',(-8.89,-10.63,4.E-15));
#8465 = LINE('',#8466,#8467);
#8466 = CARTESIAN_POINT('',(-8.89,-10.63,4.E-15));
#8467 = VECTOR('',#8468,1.);
#8468 = DIRECTION('',(-1.,0.,0.));
#8469 = ORIENTED_EDGE('',*,*,#8470,.F.);
#8470 = EDGE_CURVE('',#8471,#8463,#8473,.T.);
#8471 = VERTEX_POINT('',#8472);
#8472 = CARTESIAN_POINT('',(-8.89,-12.23,4.E-15));
#8473 = CIRCLE('',#8474,0.8);
#8474 = AXIS2_PLACEMENT_3D('',#8475,#8476,#8477);
#8475 = CARTESIAN_POINT('',(-8.89,-11.43,4.E-15));
#8476 = DIRECTION('',(0.,0.,1.));
#8477 = DIRECTION('',(1.,0.,-0.));
#8478 = ORIENTED_EDGE('',*,*,#8479,.T.);
#8479 = EDGE_CURVE('',#8471,#2906,#8480,.T.);
#8480 = LINE('',#8481,#8482);
#8481 = CARTESIAN_POINT('',(-8.89,-12.23,4.E-15));
#8482 = VECTOR('',#8483,1.);
#8483 = DIRECTION('',(-1.,0.,0.));
#8484 = ORIENTED_EDGE('',*,*,#2903,.F.);
#8485 = ORIENTED_EDGE('',*,*,#8486,.F.);
#8486 = EDGE_CURVE('',#8487,#2904,#8489,.T.);
#8487 = VERTEX_POINT('',#8488);
#8488 = CARTESIAN_POINT('',(-8.89,-13.17,4.E-15));
#8489 = LINE('',#8490,#8491);
#8490 = CARTESIAN_POINT('',(-8.89,-13.17,4.E-15));
#8491 = VECTOR('',#8492,1.);
#8492 = DIRECTION('',(-1.,0.,0.));
#8493 = ORIENTED_EDGE('',*,*,#8494,.F.);
#8494 = EDGE_CURVE('',#8495,#8487,#8497,.T.);
#8495 = VERTEX_POINT('',#8496);
#8496 = CARTESIAN_POINT('',(-8.89,-14.77,4.E-15));
#8497 = CIRCLE('',#8498,0.8);
#8498 = AXIS2_PLACEMENT_3D('',#8499,#8500,#8501);
#8499 = CARTESIAN_POINT('',(-8.89,-13.97,4.E-15));
#8500 = DIRECTION('',(0.,0.,1.));
#8501 = DIRECTION('',(1.,0.,-0.));
#8502 = ORIENTED_EDGE('',*,*,#8503,.T.);
#8503 = EDGE_CURVE('',#8495,#2830,#8504,.T.);
#8504 = LINE('',#8505,#8506);
#8505 = CARTESIAN_POINT('',(-8.89,-14.77,4.E-15));
#8506 = VECTOR('',#8507,1.);
#8507 = DIRECTION('',(-1.,0.,0.));
#8508 = ORIENTED_EDGE('',*,*,#2827,.F.);
#8509 = ORIENTED_EDGE('',*,*,#8510,.F.);
#8510 = EDGE_CURVE('',#8511,#2828,#8513,.T.);
#8511 = VERTEX_POINT('',#8512);
#8512 = CARTESIAN_POINT('',(-8.89,-15.71,5.E-15));
#8513 = LINE('',#8514,#8515);
#8514 = CARTESIAN_POINT('',(-8.89,-15.71,5.E-15));
#8515 = VECTOR('',#8516,1.);
#8516 = DIRECTION('',(-1.,0.,0.));
#8517 = ORIENTED_EDGE('',*,*,#8518,.F.);
#8518 = EDGE_CURVE('',#8519,#8511,#8521,.T.);
#8519 = VERTEX_POINT('',#8520);
#8520 = CARTESIAN_POINT('',(-8.89,-17.31,5.E-15));
#8521 = CIRCLE('',#8522,0.8);
#8522 = AXIS2_PLACEMENT_3D('',#8523,#8524,#8525);
#8523 = CARTESIAN_POINT('',(-8.89,-16.51,5.E-15));
#8524 = DIRECTION('',(0.,0.,1.));
#8525 = DIRECTION('',(1.,0.,-0.));
#8526 = ORIENTED_EDGE('',*,*,#8527,.T.);
#8527 = EDGE_CURVE('',#8519,#2754,#8528,.T.);
#8528 = LINE('',#8529,#8530);
#8529 = CARTESIAN_POINT('',(-8.89,-17.31,5.E-15));
#8530 = VECTOR('',#8531,1.);
#8531 = DIRECTION('',(-1.,0.,0.));
#8532 = ORIENTED_EDGE('',*,*,#2751,.F.);
#8533 = ORIENTED_EDGE('',*,*,#8534,.F.);
#8534 = EDGE_CURVE('',#8535,#2752,#8537,.T.);
#8535 = VERTEX_POINT('',#8536);
#8536 = CARTESIAN_POINT('',(-8.29,-18.24999999999,4.E-15));
#8537 = LINE('',#8538,#8539);
#8538 = CARTESIAN_POINT('',(-8.29,-18.24999999999,4.E-15));
#8539 = VECTOR('',#8540,1.);
#8540 = DIRECTION('',(-1.,0.,0.));
#8541 = ORIENTED_EDGE('',*,*,#8542,.F.);
#8542 = EDGE_CURVE('',#8543,#8535,#8545,.T.);
#8543 = VERTEX_POINT('',#8544);
#8544 = CARTESIAN_POINT('',(-8.09,-18.44999999999,4.E-15));
#8545 = CIRCLE('',#8546,0.2);
#8546 = AXIS2_PLACEMENT_3D('',#8547,#8548,#8549);
#8547 = CARTESIAN_POINT('',(-8.29,-18.44999999999,4.E-15));
#8548 = DIRECTION('',(0.,0.,1.));
#8549 = DIRECTION('',(1.,0.,-0.));
#8550 = ORIENTED_EDGE('',*,*,#8551,.T.);
#8551 = EDGE_CURVE('',#8543,#8552,#8554,.T.);
#8552 = VERTEX_POINT('',#8553);
#8553 = CARTESIAN_POINT('',(-8.09,-19.65,4.E-15));
#8554 = LINE('',#8555,#8556);
#8555 = CARTESIAN_POINT('',(-8.09,-18.44999999999,4.E-15));
#8556 = VECTOR('',#8557,1.);
#8557 = DIRECTION('',(0.,-1.,0.));
#8558 = ORIENTED_EDGE('',*,*,#8559,.F.);
#8559 = EDGE_CURVE('',#8560,#8552,#8562,.T.);
#8560 = VERTEX_POINT('',#8561);
#8561 = CARTESIAN_POINT('',(-8.29,-19.85,4.E-15));
#8562 = CIRCLE('',#8563,0.2);
#8563 = AXIS2_PLACEMENT_3D('',#8564,#8565,#8566);
#8564 = CARTESIAN_POINT('',(-8.29,-19.65,4.E-15));
#8565 = DIRECTION('',(0.,0.,1.));
#8566 = DIRECTION('',(1.,0.,-0.));
#8567 = ORIENTED_EDGE('',*,*,#8568,.T.);
#8568 = EDGE_CURVE('',#8560,#2676,#8569,.T.);
#8569 = LINE('',#8570,#8571);
#8570 = CARTESIAN_POINT('',(-8.29,-19.85,4.E-15));
#8571 = VECTOR('',#8572,1.);
#8572 = DIRECTION('',(-1.,0.,0.));
#8573 = ORIENTED_EDGE('',*,*,#2673,.F.);
#8574 = ORIENTED_EDGE('',*,*,#8575,.F.);
#8575 = EDGE_CURVE('',#8576,#2674,#8578,.T.);
#8576 = VERTEX_POINT('',#8577);
#8577 = CARTESIAN_POINT('',(-8.89,-20.79,5.E-15));
#8578 = LINE('',#8579,#8580);
#8579 = CARTESIAN_POINT('',(-8.89,-20.79,5.E-15));
#8580 = VECTOR('',#8581,1.);
#8581 = DIRECTION('',(-1.,0.,0.));
#8582 = ORIENTED_EDGE('',*,*,#8583,.F.);
#8583 = EDGE_CURVE('',#8584,#8576,#8586,.T.);
#8584 = VERTEX_POINT('',#8585);
#8585 = CARTESIAN_POINT('',(-8.89,-22.39,5.E-15));
#8586 = CIRCLE('',#8587,0.8);
#8587 = AXIS2_PLACEMENT_3D('',#8588,#8589,#8590);
#8588 = CARTESIAN_POINT('',(-8.89,-21.59,5.E-15));
#8589 = DIRECTION('',(0.,0.,1.));
#8590 = DIRECTION('',(1.,0.,-0.));
#8591 = ORIENTED_EDGE('',*,*,#8592,.T.);
#8592 = EDGE_CURVE('',#8584,#2600,#8593,.T.);
#8593 = LINE('',#8594,#8595);
#8594 = CARTESIAN_POINT('',(-8.89,-22.39,5.E-15));
#8595 = VECTOR('',#8596,1.);
#8596 = DIRECTION('',(-1.,0.,0.));
#8597 = ORIENTED_EDGE('',*,*,#2597,.F.);
#8598 = ORIENTED_EDGE('',*,*,#8599,.F.);
#8599 = EDGE_CURVE('',#8600,#2598,#8602,.T.);
#8600 = VERTEX_POINT('',#8601);
#8601 = CARTESIAN_POINT('',(-8.89,-23.33,5.E-15));
#8602 = LINE('',#8603,#8604);
#8603 = CARTESIAN_POINT('',(-8.89,-23.33,5.E-15));
#8604 = VECTOR('',#8605,1.);
#8605 = DIRECTION('',(-1.,0.,0.));
#8606 = ORIENTED_EDGE('',*,*,#8607,.F.);
#8607 = EDGE_CURVE('',#8608,#8600,#8610,.T.);
#8608 = VERTEX_POINT('',#8609);
#8609 = CARTESIAN_POINT('',(-8.89,-24.93,5.E-15));
#8610 = CIRCLE('',#8611,0.8);
#8611 = AXIS2_PLACEMENT_3D('',#8612,#8613,#8614);
#8612 = CARTESIAN_POINT('',(-8.89,-24.13,5.E-15));
#8613 = DIRECTION('',(0.,0.,1.));
#8614 = DIRECTION('',(1.,0.,-0.));
#8615 = ORIENTED_EDGE('',*,*,#8616,.T.);
#8616 = EDGE_CURVE('',#8608,#2524,#8617,.T.);
#8617 = LINE('',#8618,#8619);
#8618 = CARTESIAN_POINT('',(-8.89,-24.93,5.E-15));
#8619 = VECTOR('',#8620,1.);
#8620 = DIRECTION('',(-1.,0.,0.));
#8621 = FACE_BOUND('',#8622,.F.);
#8622 = EDGE_LOOP('',(#8623));
#8623 = ORIENTED_EDGE('',*,*,#8624,.F.);
#8624 = EDGE_CURVE('',#8625,#8625,#8627,.T.);
#8625 = VERTEX_POINT('',#8626);
#8626 = CARTESIAN_POINT('',(-3.8,-23.5,0.));
#8627 = CIRCLE('',#8628,1.9);
#8628 = AXIS2_PLACEMENT_3D('',#8629,#8630,#8631);
#8629 = CARTESIAN_POINT('',(-5.7,-23.5,0.));
#8630 = DIRECTION('',(0.,0.,1.));
#8631 = DIRECTION('',(1.,0.,-0.));
#8632 = FACE_BOUND('',#8633,.F.);
#8633 = EDGE_LOOP('',(#8634));
#8634 = ORIENTED_EDGE('',*,*,#8635,.F.);
#8635 = EDGE_CURVE('',#8636,#8636,#8638,.T.);
#8636 = VERTEX_POINT('',#8637);
#8637 = CARTESIAN_POINT('',(3.8,-23.5,0.));
#8638 = CIRCLE('',#8639,1.9);
#8639 = AXIS2_PLACEMENT_3D('',#8640,#8641,#8642);
#8640 = CARTESIAN_POINT('',(5.7,-23.5,0.));
#8641 = DIRECTION('',(0.,0.,1.));
#8642 = DIRECTION('',(-1.,0.,0.));
#8643 = FACE_BOUND('',#8644,.F.);
#8644 = EDGE_LOOP('',(#8645,#8656,#8664,#8673,#8681,#8690,#8698,#8707));
#8645 = ORIENTED_EDGE('',*,*,#8646,.F.);
#8646 = EDGE_CURVE('',#8647,#8649,#8651,.T.);
#8647 = VERTEX_POINT('',#8648);
#8648 = CARTESIAN_POINT('',(-3.25,12.05,1.E-15));
#8649 = VERTEX_POINT('',#8650);
#8650 = CARTESIAN_POINT('',(-2.95,11.75,1.E-15));
#8651 = CIRCLE('',#8652,0.3);
#8652 = AXIS2_PLACEMENT_3D('',#8653,#8654,#8655);
#8653 = CARTESIAN_POINT('',(-2.95,12.05,1.E-15));
#8654 = DIRECTION('',(0.,0.,1.));
#8655 = DIRECTION('',(1.,0.,-0.));
#8656 = ORIENTED_EDGE('',*,*,#8657,.T.);
#8657 = EDGE_CURVE('',#8647,#8658,#8660,.T.);
#8658 = VERTEX_POINT('',#8659);
#8659 = CARTESIAN_POINT('',(-3.25,12.95,1.E-15));
#8660 = LINE('',#8661,#8662);
#8661 = CARTESIAN_POINT('',(-3.25,12.05,1.E-15));
#8662 = VECTOR('',#8663,1.);
#8663 = DIRECTION('',(0.,1.,0.));
#8664 = ORIENTED_EDGE('',*,*,#8665,.F.);
#8665 = EDGE_CURVE('',#8666,#8658,#8668,.T.);
#8666 = VERTEX_POINT('',#8667);
#8667 = CARTESIAN_POINT('',(-2.95,13.25,1.E-15));
#8668 = CIRCLE('',#8669,0.3);
#8669 = AXIS2_PLACEMENT_3D('',#8670,#8671,#8672);
#8670 = CARTESIAN_POINT('',(-2.95,12.95,1.E-15));
#8671 = DIRECTION('',(0.,0.,1.));
#8672 = DIRECTION('',(1.,0.,-0.));
#8673 = ORIENTED_EDGE('',*,*,#8674,.T.);
#8674 = EDGE_CURVE('',#8666,#8675,#8677,.T.);
#8675 = VERTEX_POINT('',#8676);
#8676 = CARTESIAN_POINT('',(-2.05,13.25,1.E-15));
#8677 = LINE('',#8678,#8679);
#8678 = CARTESIAN_POINT('',(-2.95,13.25,1.E-15));
#8679 = VECTOR('',#8680,1.);
#8680 = DIRECTION('',(1.,0.,-0.));
#8681 = ORIENTED_EDGE('',*,*,#8682,.F.);
#8682 = EDGE_CURVE('',#8683,#8675,#8685,.T.);
#8683 = VERTEX_POINT('',#8684);
#8684 = CARTESIAN_POINT('',(-1.75,12.95,1.E-15));
#8685 = CIRCLE('',#8686,0.3);
#8686 = AXIS2_PLACEMENT_3D('',#8687,#8688,#8689);
#8687 = CARTESIAN_POINT('',(-2.05,12.95,1.E-15));
#8688 = DIRECTION('',(0.,0.,1.));
#8689 = DIRECTION('',(1.,0.,-0.));
#8690 = ORIENTED_EDGE('',*,*,#8691,.T.);
#8691 = EDGE_CURVE('',#8683,#8692,#8694,.T.);
#8692 = VERTEX_POINT('',#8693);
#8693 = CARTESIAN_POINT('',(-1.75,12.05,1.E-15));
#8694 = LINE('',#8695,#8696);
#8695 = CARTESIAN_POINT('',(-1.75,12.95,1.E-15));
#8696 = VECTOR('',#8697,1.);
#8697 = DIRECTION('',(0.,-1.,0.));
#8698 = ORIENTED_EDGE('',*,*,#8699,.F.);
#8699 = EDGE_CURVE('',#8700,#8692,#8702,.T.);
#8700 = VERTEX_POINT('',#8701);
#8701 = CARTESIAN_POINT('',(-2.05,11.75,1.E-15));
#8702 = CIRCLE('',#8703,0.3);
#8703 = AXIS2_PLACEMENT_3D('',#8704,#8705,#8706);
#8704 = CARTESIAN_POINT('',(-2.05,12.05,1.E-15));
#8705 = DIRECTION('',(0.,0.,1.));
#8706 = DIRECTION('',(1.,0.,-0.));
#8707 = ORIENTED_EDGE('',*,*,#8708,.T.);
#8708 = EDGE_CURVE('',#8700,#8649,#8709,.T.);
#8709 = LINE('',#8710,#8711);
#8710 = CARTESIAN_POINT('',(-2.05,11.75,1.E-15));
#8711 = VECTOR('',#8712,1.);
#8712 = DIRECTION('',(-1.,0.,0.));
#8713 = FACE_BOUND('',#8714,.F.);
#8714 = EDGE_LOOP('',(#8715));
#8715 = ORIENTED_EDGE('',*,*,#8716,.F.);
#8716 = EDGE_CURVE('',#8717,#8717,#8719,.T.);
#8717 = VERTEX_POINT('',#8718);
#8718 = CARTESIAN_POINT('',(-3.8,23.5,0.));
#8719 = CIRCLE('',#8720,1.9);
#8720 = AXIS2_PLACEMENT_3D('',#8721,#8722,#8723);
#8721 = CARTESIAN_POINT('',(-5.7,23.5,0.));
#8722 = DIRECTION('',(0.,0.,1.));
#8723 = DIRECTION('',(1.,0.,-0.));
#8724 = FACE_BOUND('',#8725,.F.);
#8725 = EDGE_LOOP('',(#8726,#8737,#8745,#8754,#8762,#8771,#8779,#8788));
#8726 = ORIENTED_EDGE('',*,*,#8727,.F.);
#8727 = EDGE_CURVE('',#8728,#8730,#8732,.T.);
#8728 = VERTEX_POINT('',#8729);
#8729 = CARTESIAN_POINT('',(-3.25,14.55,0.));
#8730 = VERTEX_POINT('',#8731);
#8731 = CARTESIAN_POINT('',(-2.95,14.25,0.));
#8732 = CIRCLE('',#8733,0.3);
#8733 = AXIS2_PLACEMENT_3D('',#8734,#8735,#8736);
#8734 = CARTESIAN_POINT('',(-2.95,14.55,0.));
#8735 = DIRECTION('',(0.,0.,1.));
#8736 = DIRECTION('',(1.,0.,-0.));
#8737 = ORIENTED_EDGE('',*,*,#8738,.T.);
#8738 = EDGE_CURVE('',#8728,#8739,#8741,.T.);
#8739 = VERTEX_POINT('',#8740);
#8740 = CARTESIAN_POINT('',(-3.25,15.45,0.));
#8741 = LINE('',#8742,#8743);
#8742 = CARTESIAN_POINT('',(-3.25,14.55,0.));
#8743 = VECTOR('',#8744,1.);
#8744 = DIRECTION('',(0.,1.,0.));
#8745 = ORIENTED_EDGE('',*,*,#8746,.F.);
#8746 = EDGE_CURVE('',#8747,#8739,#8749,.T.);
#8747 = VERTEX_POINT('',#8748);
#8748 = CARTESIAN_POINT('',(-2.95,15.75,0.));
#8749 = CIRCLE('',#8750,0.3);
#8750 = AXIS2_PLACEMENT_3D('',#8751,#8752,#8753);
#8751 = CARTESIAN_POINT('',(-2.95,15.45,0.));
#8752 = DIRECTION('',(0.,0.,1.));
#8753 = DIRECTION('',(1.,0.,-0.));
#8754 = ORIENTED_EDGE('',*,*,#8755,.T.);
#8755 = EDGE_CURVE('',#8747,#8756,#8758,.T.);
#8756 = VERTEX_POINT('',#8757);
#8757 = CARTESIAN_POINT('',(-2.05,15.75,0.));
#8758 = LINE('',#8759,#8760);
#8759 = CARTESIAN_POINT('',(-2.95,15.75,0.));
#8760 = VECTOR('',#8761,1.);
#8761 = DIRECTION('',(1.,0.,-0.));
#8762 = ORIENTED_EDGE('',*,*,#8763,.F.);
#8763 = EDGE_CURVE('',#8764,#8756,#8766,.T.);
#8764 = VERTEX_POINT('',#8765);
#8765 = CARTESIAN_POINT('',(-1.75,15.45,0.));
#8766 = CIRCLE('',#8767,0.3);
#8767 = AXIS2_PLACEMENT_3D('',#8768,#8769,#8770);
#8768 = CARTESIAN_POINT('',(-2.05,15.45,0.));
#8769 = DIRECTION('',(0.,0.,1.));
#8770 = DIRECTION('',(1.,0.,-0.));
#8771 = ORIENTED_EDGE('',*,*,#8772,.T.);
#8772 = EDGE_CURVE('',#8764,#8773,#8775,.T.);
#8773 = VERTEX_POINT('',#8774);
#8774 = CARTESIAN_POINT('',(-1.75,14.55,0.));
#8775 = LINE('',#8776,#8777);
#8776 = CARTESIAN_POINT('',(-1.75,15.45,0.));
#8777 = VECTOR('',#8778,1.);
#8778 = DIRECTION('',(0.,-1.,0.));
#8779 = ORIENTED_EDGE('',*,*,#8780,.F.);
#8780 = EDGE_CURVE('',#8781,#8773,#8783,.T.);
#8781 = VERTEX_POINT('',#8782);
#8782 = CARTESIAN_POINT('',(-2.05,14.25,0.));
#8783 = CIRCLE('',#8784,0.3);
#8784 = AXIS2_PLACEMENT_3D('',#8785,#8786,#8787);
#8785 = CARTESIAN_POINT('',(-2.05,14.55,0.));
#8786 = DIRECTION('',(0.,0.,1.));
#8787 = DIRECTION('',(1.,0.,-0.));
#8788 = ORIENTED_EDGE('',*,*,#8789,.T.);
#8789 = EDGE_CURVE('',#8781,#8730,#8790,.T.);
#8790 = LINE('',#8791,#8792);
#8791 = CARTESIAN_POINT('',(-2.05,14.25,0.));
#8792 = VECTOR('',#8793,1.);
#8793 = DIRECTION('',(-1.,0.,0.));
#8794 = FACE_BOUND('',#8795,.F.);
#8795 = EDGE_LOOP('',(#8796,#8807,#8815,#8824,#8832,#8841,#8849,#8858));
#8796 = ORIENTED_EDGE('',*,*,#8797,.F.);
#8797 = EDGE_CURVE('',#8798,#8800,#8802,.T.);
#8798 = VERTEX_POINT('',#8799);
#8799 = CARTESIAN_POINT('',(-3.25,17.05,0.));
#8800 = VERTEX_POINT('',#8801);
#8801 = CARTESIAN_POINT('',(-2.95,16.75,0.));
#8802 = CIRCLE('',#8803,0.3);
#8803 = AXIS2_PLACEMENT_3D('',#8804,#8805,#8806);
#8804 = CARTESIAN_POINT('',(-2.95,17.05,0.));
#8805 = DIRECTION('',(0.,0.,1.));
#8806 = DIRECTION('',(1.,0.,-0.));
#8807 = ORIENTED_EDGE('',*,*,#8808,.T.);
#8808 = EDGE_CURVE('',#8798,#8809,#8811,.T.);
#8809 = VERTEX_POINT('',#8810);
#8810 = CARTESIAN_POINT('',(-3.25,17.95,0.));
#8811 = LINE('',#8812,#8813);
#8812 = CARTESIAN_POINT('',(-3.25,17.05,0.));
#8813 = VECTOR('',#8814,1.);
#8814 = DIRECTION('',(0.,1.,0.));
#8815 = ORIENTED_EDGE('',*,*,#8816,.F.);
#8816 = EDGE_CURVE('',#8817,#8809,#8819,.T.);
#8817 = VERTEX_POINT('',#8818);
#8818 = CARTESIAN_POINT('',(-2.95,18.25,0.));
#8819 = CIRCLE('',#8820,0.3);
#8820 = AXIS2_PLACEMENT_3D('',#8821,#8822,#8823);
#8821 = CARTESIAN_POINT('',(-2.95,17.95,0.));
#8822 = DIRECTION('',(0.,0.,1.));
#8823 = DIRECTION('',(1.,0.,-0.));
#8824 = ORIENTED_EDGE('',*,*,#8825,.T.);
#8825 = EDGE_CURVE('',#8817,#8826,#8828,.T.);
#8826 = VERTEX_POINT('',#8827);
#8827 = CARTESIAN_POINT('',(-2.05,18.25,0.));
#8828 = LINE('',#8829,#8830);
#8829 = CARTESIAN_POINT('',(-2.95,18.25,0.));
#8830 = VECTOR('',#8831,1.);
#8831 = DIRECTION('',(1.,0.,-0.));
#8832 = ORIENTED_EDGE('',*,*,#8833,.F.);
#8833 = EDGE_CURVE('',#8834,#8826,#8836,.T.);
#8834 = VERTEX_POINT('',#8835);
#8835 = CARTESIAN_POINT('',(-1.75,17.95,0.));
#8836 = CIRCLE('',#8837,0.3);
#8837 = AXIS2_PLACEMENT_3D('',#8838,#8839,#8840);
#8838 = CARTESIAN_POINT('',(-2.05,17.95,0.));
#8839 = DIRECTION('',(0.,0.,1.));
#8840 = DIRECTION('',(1.,0.,-0.));
#8841 = ORIENTED_EDGE('',*,*,#8842,.T.);
#8842 = EDGE_CURVE('',#8834,#8843,#8845,.T.);
#8843 = VERTEX_POINT('',#8844);
#8844 = CARTESIAN_POINT('',(-1.75,17.05,0.));
#8845 = LINE('',#8846,#8847);
#8846 = CARTESIAN_POINT('',(-1.75,17.95,0.));
#8847 = VECTOR('',#8848,1.);
#8848 = DIRECTION('',(0.,-1.,0.));
#8849 = ORIENTED_EDGE('',*,*,#8850,.F.);
#8850 = EDGE_CURVE('',#8851,#8843,#8853,.T.);
#8851 = VERTEX_POINT('',#8852);
#8852 = CARTESIAN_POINT('',(-2.05,16.75,0.));
#8853 = CIRCLE('',#8854,0.3);
#8854 = AXIS2_PLACEMENT_3D('',#8855,#8856,#8857);
#8855 = CARTESIAN_POINT('',(-2.05,17.05,0.));
#8856 = DIRECTION('',(0.,0.,1.));
#8857 = DIRECTION('',(1.,0.,-0.));
#8858 = ORIENTED_EDGE('',*,*,#8859,.T.);
#8859 = EDGE_CURVE('',#8851,#8800,#8860,.T.);
#8860 = LINE('',#8861,#8862);
#8861 = CARTESIAN_POINT('',(-2.05,16.75,0.));
#8862 = VECTOR('',#8863,1.);
#8863 = DIRECTION('',(-1.,0.,0.));
#8864 = FACE_BOUND('',#8865,.F.);
#8865 = EDGE_LOOP('',(#8866,#8877,#8885,#8894));
#8866 = ORIENTED_EDGE('',*,*,#8867,.F.);
#8867 = EDGE_CURVE('',#8868,#8870,#8872,.T.);
#8868 = VERTEX_POINT('',#8869);
#8869 = CARTESIAN_POINT('',(-1.9,21.17,0.));
#8870 = VERTEX_POINT('',#8871);
#8871 = CARTESIAN_POINT('',(-2.95,21.17,0.));
#8872 = CIRCLE('',#8873,0.525);
#8873 = AXIS2_PLACEMENT_3D('',#8874,#8875,#8876);
#8874 = CARTESIAN_POINT('',(-2.425,21.17,0.));
#8875 = DIRECTION('',(0.,0.,1.));
#8876 = DIRECTION('',(1.,0.,-0.));
#8877 = ORIENTED_EDGE('',*,*,#8878,.F.);
#8878 = EDGE_CURVE('',#8879,#8868,#8881,.T.);
#8879 = VERTEX_POINT('',#8880);
#8880 = CARTESIAN_POINT('',(-1.9,20.77,0.));
#8881 = LINE('',#8882,#8883);
#8882 = CARTESIAN_POINT('',(-1.9,20.77,0.));
#8883 = VECTOR('',#8884,1.);
#8884 = DIRECTION('',(0.,1.,0.));
#8885 = ORIENTED_EDGE('',*,*,#8886,.F.);
#8886 = EDGE_CURVE('',#8887,#8879,#8889,.T.);
#8887 = VERTEX_POINT('',#8888);
#8888 = CARTESIAN_POINT('',(-2.95,20.77,0.));
#8889 = CIRCLE('',#8890,0.525);
#8890 = AXIS2_PLACEMENT_3D('',#8891,#8892,#8893);
#8891 = CARTESIAN_POINT('',(-2.425,20.77,0.));
#8892 = DIRECTION('',(0.,0.,1.));
#8893 = DIRECTION('',(1.,0.,-0.));
#8894 = ORIENTED_EDGE('',*,*,#8895,.F.);
#8895 = EDGE_CURVE('',#8870,#8887,#8896,.T.);
#8896 = LINE('',#8897,#8898);
#8897 = CARTESIAN_POINT('',(-2.95,21.17,0.));
#8898 = VECTOR('',#8899,1.);
#8899 = DIRECTION('',(0.,-1.,0.));
#8900 = FACE_BOUND('',#8901,.F.);
#8901 = EDGE_LOOP('',(#8902,#8913,#8921,#8930));
#8902 = ORIENTED_EDGE('',*,*,#8903,.F.);
#8903 = EDGE_CURVE('',#8904,#8906,#8908,.T.);
#8904 = VERTEX_POINT('',#8905);
#8905 = CARTESIAN_POINT('',(-3.275,23.65,0.));
#8906 = VERTEX_POINT('',#8907);
#8907 = CARTESIAN_POINT('',(-2.175,23.65,0.));
#8908 = CIRCLE('',#8909,0.55);
#8909 = AXIS2_PLACEMENT_3D('',#8910,#8911,#8912);
#8910 = CARTESIAN_POINT('',(-2.725,23.65,0.));
#8911 = DIRECTION('',(0.,0.,1.));
#8912 = DIRECTION('',(1.,0.,-0.));
#8913 = ORIENTED_EDGE('',*,*,#8914,.F.);
#8914 = EDGE_CURVE('',#8915,#8904,#8917,.T.);
#8915 = VERTEX_POINT('',#8916);
#8916 = CARTESIAN_POINT('',(-3.275,24.35,0.));
#8917 = LINE('',#8918,#8919);
#8918 = CARTESIAN_POINT('',(-3.275,24.35,0.));
#8919 = VECTOR('',#8920,1.);
#8920 = DIRECTION('',(0.,-1.,0.));
#8921 = ORIENTED_EDGE('',*,*,#8922,.F.);
#8922 = EDGE_CURVE('',#8923,#8915,#8925,.T.);
#8923 = VERTEX_POINT('',#8924);
#8924 = CARTESIAN_POINT('',(-2.175,24.35,0.));
#8925 = CIRCLE('',#8926,0.55);
#8926 = AXIS2_PLACEMENT_3D('',#8927,#8928,#8929);
#8927 = CARTESIAN_POINT('',(-2.725,24.35,0.));
#8928 = DIRECTION('',(0.,0.,1.));
#8929 = DIRECTION('',(1.,0.,-0.));
#8930 = ORIENTED_EDGE('',*,*,#8931,.F.);
#8931 = EDGE_CURVE('',#8906,#8923,#8932,.T.);
#8932 = LINE('',#8933,#8934);
#8933 = CARTESIAN_POINT('',(-2.175,23.65,0.));
#8934 = VECTOR('',#8935,1.);
#8935 = DIRECTION('',(0.,1.,0.));
#8936 = FACE_BOUND('',#8937,.F.);
#8937 = EDGE_LOOP('',(#8938,#8949,#8957,#8966,#8974,#8983,#8991,#9000));
#8938 = ORIENTED_EDGE('',*,*,#8939,.F.);
#8939 = EDGE_CURVE('',#8940,#8942,#8944,.T.);
#8940 = VERTEX_POINT('',#8941);
#8941 = CARTESIAN_POINT('',(-0.55,23.55,0.));
#8942 = VERTEX_POINT('',#8943);
#8943 = CARTESIAN_POINT('',(-0.25,23.85,0.));
#8944 = CIRCLE('',#8945,0.3);
#8945 = AXIS2_PLACEMENT_3D('',#8946,#8947,#8948);
#8946 = CARTESIAN_POINT('',(-0.55,23.85,0.));
#8947 = DIRECTION('',(0.,0.,1.));
#8948 = DIRECTION('',(1.,0.,-0.));
#8949 = ORIENTED_EDGE('',*,*,#8950,.T.);
#8950 = EDGE_CURVE('',#8940,#8951,#8953,.T.);
#8951 = VERTEX_POINT('',#8952);
#8952 = CARTESIAN_POINT('',(-1.45,23.55,0.));
#8953 = LINE('',#8954,#8955);
#8954 = CARTESIAN_POINT('',(-0.55,23.55,0.));
#8955 = VECTOR('',#8956,1.);
#8956 = DIRECTION('',(-1.,0.,0.));
#8957 = ORIENTED_EDGE('',*,*,#8958,.F.);
#8958 = EDGE_CURVE('',#8959,#8951,#8961,.T.);
#8959 = VERTEX_POINT('',#8960);
#8960 = CARTESIAN_POINT('',(-1.75,23.85,0.));
#8961 = CIRCLE('',#8962,0.3);
#8962 = AXIS2_PLACEMENT_3D('',#8963,#8964,#8965);
#8963 = CARTESIAN_POINT('',(-1.45,23.85,0.));
#8964 = DIRECTION('',(0.,0.,1.));
#8965 = DIRECTION('',(1.,0.,-0.));
#8966 = ORIENTED_EDGE('',*,*,#8967,.T.);
#8967 = EDGE_CURVE('',#8959,#8968,#8970,.T.);
#8968 = VERTEX_POINT('',#8969);
#8969 = CARTESIAN_POINT('',(-1.75,24.75,0.));
#8970 = LINE('',#8971,#8972);
#8971 = CARTESIAN_POINT('',(-1.75,23.85,0.));
#8972 = VECTOR('',#8973,1.);
#8973 = DIRECTION('',(0.,1.,0.));
#8974 = ORIENTED_EDGE('',*,*,#8975,.F.);
#8975 = EDGE_CURVE('',#8976,#8968,#8978,.T.);
#8976 = VERTEX_POINT('',#8977);
#8977 = CARTESIAN_POINT('',(-1.45,25.05,0.));
#8978 = CIRCLE('',#8979,0.3);
#8979 = AXIS2_PLACEMENT_3D('',#8980,#8981,#8982);
#8980 = CARTESIAN_POINT('',(-1.45,24.75,0.));
#8981 = DIRECTION('',(0.,0.,1.));
#8982 = DIRECTION('',(1.,0.,-0.));
#8983 = ORIENTED_EDGE('',*,*,#8984,.T.);
#8984 = EDGE_CURVE('',#8976,#8985,#8987,.T.);
#8985 = VERTEX_POINT('',#8986);
#8986 = CARTESIAN_POINT('',(-0.55,25.05,0.));
#8987 = LINE('',#8988,#8989);
#8988 = CARTESIAN_POINT('',(-1.45,25.05,0.));
#8989 = VECTOR('',#8990,1.);
#8990 = DIRECTION('',(1.,0.,-0.));
#8991 = ORIENTED_EDGE('',*,*,#8992,.F.);
#8992 = EDGE_CURVE('',#8993,#8985,#8995,.T.);
#8993 = VERTEX_POINT('',#8994);
#8994 = CARTESIAN_POINT('',(-0.25,24.75,0.));
#8995 = CIRCLE('',#8996,0.3);
#8996 = AXIS2_PLACEMENT_3D('',#8997,#8998,#8999);
#8997 = CARTESIAN_POINT('',(-0.55,24.75,0.));
#8998 = DIRECTION('',(0.,0.,1.));
#8999 = DIRECTION('',(1.,0.,-0.));
#9000 = ORIENTED_EDGE('',*,*,#9001,.T.);
#9001 = EDGE_CURVE('',#8993,#8942,#9002,.T.);
#9002 = LINE('',#9003,#9004);
#9003 = CARTESIAN_POINT('',(-0.25,24.75,0.));
#9004 = VECTOR('',#9005,1.);
#9005 = DIRECTION('',(0.,-1.,0.));
#9006 = FACE_BOUND('',#9007,.F.);
#9007 = EDGE_LOOP('',(#9008,#9019,#9027,#9036,#9044,#9053,#9061,#9070));
#9008 = ORIENTED_EDGE('',*,*,#9009,.F.);
#9009 = EDGE_CURVE('',#9010,#9012,#9014,.T.);
#9010 = VERTEX_POINT('',#9011);
#9011 = CARTESIAN_POINT('',(-0.75,20.55,0.));
#9012 = VERTEX_POINT('',#9013);
#9013 = CARTESIAN_POINT('',(-0.45,20.25,0.));
#9014 = CIRCLE('',#9015,0.3);
#9015 = AXIS2_PLACEMENT_3D('',#9016,#9017,#9018);
#9016 = CARTESIAN_POINT('',(-0.45,20.55,0.));
#9017 = DIRECTION('',(0.,0.,1.));
#9018 = DIRECTION('',(1.,0.,-0.));
#9019 = ORIENTED_EDGE('',*,*,#9020,.T.);
#9020 = EDGE_CURVE('',#9010,#9021,#9023,.T.);
#9021 = VERTEX_POINT('',#9022);
#9022 = CARTESIAN_POINT('',(-0.75,21.45,0.));
#9023 = LINE('',#9024,#9025);
#9024 = CARTESIAN_POINT('',(-0.75,20.55,0.));
#9025 = VECTOR('',#9026,1.);
#9026 = DIRECTION('',(0.,1.,0.));
#9027 = ORIENTED_EDGE('',*,*,#9028,.F.);
#9028 = EDGE_CURVE('',#9029,#9021,#9031,.T.);
#9029 = VERTEX_POINT('',#9030);
#9030 = CARTESIAN_POINT('',(-0.45,21.75,0.));
#9031 = CIRCLE('',#9032,0.3);
#9032 = AXIS2_PLACEMENT_3D('',#9033,#9034,#9035);
#9033 = CARTESIAN_POINT('',(-0.45,21.45,0.));
#9034 = DIRECTION('',(0.,0.,1.));
#9035 = DIRECTION('',(1.,0.,-0.));
#9036 = ORIENTED_EDGE('',*,*,#9037,.T.);
#9037 = EDGE_CURVE('',#9029,#9038,#9040,.T.);
#9038 = VERTEX_POINT('',#9039);
#9039 = CARTESIAN_POINT('',(0.45,21.75,0.));
#9040 = LINE('',#9041,#9042);
#9041 = CARTESIAN_POINT('',(-0.45,21.75,0.));
#9042 = VECTOR('',#9043,1.);
#9043 = DIRECTION('',(1.,0.,-0.));
#9044 = ORIENTED_EDGE('',*,*,#9045,.F.);
#9045 = EDGE_CURVE('',#9046,#9038,#9048,.T.);
#9046 = VERTEX_POINT('',#9047);
#9047 = CARTESIAN_POINT('',(0.75,21.45,0.));
#9048 = CIRCLE('',#9049,0.3);
#9049 = AXIS2_PLACEMENT_3D('',#9050,#9051,#9052);
#9050 = CARTESIAN_POINT('',(0.45,21.45,0.));
#9051 = DIRECTION('',(0.,0.,1.));
#9052 = DIRECTION('',(1.,0.,-0.));
#9053 = ORIENTED_EDGE('',*,*,#9054,.T.);
#9054 = EDGE_CURVE('',#9046,#9055,#9057,.T.);
#9055 = VERTEX_POINT('',#9056);
#9056 = CARTESIAN_POINT('',(0.75,20.55,0.));
#9057 = LINE('',#9058,#9059);
#9058 = CARTESIAN_POINT('',(0.75,21.45,0.));
#9059 = VECTOR('',#9060,1.);
#9060 = DIRECTION('',(0.,-1.,0.));
#9061 = ORIENTED_EDGE('',*,*,#9062,.F.);
#9062 = EDGE_CURVE('',#9063,#9055,#9065,.T.);
#9063 = VERTEX_POINT('',#9064);
#9064 = CARTESIAN_POINT('',(0.45,20.25,0.));
#9065 = CIRCLE('',#9066,0.3);
#9066 = AXIS2_PLACEMENT_3D('',#9067,#9068,#9069);
#9067 = CARTESIAN_POINT('',(0.45,20.55,0.));
#9068 = DIRECTION('',(0.,0.,1.));
#9069 = DIRECTION('',(1.,0.,-0.));
#9070 = ORIENTED_EDGE('',*,*,#9071,.T.);
#9071 = EDGE_CURVE('',#9063,#9012,#9072,.T.);
#9072 = LINE('',#9073,#9074);
#9073 = CARTESIAN_POINT('',(0.45,20.25,0.));
#9074 = VECTOR('',#9075,1.);
#9075 = DIRECTION('',(-1.,0.,0.));
#9076 = FACE_BOUND('',#9077,.F.);
#9077 = EDGE_LOOP('',(#9078,#9088,#9097,#9105,#9114,#9122,#9131,#9139));
#9078 = ORIENTED_EDGE('',*,*,#9079,.F.);
#9079 = EDGE_CURVE('',#9080,#9082,#9084,.T.);
#9080 = VERTEX_POINT('',#9081);
#9081 = CARTESIAN_POINT('',(1.75,23.85,0.));
#9082 = VERTEX_POINT('',#9083);
#9083 = CARTESIAN_POINT('',(1.75,24.75,0.));
#9084 = LINE('',#9085,#9086);
#9085 = CARTESIAN_POINT('',(1.75,23.85,0.));
#9086 = VECTOR('',#9087,1.);
#9087 = DIRECTION('',(0.,1.,0.));
#9088 = ORIENTED_EDGE('',*,*,#9089,.T.);
#9089 = EDGE_CURVE('',#9080,#9090,#9092,.T.);
#9090 = VERTEX_POINT('',#9091);
#9091 = CARTESIAN_POINT('',(1.45,23.55,0.));
#9092 = CIRCLE('',#9093,0.3);
#9093 = AXIS2_PLACEMENT_3D('',#9094,#9095,#9096);
#9094 = CARTESIAN_POINT('',(1.45,23.85,3.2E-16));
#9095 = DIRECTION('',(2.2E-16,0.,-1.));
#9096 = DIRECTION('',(-1.,0.,-2.2E-16));
#9097 = ORIENTED_EDGE('',*,*,#9098,.F.);
#9098 = EDGE_CURVE('',#9099,#9090,#9101,.T.);
#9099 = VERTEX_POINT('',#9100);
#9100 = CARTESIAN_POINT('',(0.55,23.55,0.));
#9101 = LINE('',#9102,#9103);
#9102 = CARTESIAN_POINT('',(0.55,23.55,0.));
#9103 = VECTOR('',#9104,1.);
#9104 = DIRECTION('',(1.,0.,-0.));
#9105 = ORIENTED_EDGE('',*,*,#9106,.T.);
#9106 = EDGE_CURVE('',#9099,#9107,#9109,.T.);
#9107 = VERTEX_POINT('',#9108);
#9108 = CARTESIAN_POINT('',(0.25,23.85,0.));
#9109 = CIRCLE('',#9110,0.3);
#9110 = AXIS2_PLACEMENT_3D('',#9111,#9112,#9113);
#9111 = CARTESIAN_POINT('',(0.55,23.85,1.2E-16));
#9112 = DIRECTION('',(2.2E-16,0.,-1.));
#9113 = DIRECTION('',(-1.,0.,-2.2E-16));
#9114 = ORIENTED_EDGE('',*,*,#9115,.F.);
#9115 = EDGE_CURVE('',#9116,#9107,#9118,.T.);
#9116 = VERTEX_POINT('',#9117);
#9117 = CARTESIAN_POINT('',(0.25,24.75,0.));
#9118 = LINE('',#9119,#9120);
#9119 = CARTESIAN_POINT('',(0.25,24.75,0.));
#9120 = VECTOR('',#9121,1.);
#9121 = DIRECTION('',(0.,-1.,0.));
#9122 = ORIENTED_EDGE('',*,*,#9123,.T.);
#9123 = EDGE_CURVE('',#9116,#9124,#9126,.T.);
#9124 = VERTEX_POINT('',#9125);
#9125 = CARTESIAN_POINT('',(0.55,25.05,0.));
#9126 = CIRCLE('',#9127,0.3);
#9127 = AXIS2_PLACEMENT_3D('',#9128,#9129,#9130);
#9128 = CARTESIAN_POINT('',(0.55,24.75,1.2E-16));
#9129 = DIRECTION('',(2.2E-16,0.,-1.));
#9130 = DIRECTION('',(-1.,0.,-2.2E-16));
#9131 = ORIENTED_EDGE('',*,*,#9132,.F.);
#9132 = EDGE_CURVE('',#9133,#9124,#9135,.T.);
#9133 = VERTEX_POINT('',#9134);
#9134 = CARTESIAN_POINT('',(1.45,25.05,0.));
#9135 = LINE('',#9136,#9137);
#9136 = CARTESIAN_POINT('',(1.45,25.05,0.));
#9137 = VECTOR('',#9138,1.);
#9138 = DIRECTION('',(-1.,0.,0.));
#9139 = ORIENTED_EDGE('',*,*,#9140,.T.);
#9140 = EDGE_CURVE('',#9133,#9082,#9141,.T.);
#9141 = CIRCLE('',#9142,0.3);
#9142 = AXIS2_PLACEMENT_3D('',#9143,#9144,#9145);
#9143 = CARTESIAN_POINT('',(1.45,24.75,3.2E-16));
#9144 = DIRECTION('',(2.2E-16,0.,-1.));
#9145 = DIRECTION('',(-1.,0.,-2.2E-16));
#9146 = FACE_BOUND('',#9147,.F.);
#9147 = EDGE_LOOP('',(#9148,#9158,#9167,#9175));
#9148 = ORIENTED_EDGE('',*,*,#9149,.T.);
#9149 = EDGE_CURVE('',#9150,#9152,#9154,.T.);
#9150 = VERTEX_POINT('',#9151);
#9151 = CARTESIAN_POINT('',(1.9,20.77,0.));
#9152 = VERTEX_POINT('',#9153);
#9153 = CARTESIAN_POINT('',(1.9,21.17,0.));
#9154 = LINE('',#9155,#9156);
#9155 = CARTESIAN_POINT('',(1.9,20.77,0.));
#9156 = VECTOR('',#9157,1.);
#9157 = DIRECTION('',(0.,1.,0.));
#9158 = ORIENTED_EDGE('',*,*,#9159,.T.);
#9159 = EDGE_CURVE('',#9152,#9160,#9162,.T.);
#9160 = VERTEX_POINT('',#9161);
#9161 = CARTESIAN_POINT('',(2.95,21.17,1.E-15));
#9162 = CIRCLE('',#9163,0.525);
#9163 = AXIS2_PLACEMENT_3D('',#9164,#9165,#9166);
#9164 = CARTESIAN_POINT('',(2.425,21.17,5.4E-16));
#9165 = DIRECTION('',(2.2E-16,0.,-1.));
#9166 = DIRECTION('',(-1.,0.,-2.2E-16));
#9167 = ORIENTED_EDGE('',*,*,#9168,.T.);
#9168 = EDGE_CURVE('',#9160,#9169,#9171,.T.);
#9169 = VERTEX_POINT('',#9170);
#9170 = CARTESIAN_POINT('',(2.95,20.77,1.E-15));
#9171 = LINE('',#9172,#9173);
#9172 = CARTESIAN_POINT('',(2.95,21.17,1.E-15));
#9173 = VECTOR('',#9174,1.);
#9174 = DIRECTION('',(0.,-1.,0.));
#9175 = ORIENTED_EDGE('',*,*,#9176,.T.);
#9176 = EDGE_CURVE('',#9169,#9150,#9177,.T.);
#9177 = CIRCLE('',#9178,0.525);
#9178 = AXIS2_PLACEMENT_3D('',#9179,#9180,#9181);
#9179 = CARTESIAN_POINT('',(2.425,20.77,5.4E-16));
#9180 = DIRECTION('',(2.2E-16,0.,-1.));
#9181 = DIRECTION('',(-1.,0.,-2.2E-16));
#9182 = FACE_BOUND('',#9183,.F.);
#9183 = EDGE_LOOP('',(#9184,#9194,#9203,#9211));
#9184 = ORIENTED_EDGE('',*,*,#9185,.T.);
#9185 = EDGE_CURVE('',#9186,#9188,#9190,.T.);
#9186 = VERTEX_POINT('',#9187);
#9187 = CARTESIAN_POINT('',(3.275,24.35,1.E-15));
#9188 = VERTEX_POINT('',#9189);
#9189 = CARTESIAN_POINT('',(3.275,23.65,1.E-15));
#9190 = LINE('',#9191,#9192);
#9191 = CARTESIAN_POINT('',(3.275,24.35,1.E-15));
#9192 = VECTOR('',#9193,1.);
#9193 = DIRECTION('',(0.,-1.,0.));
#9194 = ORIENTED_EDGE('',*,*,#9195,.T.);
#9195 = EDGE_CURVE('',#9188,#9196,#9198,.T.);
#9196 = VERTEX_POINT('',#9197);
#9197 = CARTESIAN_POINT('',(2.175,23.65,0.));
#9198 = CIRCLE('',#9199,0.55);
#9199 = AXIS2_PLACEMENT_3D('',#9200,#9201,#9202);
#9200 = CARTESIAN_POINT('',(2.725,23.65,6.1E-16));
#9201 = DIRECTION('',(2.2E-16,0.,-1.));
#9202 = DIRECTION('',(-1.,0.,-2.2E-16));
#9203 = ORIENTED_EDGE('',*,*,#9204,.T.);
#9204 = EDGE_CURVE('',#9196,#9205,#9207,.T.);
#9205 = VERTEX_POINT('',#9206);
#9206 = CARTESIAN_POINT('',(2.175,24.35,0.));
#9207 = LINE('',#9208,#9209);
#9208 = CARTESIAN_POINT('',(2.175,23.65,0.));
#9209 = VECTOR('',#9210,1.);
#9210 = DIRECTION('',(0.,1.,0.));
#9211 = ORIENTED_EDGE('',*,*,#9212,.T.);
#9212 = EDGE_CURVE('',#9205,#9186,#9213,.T.);
#9213 = CIRCLE('',#9214,0.55);
#9214 = AXIS2_PLACEMENT_3D('',#9215,#9216,#9217);
#9215 = CARTESIAN_POINT('',(2.725,24.35,6.1E-16));
#9216 = DIRECTION('',(2.2E-16,0.,-1.));
#9217 = DIRECTION('',(-1.,0.,-2.2E-16));
#9218 = FACE_BOUND('',#9219,.F.);
#9219 = EDGE_LOOP('',(#9220));
#9220 = ORIENTED_EDGE('',*,*,#9221,.F.);
#9221 = EDGE_CURVE('',#9222,#9222,#9224,.T.);
#9222 = VERTEX_POINT('',#9223);
#9223 = CARTESIAN_POINT('',(3.8,23.5,0.));
#9224 = CIRCLE('',#9225,1.9);
#9225 = AXIS2_PLACEMENT_3D('',#9226,#9227,#9228);
#9226 = CARTESIAN_POINT('',(5.7,23.5,0.));
#9227 = DIRECTION('',(0.,0.,1.));
#9228 = DIRECTION('',(-1.,0.,0.));
#9229 = PLANE('',#9230);
#9230 = AXIS2_PLACEMENT_3D('',#9231,#9232,#9233);
#9231 = CARTESIAN_POINT('',(0.,0.,0.));
#9232 = DIRECTION('',(0.,0.,1.));
#9233 = DIRECTION('',(1.,0.,-0.));
#9234 = ADVANCED_FACE('',(#9235),#9253,.T.);
#9235 = FACE_BOUND('',#9236,.T.);
#9236 = EDGE_LOOP('',(#9237,#9245,#9246,#9247));
#9237 = ORIENTED_EDGE('',*,*,#9238,.F.);
#9238 = EDGE_CURVE('',#2524,#9239,#9241,.T.);
#9239 = VERTEX_POINT('',#9240);
#9240 = CARTESIAN_POINT('',(-10.5,-24.62989998999,0.));
#9241 = LINE('',#9242,#9243);
#9242 = CARTESIAN_POINT('',(-10.5,-25.,0.));
#9243 = VECTOR('',#9244,1.);
#9244 = DIRECTION('',(0.,1.,0.));
#9245 = ORIENTED_EDGE('',*,*,#2538,.T.);
#9246 = ORIENTED_EDGE('',*,*,#2552,.T.);
#9247 = ORIENTED_EDGE('',*,*,#9248,.F.);
#9248 = EDGE_CURVE('',#9239,#2553,#9249,.T.);
#9249 = LINE('',#9250,#9251);
#9250 = CARTESIAN_POINT('',(-10.5,-24.62989998999,55.905302825492));
#9251 = VECTOR('',#9252,1.);
#9252 = DIRECTION('',(0.,0.,1.));
#9253 = PLANE('',#9254);
#9254 = AXIS2_PLACEMENT_3D('',#9255,#9256,#9257);
#9255 = CARTESIAN_POINT('',(-10.5,-25.,0.));
#9256 = DIRECTION('',(-1.,0.,0.));
#9257 = DIRECTION('',(0.,1.,0.));
#9258 = ADVANCED_FACE('',(#9259),#9278,.F.);
#9259 = FACE_BOUND('',#9260,.F.);
#9260 = EDGE_LOOP('',(#9261,#9270,#9276,#9277));
#9261 = ORIENTED_EDGE('',*,*,#9262,.T.);
#9262 = EDGE_CURVE('',#9239,#9263,#9265,.T.);
#9263 = VERTEX_POINT('',#9264);
#9264 = CARTESIAN_POINT('',(-10.5,-23.63010001,0.));
#9265 = CIRCLE('',#9266,0.5);
#9266 = AXIS2_PLACEMENT_3D('',#9267,#9268,#9269);
#9267 = CARTESIAN_POINT('',(-10.49,-24.13,0.));
#9268 = DIRECTION('',(0.,0.,1.));
#9269 = DIRECTION('',(1.,0.,-0.));
#9270 = ORIENTED_EDGE('',*,*,#9271,.T.);
#9271 = EDGE_CURVE('',#9263,#2564,#9272,.T.);
#9272 = LINE('',#9273,#9274);
#9273 = CARTESIAN_POINT('',(-10.5,-23.63010001,55.905302825492));
#9274 = VECTOR('',#9275,1.);
#9275 = DIRECTION('',(0.,0.,1.));
#9276 = ORIENTED_EDGE('',*,*,#2571,.F.);
#9277 = ORIENTED_EDGE('',*,*,#9248,.F.);
#9278 = CYLINDRICAL_SURFACE('',#9279,0.5);
#9279 = AXIS2_PLACEMENT_3D('',#9280,#9281,#9282);
#9280 = CARTESIAN_POINT('',(-10.49,-24.13,55.905302825492));
#9281 = DIRECTION('',(0.,0.,1.));
#9282 = DIRECTION('',(1.,0.,-0.));
#9283 = ADVANCED_FACE('',(#9284),#9295,.T.);
#9284 = FACE_BOUND('',#9285,.T.);
#9285 = EDGE_LOOP('',(#9286,#9292,#9293,#9294));
#9286 = ORIENTED_EDGE('',*,*,#9287,.F.);
#9287 = EDGE_CURVE('',#9263,#2598,#9288,.T.);
#9288 = LINE('',#9289,#9290);
#9289 = CARTESIAN_POINT('',(-10.5,-25.,0.));
#9290 = VECTOR('',#9291,1.);
#9291 = DIRECTION('',(0.,1.,0.));
#9292 = ORIENTED_EDGE('',*,*,#9271,.T.);
#9293 = ORIENTED_EDGE('',*,*,#2563,.T.);
#9294 = ORIENTED_EDGE('',*,*,#2607,.F.);
#9295 = PLANE('',#9296);
#9296 = AXIS2_PLACEMENT_3D('',#9297,#9298,#9299);
#9297 = CARTESIAN_POINT('',(-10.5,-25.,0.));
#9298 = DIRECTION('',(-1.,0.,0.));
#9299 = DIRECTION('',(0.,1.,0.));
#9300 = ADVANCED_FACE('',(#9301),#9320,.F.);
#9301 = FACE_BOUND('',#9302,.F.);
#9302 = EDGE_LOOP('',(#9303,#9311,#9312,#9313));
#9303 = ORIENTED_EDGE('',*,*,#9304,.F.);
#9304 = EDGE_CURVE('',#2581,#9305,#9307,.T.);
#9305 = VERTEX_POINT('',#9306);
#9306 = CARTESIAN_POINT('',(-9.39,-24.13,3.E-15));
#9307 = LINE('',#9308,#9309);
#9308 = CARTESIAN_POINT('',(-9.39,-24.13,55.715027595793));
#9309 = VECTOR('',#9310,1.);
#9310 = DIRECTION('',(2.2E-16,0.,-1.));
#9311 = ORIENTED_EDGE('',*,*,#2580,.F.);
#9312 = ORIENTED_EDGE('',*,*,#9304,.T.);
#9313 = ORIENTED_EDGE('',*,*,#9314,.T.);
#9314 = EDGE_CURVE('',#9305,#9305,#9315,.T.);
#9315 = CIRCLE('',#9316,0.5);
#9316 = AXIS2_PLACEMENT_3D('',#9317,#9318,#9319);
#9317 = CARTESIAN_POINT('',(-8.89,-24.13,5.E-15));
#9318 = DIRECTION('',(0.,0.,1.));
#9319 = DIRECTION('',(1.,0.,-0.));
#9320 = CYLINDRICAL_SURFACE('',#9321,0.5);
#9321 = AXIS2_PLACEMENT_3D('',#9322,#9323,#9324);
#9322 = CARTESIAN_POINT('',(-8.89,-24.13,55.715027595793));
#9323 = DIRECTION('',(0.,0.,1.));
#9324 = DIRECTION('',(1.,0.,-0.));
#9325 = ADVANCED_FACE('',(#9326),#9344,.T.);
#9326 = FACE_BOUND('',#9327,.T.);
#9327 = EDGE_LOOP('',(#9328,#9336,#9337,#9338));
#9328 = ORIENTED_EDGE('',*,*,#9329,.F.);
#9329 = EDGE_CURVE('',#2600,#9330,#9332,.T.);
#9330 = VERTEX_POINT('',#9331);
#9331 = CARTESIAN_POINT('',(-10.5,-22.08989998999,0.));
#9332 = LINE('',#9333,#9334);
#9333 = CARTESIAN_POINT('',(-10.5,-25.,0.));
#9334 = VECTOR('',#9335,1.);
#9335 = DIRECTION('',(0.,1.,0.));
#9336 = ORIENTED_EDGE('',*,*,#2614,.T.);
#9337 = ORIENTED_EDGE('',*,*,#2628,.T.);
#9338 = ORIENTED_EDGE('',*,*,#9339,.F.);
#9339 = EDGE_CURVE('',#9330,#2629,#9340,.T.);
#9340 = LINE('',#9341,#9342);
#9341 = CARTESIAN_POINT('',(-10.5,-22.08989998999,55.905302825492));
#9342 = VECTOR('',#9343,1.);
#9343 = DIRECTION('',(0.,0.,1.));
#9344 = PLANE('',#9345);
#9345 = AXIS2_PLACEMENT_3D('',#9346,#9347,#9348);
#9346 = CARTESIAN_POINT('',(-10.5,-25.,0.));
#9347 = DIRECTION('',(-1.,0.,0.));
#9348 = DIRECTION('',(0.,1.,0.));
#9349 = ADVANCED_FACE('',(#9350),#9369,.F.);
#9350 = FACE_BOUND('',#9351,.F.);
#9351 = EDGE_LOOP('',(#9352,#9361,#9367,#9368));
#9352 = ORIENTED_EDGE('',*,*,#9353,.T.);
#9353 = EDGE_CURVE('',#9330,#9354,#9356,.T.);
#9354 = VERTEX_POINT('',#9355);
#9355 = CARTESIAN_POINT('',(-10.5,-21.09010001,0.));
#9356 = CIRCLE('',#9357,0.5);
#9357 = AXIS2_PLACEMENT_3D('',#9358,#9359,#9360);
#9358 = CARTESIAN_POINT('',(-10.49,-21.59,0.));
#9359 = DIRECTION('',(0.,0.,1.));
#9360 = DIRECTION('',(1.,0.,-0.));
#9361 = ORIENTED_EDGE('',*,*,#9362,.T.);
#9362 = EDGE_CURVE('',#9354,#2640,#9363,.T.);
#9363 = LINE('',#9364,#9365);
#9364 = CARTESIAN_POINT('',(-10.5,-21.09010001,55.905302825492));
#9365 = VECTOR('',#9366,1.);
#9366 = DIRECTION('',(0.,0.,1.));
#9367 = ORIENTED_EDGE('',*,*,#2647,.F.);
#9368 = ORIENTED_EDGE('',*,*,#9339,.F.);
#9369 = CYLINDRICAL_SURFACE('',#9370,0.5);
#9370 = AXIS2_PLACEMENT_3D('',#9371,#9372,#9373);
#9371 = CARTESIAN_POINT('',(-10.49,-21.59,55.905302825492));
#9372 = DIRECTION('',(0.,0.,1.));
#9373 = DIRECTION('',(1.,0.,-0.));
#9374 = ADVANCED_FACE('',(#9375),#9386,.T.);
#9375 = FACE_BOUND('',#9376,.T.);
#9376 = EDGE_LOOP('',(#9377,#9383,#9384,#9385));
#9377 = ORIENTED_EDGE('',*,*,#9378,.F.);
#9378 = EDGE_CURVE('',#9354,#2674,#9379,.T.);
#9379 = LINE('',#9380,#9381);
#9380 = CARTESIAN_POINT('',(-10.5,-25.,0.));
#9381 = VECTOR('',#9382,1.);
#9382 = DIRECTION('',(0.,1.,0.));
#9383 = ORIENTED_EDGE('',*,*,#9362,.T.);
#9384 = ORIENTED_EDGE('',*,*,#2639,.T.);
#9385 = ORIENTED_EDGE('',*,*,#2683,.F.);
#9386 = PLANE('',#9387);
#9387 = AXIS2_PLACEMENT_3D('',#9388,#9389,#9390);
#9388 = CARTESIAN_POINT('',(-10.5,-25.,0.));
#9389 = DIRECTION('',(-1.,0.,0.));
#9390 = DIRECTION('',(0.,1.,0.));
#9391 = ADVANCED_FACE('',(#9392),#9411,.F.);
#9392 = FACE_BOUND('',#9393,.F.);
#9393 = EDGE_LOOP('',(#9394,#9402,#9403,#9404));
#9394 = ORIENTED_EDGE('',*,*,#9395,.F.);
#9395 = EDGE_CURVE('',#2657,#9396,#9398,.T.);
#9396 = VERTEX_POINT('',#9397);
#9397 = CARTESIAN_POINT('',(-9.39,-21.59,2.E-15));
#9398 = LINE('',#9399,#9400);
#9399 = CARTESIAN_POINT('',(-9.39,-21.59,55.715027595793));
#9400 = VECTOR('',#9401,1.);
#9401 = DIRECTION('',(2.2E-16,0.,-1.));
#9402 = ORIENTED_EDGE('',*,*,#2656,.F.);
#9403 = ORIENTED_EDGE('',*,*,#9395,.T.);
#9404 = ORIENTED_EDGE('',*,*,#9405,.T.);
#9405 = EDGE_CURVE('',#9396,#9396,#9406,.T.);
#9406 = CIRCLE('',#9407,0.5);
#9407 = AXIS2_PLACEMENT_3D('',#9408,#9409,#9410);
#9408 = CARTESIAN_POINT('',(-8.89,-21.59,5.E-15));
#9409 = DIRECTION('',(0.,0.,1.));
#9410 = DIRECTION('',(1.,0.,-0.));
#9411 = CYLINDRICAL_SURFACE('',#9412,0.5);
#9412 = AXIS2_PLACEMENT_3D('',#9413,#9414,#9415);
#9413 = CARTESIAN_POINT('',(-8.89,-21.59,55.715027595793));
#9414 = DIRECTION('',(0.,0.,1.));
#9415 = DIRECTION('',(1.,0.,-0.));
#9416 = ADVANCED_FACE('',(#9417),#9435,.T.);
#9417 = FACE_BOUND('',#9418,.T.);
#9418 = EDGE_LOOP('',(#9419,#9427,#9428,#9429));
#9419 = ORIENTED_EDGE('',*,*,#9420,.F.);
#9420 = EDGE_CURVE('',#2676,#9421,#9423,.T.);
#9421 = VERTEX_POINT('',#9422);
#9422 = CARTESIAN_POINT('',(-10.5,-19.54989998999,0.));
#9423 = LINE('',#9424,#9425);
#9424 = CARTESIAN_POINT('',(-10.5,-25.,0.));
#9425 = VECTOR('',#9426,1.);
#9426 = DIRECTION('',(0.,1.,0.));
#9427 = ORIENTED_EDGE('',*,*,#2690,.T.);
#9428 = ORIENTED_EDGE('',*,*,#2704,.T.);
#9429 = ORIENTED_EDGE('',*,*,#9430,.F.);
#9430 = EDGE_CURVE('',#9421,#2705,#9431,.T.);
#9431 = LINE('',#9432,#9433);
#9432 = CARTESIAN_POINT('',(-10.5,-19.54989998999,55.905302825492));
#9433 = VECTOR('',#9434,1.);
#9434 = DIRECTION('',(0.,0.,1.));
#9435 = PLANE('',#9436);
#9436 = AXIS2_PLACEMENT_3D('',#9437,#9438,#9439);
#9437 = CARTESIAN_POINT('',(-10.5,-25.,0.));
#9438 = DIRECTION('',(-1.,0.,0.));
#9439 = DIRECTION('',(0.,1.,0.));
#9440 = ADVANCED_FACE('',(#9441),#9460,.F.);
#9441 = FACE_BOUND('',#9442,.F.);
#9442 = EDGE_LOOP('',(#9443,#9452,#9458,#9459));
#9443 = ORIENTED_EDGE('',*,*,#9444,.T.);
#9444 = EDGE_CURVE('',#9421,#9445,#9447,.T.);
#9445 = VERTEX_POINT('',#9446);
#9446 = CARTESIAN_POINT('',(-10.5,-18.55010001,0.));
#9447 = CIRCLE('',#9448,0.5);
#9448 = AXIS2_PLACEMENT_3D('',#9449,#9450,#9451);
#9449 = CARTESIAN_POINT('',(-10.49,-19.05,0.));
#9450 = DIRECTION('',(0.,0.,1.));
#9451 = DIRECTION('',(1.,0.,-0.));
#9452 = ORIENTED_EDGE('',*,*,#9453,.T.);
#9453 = EDGE_CURVE('',#9445,#2718,#9454,.T.);
#9454 = LINE('',#9455,#9456);
#9455 = CARTESIAN_POINT('',(-10.5,-18.55010001,55.905302825492));
#9456 = VECTOR('',#9457,1.);
#9457 = DIRECTION('',(0.,0.,1.));
#9458 = ORIENTED_EDGE('',*,*,#2725,.F.);
#9459 = ORIENTED_EDGE('',*,*,#9430,.F.);
#9460 = CYLINDRICAL_SURFACE('',#9461,0.5);
#9461 = AXIS2_PLACEMENT_3D('',#9462,#9463,#9464);
#9462 = CARTESIAN_POINT('',(-10.49,-19.05,55.905302825492));
#9463 = DIRECTION('',(0.,0.,1.));
#9464 = DIRECTION('',(1.,0.,-0.));
#9465 = ADVANCED_FACE('',(#9466),#9477,.T.);
#9466 = FACE_BOUND('',#9467,.T.);
#9467 = EDGE_LOOP('',(#9468,#9474,#9475,#9476));
#9468 = ORIENTED_EDGE('',*,*,#9469,.F.);
#9469 = EDGE_CURVE('',#9445,#2752,#9470,.T.);
#9470 = LINE('',#9471,#9472);
#9471 = CARTESIAN_POINT('',(-10.5,-25.,0.));
#9472 = VECTOR('',#9473,1.);
#9473 = DIRECTION('',(0.,1.,0.));
#9474 = ORIENTED_EDGE('',*,*,#9453,.T.);
#9475 = ORIENTED_EDGE('',*,*,#2717,.T.);
#9476 = ORIENTED_EDGE('',*,*,#2761,.F.);
#9477 = PLANE('',#9478);
#9478 = AXIS2_PLACEMENT_3D('',#9479,#9480,#9481);
#9479 = CARTESIAN_POINT('',(-10.5,-25.,0.));
#9480 = DIRECTION('',(-1.,0.,0.));
#9481 = DIRECTION('',(0.,1.,0.));
#9482 = ADVANCED_FACE('',(#9483),#9502,.F.);
#9483 = FACE_BOUND('',#9484,.F.);
#9484 = EDGE_LOOP('',(#9485,#9493,#9494,#9495));
#9485 = ORIENTED_EDGE('',*,*,#9486,.F.);
#9486 = EDGE_CURVE('',#2735,#9487,#9489,.T.);
#9487 = VERTEX_POINT('',#9488);
#9488 = CARTESIAN_POINT('',(-9.39,-19.05,2.E-15));
#9489 = LINE('',#9490,#9491);
#9490 = CARTESIAN_POINT('',(-9.39,-19.05,55.715027595793));
#9491 = VECTOR('',#9492,1.);
#9492 = DIRECTION('',(2.2E-16,0.,-1.));
#9493 = ORIENTED_EDGE('',*,*,#2734,.F.);
#9494 = ORIENTED_EDGE('',*,*,#9486,.T.);
#9495 = ORIENTED_EDGE('',*,*,#9496,.T.);
#9496 = EDGE_CURVE('',#9487,#9487,#9497,.T.);
#9497 = CIRCLE('',#9498,0.5);
#9498 = AXIS2_PLACEMENT_3D('',#9499,#9500,#9501);
#9499 = CARTESIAN_POINT('',(-8.89,-19.05,0.));
#9500 = DIRECTION('',(0.,0.,1.));
#9501 = DIRECTION('',(1.,0.,-0.));
#9502 = CYLINDRICAL_SURFACE('',#9503,0.5);
#9503 = AXIS2_PLACEMENT_3D('',#9504,#9505,#9506);
#9504 = CARTESIAN_POINT('',(-8.89,-19.05,55.715027595793));
#9505 = DIRECTION('',(0.,0.,1.));
#9506 = DIRECTION('',(1.,0.,-0.));
#9507 = ADVANCED_FACE('',(#9508),#9526,.T.);
#9508 = FACE_BOUND('',#9509,.T.);
#9509 = EDGE_LOOP('',(#9510,#9518,#9519,#9520));
#9510 = ORIENTED_EDGE('',*,*,#9511,.F.);
#9511 = EDGE_CURVE('',#2754,#9512,#9514,.T.);
#9512 = VERTEX_POINT('',#9513);
#9513 = CARTESIAN_POINT('',(-10.5,-17.00989998999,0.));
#9514 = LINE('',#9515,#9516);
#9515 = CARTESIAN_POINT('',(-10.5,-25.,0.));
#9516 = VECTOR('',#9517,1.);
#9517 = DIRECTION('',(0.,1.,0.));
#9518 = ORIENTED_EDGE('',*,*,#2768,.T.);
#9519 = ORIENTED_EDGE('',*,*,#2782,.T.);
#9520 = ORIENTED_EDGE('',*,*,#9521,.F.);
#9521 = EDGE_CURVE('',#9512,#2783,#9522,.T.);
#9522 = LINE('',#9523,#9524);
#9523 = CARTESIAN_POINT('',(-10.5,-17.00989998999,55.905302825492));
#9524 = VECTOR('',#9525,1.);
#9525 = DIRECTION('',(0.,0.,1.));
#9526 = PLANE('',#9527);
#9527 = AXIS2_PLACEMENT_3D('',#9528,#9529,#9530);
#9528 = CARTESIAN_POINT('',(-10.5,-25.,0.));
#9529 = DIRECTION('',(-1.,0.,0.));
#9530 = DIRECTION('',(0.,1.,0.));
#9531 = ADVANCED_FACE('',(#9532),#9551,.F.);
#9532 = FACE_BOUND('',#9533,.F.);
#9533 = EDGE_LOOP('',(#9534,#9543,#9549,#9550));
#9534 = ORIENTED_EDGE('',*,*,#9535,.T.);
#9535 = EDGE_CURVE('',#9512,#9536,#9538,.T.);
#9536 = VERTEX_POINT('',#9537);
#9537 = CARTESIAN_POINT('',(-10.5,-16.01010001,0.));
#9538 = CIRCLE('',#9539,0.5);
#9539 = AXIS2_PLACEMENT_3D('',#9540,#9541,#9542);
#9540 = CARTESIAN_POINT('',(-10.49,-16.51,0.));
#9541 = DIRECTION('',(0.,0.,1.));
#9542 = DIRECTION('',(1.,0.,-0.));
#9543 = ORIENTED_EDGE('',*,*,#9544,.T.);
#9544 = EDGE_CURVE('',#9536,#2794,#9545,.T.);
#9545 = LINE('',#9546,#9547);
#9546 = CARTESIAN_POINT('',(-10.5,-16.01010001,55.905302825492));
#9547 = VECTOR('',#9548,1.);
#9548 = DIRECTION('',(0.,0.,1.));
#9549 = ORIENTED_EDGE('',*,*,#2801,.F.);
#9550 = ORIENTED_EDGE('',*,*,#9521,.F.);
#9551 = CYLINDRICAL_SURFACE('',#9552,0.5);
#9552 = AXIS2_PLACEMENT_3D('',#9553,#9554,#9555);
#9553 = CARTESIAN_POINT('',(-10.49,-16.51,55.905302825492));
#9554 = DIRECTION('',(0.,0.,1.));
#9555 = DIRECTION('',(1.,0.,-0.));
#9556 = ADVANCED_FACE('',(#9557),#9568,.T.);
#9557 = FACE_BOUND('',#9558,.T.);
#9558 = EDGE_LOOP('',(#9559,#9565,#9566,#9567));
#9559 = ORIENTED_EDGE('',*,*,#9560,.F.);
#9560 = EDGE_CURVE('',#9536,#2828,#9561,.T.);
#9561 = LINE('',#9562,#9563);
#9562 = CARTESIAN_POINT('',(-10.5,-25.,0.));
#9563 = VECTOR('',#9564,1.);
#9564 = DIRECTION('',(0.,1.,0.));
#9565 = ORIENTED_EDGE('',*,*,#9544,.T.);
#9566 = ORIENTED_EDGE('',*,*,#2793,.T.);
#9567 = ORIENTED_EDGE('',*,*,#2837,.F.);
#9568 = PLANE('',#9569);
#9569 = AXIS2_PLACEMENT_3D('',#9570,#9571,#9572);
#9570 = CARTESIAN_POINT('',(-10.5,-25.,0.));
#9571 = DIRECTION('',(-1.,0.,0.));
#9572 = DIRECTION('',(0.,1.,0.));
#9573 = ADVANCED_FACE('',(#9574),#9593,.F.);
#9574 = FACE_BOUND('',#9575,.F.);
#9575 = EDGE_LOOP('',(#9576,#9584,#9585,#9586));
#9576 = ORIENTED_EDGE('',*,*,#9577,.F.);
#9577 = EDGE_CURVE('',#2811,#9578,#9580,.T.);
#9578 = VERTEX_POINT('',#9579);
#9579 = CARTESIAN_POINT('',(-9.39,-16.51,2.E-15));
#9580 = LINE('',#9581,#9582);
#9581 = CARTESIAN_POINT('',(-9.39,-16.51,55.715027595793));
#9582 = VECTOR('',#9583,1.);
#9583 = DIRECTION('',(2.2E-16,0.,-1.));
#9584 = ORIENTED_EDGE('',*,*,#2810,.F.);
#9585 = ORIENTED_EDGE('',*,*,#9577,.T.);
#9586 = ORIENTED_EDGE('',*,*,#9587,.T.);
#9587 = EDGE_CURVE('',#9578,#9578,#9588,.T.);
#9588 = CIRCLE('',#9589,0.5);
#9589 = AXIS2_PLACEMENT_3D('',#9590,#9591,#9592);
#9590 = CARTESIAN_POINT('',(-8.89,-16.51,5.E-15));
#9591 = DIRECTION('',(0.,0.,1.));
#9592 = DIRECTION('',(1.,0.,-0.));
#9593 = CYLINDRICAL_SURFACE('',#9594,0.5);
#9594 = AXIS2_PLACEMENT_3D('',#9595,#9596,#9597);
#9595 = CARTESIAN_POINT('',(-8.89,-16.51,55.715027595793));
#9596 = DIRECTION('',(0.,0.,1.));
#9597 = DIRECTION('',(1.,0.,-0.));
#9598 = ADVANCED_FACE('',(#9599),#9617,.T.);
#9599 = FACE_BOUND('',#9600,.T.);
#9600 = EDGE_LOOP('',(#9601,#9609,#9610,#9611));
#9601 = ORIENTED_EDGE('',*,*,#9602,.F.);
#9602 = EDGE_CURVE('',#2830,#9603,#9605,.T.);
#9603 = VERTEX_POINT('',#9604);
#9604 = CARTESIAN_POINT('',(-10.5,-14.46989998999,0.));
#9605 = LINE('',#9606,#9607);
#9606 = CARTESIAN_POINT('',(-10.5,-25.,0.));
#9607 = VECTOR('',#9608,1.);
#9608 = DIRECTION('',(0.,1.,0.));
#9609 = ORIENTED_EDGE('',*,*,#2844,.T.);
#9610 = ORIENTED_EDGE('',*,*,#2858,.T.);
#9611 = ORIENTED_EDGE('',*,*,#9612,.F.);
#9612 = EDGE_CURVE('',#9603,#2859,#9613,.T.);
#9613 = LINE('',#9614,#9615);
#9614 = CARTESIAN_POINT('',(-10.5,-14.46989998999,55.905302825492));
#9615 = VECTOR('',#9616,1.);
#9616 = DIRECTION('',(0.,0.,1.));
#9617 = PLANE('',#9618);
#9618 = AXIS2_PLACEMENT_3D('',#9619,#9620,#9621);
#9619 = CARTESIAN_POINT('',(-10.5,-25.,0.));
#9620 = DIRECTION('',(-1.,0.,0.));
#9621 = DIRECTION('',(0.,1.,0.));
#9622 = ADVANCED_FACE('',(#9623),#9642,.F.);
#9623 = FACE_BOUND('',#9624,.F.);
#9624 = EDGE_LOOP('',(#9625,#9634,#9640,#9641));
#9625 = ORIENTED_EDGE('',*,*,#9626,.T.);
#9626 = EDGE_CURVE('',#9603,#9627,#9629,.T.);
#9627 = VERTEX_POINT('',#9628);
#9628 = CARTESIAN_POINT('',(-10.5,-13.47010001,0.));
#9629 = CIRCLE('',#9630,0.5);
#9630 = AXIS2_PLACEMENT_3D('',#9631,#9632,#9633);
#9631 = CARTESIAN_POINT('',(-10.49,-13.97,0.));
#9632 = DIRECTION('',(0.,0.,1.));
#9633 = DIRECTION('',(1.,0.,-0.));
#9634 = ORIENTED_EDGE('',*,*,#9635,.T.);
#9635 = EDGE_CURVE('',#9627,#2870,#9636,.T.);
#9636 = LINE('',#9637,#9638);
#9637 = CARTESIAN_POINT('',(-10.5,-13.47010001,55.905302825492));
#9638 = VECTOR('',#9639,1.);
#9639 = DIRECTION('',(0.,0.,1.));
#9640 = ORIENTED_EDGE('',*,*,#2877,.F.);
#9641 = ORIENTED_EDGE('',*,*,#9612,.F.);
#9642 = CYLINDRICAL_SURFACE('',#9643,0.5);
#9643 = AXIS2_PLACEMENT_3D('',#9644,#9645,#9646);
#9644 = CARTESIAN_POINT('',(-10.49,-13.97,55.905302825492));
#9645 = DIRECTION('',(0.,0.,1.));
#9646 = DIRECTION('',(1.,0.,-0.));
#9647 = ADVANCED_FACE('',(#9648),#9659,.T.);
#9648 = FACE_BOUND('',#9649,.T.);
#9649 = EDGE_LOOP('',(#9650,#9656,#9657,#9658));
#9650 = ORIENTED_EDGE('',*,*,#9651,.F.);
#9651 = EDGE_CURVE('',#9627,#2904,#9652,.T.);
#9652 = LINE('',#9653,#9654);
#9653 = CARTESIAN_POINT('',(-10.5,-25.,0.));
#9654 = VECTOR('',#9655,1.);
#9655 = DIRECTION('',(0.,1.,0.));
#9656 = ORIENTED_EDGE('',*,*,#9635,.T.);
#9657 = ORIENTED_EDGE('',*,*,#2869,.T.);
#9658 = ORIENTED_EDGE('',*,*,#2913,.F.);
#9659 = PLANE('',#9660);
#9660 = AXIS2_PLACEMENT_3D('',#9661,#9662,#9663);
#9661 = CARTESIAN_POINT('',(-10.5,-25.,0.));
#9662 = DIRECTION('',(-1.,0.,0.));
#9663 = DIRECTION('',(0.,1.,0.));
#9664 = ADVANCED_FACE('',(#9665),#9684,.F.);
#9665 = FACE_BOUND('',#9666,.F.);
#9666 = EDGE_LOOP('',(#9667,#9675,#9676,#9677));
#9667 = ORIENTED_EDGE('',*,*,#9668,.F.);
#9668 = EDGE_CURVE('',#2887,#9669,#9671,.T.);
#9669 = VERTEX_POINT('',#9670);
#9670 = CARTESIAN_POINT('',(-9.39,-13.97,2.E-15));
#9671 = LINE('',#9672,#9673);
#9672 = CARTESIAN_POINT('',(-9.39,-13.97,55.715027595793));
#9673 = VECTOR('',#9674,1.);
#9674 = DIRECTION('',(2.2E-16,0.,-1.));
#9675 = ORIENTED_EDGE('',*,*,#2886,.F.);
#9676 = ORIENTED_EDGE('',*,*,#9668,.T.);
#9677 = ORIENTED_EDGE('',*,*,#9678,.T.);
#9678 = EDGE_CURVE('',#9669,#9669,#9679,.T.);
#9679 = CIRCLE('',#9680,0.5);
#9680 = AXIS2_PLACEMENT_3D('',#9681,#9682,#9683);
#9681 = CARTESIAN_POINT('',(-8.89,-13.97,4.E-15));
#9682 = DIRECTION('',(0.,0.,1.));
#9683 = DIRECTION('',(1.,0.,-0.));
#9684 = CYLINDRICAL_SURFACE('',#9685,0.5);
#9685 = AXIS2_PLACEMENT_3D('',#9686,#9687,#9688);
#9686 = CARTESIAN_POINT('',(-8.89,-13.97,55.715027595793));
#9687 = DIRECTION('',(0.,0.,1.));
#9688 = DIRECTION('',(1.,0.,-0.));
#9689 = ADVANCED_FACE('',(#9690),#9708,.T.);
#9690 = FACE_BOUND('',#9691,.T.);
#9691 = EDGE_LOOP('',(#9692,#9700,#9701,#9702));
#9692 = ORIENTED_EDGE('',*,*,#9693,.F.);
#9693 = EDGE_CURVE('',#2906,#9694,#9696,.T.);
#9694 = VERTEX_POINT('',#9695);
#9695 = CARTESIAN_POINT('',(-10.5,-11.92989998999,0.));
#9696 = LINE('',#9697,#9698);
#9697 = CARTESIAN_POINT('',(-10.5,-25.,0.));
#9698 = VECTOR('',#9699,1.);
#9699 = DIRECTION('',(0.,1.,0.));
#9700 = ORIENTED_EDGE('',*,*,#2920,.T.);
#9701 = ORIENTED_EDGE('',*,*,#2934,.T.);
#9702 = ORIENTED_EDGE('',*,*,#9703,.F.);
#9703 = EDGE_CURVE('',#9694,#2935,#9704,.T.);
#9704 = LINE('',#9705,#9706);
#9705 = CARTESIAN_POINT('',(-10.5,-11.92989998999,55.905302825492));
#9706 = VECTOR('',#9707,1.);
#9707 = DIRECTION('',(0.,0.,1.));
#9708 = PLANE('',#9709);
#9709 = AXIS2_PLACEMENT_3D('',#9710,#9711,#9712);
#9710 = CARTESIAN_POINT('',(-10.5,-25.,0.));
#9711 = DIRECTION('',(-1.,0.,0.));
#9712 = DIRECTION('',(0.,1.,0.));
#9713 = ADVANCED_FACE('',(#9714),#9733,.F.);
#9714 = FACE_BOUND('',#9715,.F.);
#9715 = EDGE_LOOP('',(#9716,#9725,#9731,#9732));
#9716 = ORIENTED_EDGE('',*,*,#9717,.T.);
#9717 = EDGE_CURVE('',#9694,#9718,#9720,.T.);
#9718 = VERTEX_POINT('',#9719);
#9719 = CARTESIAN_POINT('',(-10.5,-10.93010001,0.));
#9720 = CIRCLE('',#9721,0.5);
#9721 = AXIS2_PLACEMENT_3D('',#9722,#9723,#9724);
#9722 = CARTESIAN_POINT('',(-10.49,-11.43,0.));
#9723 = DIRECTION('',(0.,0.,1.));
#9724 = DIRECTION('',(1.,0.,-0.));
#9725 = ORIENTED_EDGE('',*,*,#9726,.T.);
#9726 = EDGE_CURVE('',#9718,#2946,#9727,.T.);
#9727 = LINE('',#9728,#9729);
#9728 = CARTESIAN_POINT('',(-10.5,-10.93010001,55.905302825492));
#9729 = VECTOR('',#9730,1.);
#9730 = DIRECTION('',(0.,0.,1.));
#9731 = ORIENTED_EDGE('',*,*,#2953,.F.);
#9732 = ORIENTED_EDGE('',*,*,#9703,.F.);
#9733 = CYLINDRICAL_SURFACE('',#9734,0.5);
#9734 = AXIS2_PLACEMENT_3D('',#9735,#9736,#9737);
#9735 = CARTESIAN_POINT('',(-10.49,-11.43,55.905302825492));
#9736 = DIRECTION('',(0.,0.,1.));
#9737 = DIRECTION('',(1.,0.,-0.));
#9738 = ADVANCED_FACE('',(#9739),#9750,.T.);
#9739 = FACE_BOUND('',#9740,.T.);
#9740 = EDGE_LOOP('',(#9741,#9747,#9748,#9749));
#9741 = ORIENTED_EDGE('',*,*,#9742,.F.);
#9742 = EDGE_CURVE('',#9718,#2980,#9743,.T.);
#9743 = LINE('',#9744,#9745);
#9744 = CARTESIAN_POINT('',(-10.5,-25.,0.));
#9745 = VECTOR('',#9746,1.);
#9746 = DIRECTION('',(0.,1.,0.));
#9747 = ORIENTED_EDGE('',*,*,#9726,.T.);
#9748 = ORIENTED_EDGE('',*,*,#2945,.T.);
#9749 = ORIENTED_EDGE('',*,*,#2989,.F.);
#9750 = PLANE('',#9751);
#9751 = AXIS2_PLACEMENT_3D('',#9752,#9753,#9754);
#9752 = CARTESIAN_POINT('',(-10.5,-25.,0.));
#9753 = DIRECTION('',(-1.,0.,0.));
#9754 = DIRECTION('',(0.,1.,0.));
#9755 = ADVANCED_FACE('',(#9756),#9775,.F.);
#9756 = FACE_BOUND('',#9757,.F.);
#9757 = EDGE_LOOP('',(#9758,#9766,#9767,#9768));
#9758 = ORIENTED_EDGE('',*,*,#9759,.F.);
#9759 = EDGE_CURVE('',#2963,#9760,#9762,.T.);
#9760 = VERTEX_POINT('',#9761);
#9761 = CARTESIAN_POINT('',(-9.39,-11.43,2.E-15));
#9762 = LINE('',#9763,#9764);
#9763 = CARTESIAN_POINT('',(-9.39,-11.43,55.715027595793));
#9764 = VECTOR('',#9765,1.);
#9765 = DIRECTION('',(2.2E-16,0.,-1.));
#9766 = ORIENTED_EDGE('',*,*,#2962,.F.);
#9767 = ORIENTED_EDGE('',*,*,#9759,.T.);
#9768 = ORIENTED_EDGE('',*,*,#9769,.T.);
#9769 = EDGE_CURVE('',#9760,#9760,#9770,.T.);
#9770 = CIRCLE('',#9771,0.5);
#9771 = AXIS2_PLACEMENT_3D('',#9772,#9773,#9774);
#9772 = CARTESIAN_POINT('',(-8.89,-11.43,4.E-15));
#9773 = DIRECTION('',(0.,0.,1.));
#9774 = DIRECTION('',(1.,0.,-0.));
#9775 = CYLINDRICAL_SURFACE('',#9776,0.5);
#9776 = AXIS2_PLACEMENT_3D('',#9777,#9778,#9779);
#9777 = CARTESIAN_POINT('',(-8.89,-11.43,55.715027595793));
#9778 = DIRECTION('',(0.,0.,1.));
#9779 = DIRECTION('',(1.,0.,-0.));
#9780 = ADVANCED_FACE('',(#9781),#9799,.T.);
#9781 = FACE_BOUND('',#9782,.T.);
#9782 = EDGE_LOOP('',(#9783,#9791,#9792,#9793));
#9783 = ORIENTED_EDGE('',*,*,#9784,.F.);
#9784 = EDGE_CURVE('',#2982,#9785,#9787,.T.);
#9785 = VERTEX_POINT('',#9786);
#9786 = CARTESIAN_POINT('',(-10.5,-9.389899989998,0.));
#9787 = LINE('',#9788,#9789);
#9788 = CARTESIAN_POINT('',(-10.5,-25.,0.));
#9789 = VECTOR('',#9790,1.);
#9790 = DIRECTION('',(0.,1.,0.));
#9791 = ORIENTED_EDGE('',*,*,#2996,.T.);
#9792 = ORIENTED_EDGE('',*,*,#3010,.T.);
#9793 = ORIENTED_EDGE('',*,*,#9794,.F.);
#9794 = EDGE_CURVE('',#9785,#3011,#9795,.T.);
#9795 = LINE('',#9796,#9797);
#9796 = CARTESIAN_POINT('',(-10.5,-9.389899989998,55.905302825492));
#9797 = VECTOR('',#9798,1.);
#9798 = DIRECTION('',(0.,0.,1.));
#9799 = PLANE('',#9800);
#9800 = AXIS2_PLACEMENT_3D('',#9801,#9802,#9803);
#9801 = CARTESIAN_POINT('',(-10.5,-25.,0.));
#9802 = DIRECTION('',(-1.,0.,0.));
#9803 = DIRECTION('',(0.,1.,0.));
#9804 = ADVANCED_FACE('',(#9805),#9824,.F.);
#9805 = FACE_BOUND('',#9806,.F.);
#9806 = EDGE_LOOP('',(#9807,#9816,#9822,#9823));
#9807 = ORIENTED_EDGE('',*,*,#9808,.T.);
#9808 = EDGE_CURVE('',#9785,#9809,#9811,.T.);
#9809 = VERTEX_POINT('',#9810);
#9810 = CARTESIAN_POINT('',(-10.5,-8.390100010002,0.));
#9811 = CIRCLE('',#9812,0.5);
#9812 = AXIS2_PLACEMENT_3D('',#9813,#9814,#9815);
#9813 = CARTESIAN_POINT('',(-10.49,-8.89,0.));
#9814 = DIRECTION('',(0.,0.,1.));
#9815 = DIRECTION('',(1.,0.,-0.));
#9816 = ORIENTED_EDGE('',*,*,#9817,.T.);
#9817 = EDGE_CURVE('',#9809,#3022,#9818,.T.);
#9818 = LINE('',#9819,#9820);
#9819 = CARTESIAN_POINT('',(-10.5,-8.390100010002,55.905302825492));
#9820 = VECTOR('',#9821,1.);
#9821 = DIRECTION('',(0.,0.,1.));
#9822 = ORIENTED_EDGE('',*,*,#3029,.F.);
#9823 = ORIENTED_EDGE('',*,*,#9794,.F.);
#9824 = CYLINDRICAL_SURFACE('',#9825,0.5);
#9825 = AXIS2_PLACEMENT_3D('',#9826,#9827,#9828);
#9826 = CARTESIAN_POINT('',(-10.49,-8.89,55.905302825492));
#9827 = DIRECTION('',(0.,0.,1.));
#9828 = DIRECTION('',(1.,0.,-0.));
#9829 = ADVANCED_FACE('',(#9830),#9841,.T.);
#9830 = FACE_BOUND('',#9831,.T.);
#9831 = EDGE_LOOP('',(#9832,#9838,#9839,#9840));
#9832 = ORIENTED_EDGE('',*,*,#9833,.F.);
#9833 = EDGE_CURVE('',#9809,#3056,#9834,.T.);
#9834 = LINE('',#9835,#9836);
#9835 = CARTESIAN_POINT('',(-10.5,-25.,0.));
#9836 = VECTOR('',#9837,1.);
#9837 = DIRECTION('',(0.,1.,0.));
#9838 = ORIENTED_EDGE('',*,*,#9817,.T.);
#9839 = ORIENTED_EDGE('',*,*,#3021,.T.);
#9840 = ORIENTED_EDGE('',*,*,#3065,.F.);
#9841 = PLANE('',#9842);
#9842 = AXIS2_PLACEMENT_3D('',#9843,#9844,#9845);
#9843 = CARTESIAN_POINT('',(-10.5,-25.,0.));
#9844 = DIRECTION('',(-1.,0.,0.));
#9845 = DIRECTION('',(0.,1.,0.));
#9846 = ADVANCED_FACE('',(#9847),#9866,.F.);
#9847 = FACE_BOUND('',#9848,.F.);
#9848 = EDGE_LOOP('',(#9849,#9857,#9858,#9859));
#9849 = ORIENTED_EDGE('',*,*,#9850,.F.);
#9850 = EDGE_CURVE('',#3039,#9851,#9853,.T.);
#9851 = VERTEX_POINT('',#9852);
#9852 = CARTESIAN_POINT('',(-9.39,-8.89,2.E-15));
#9853 = LINE('',#9854,#9855);
#9854 = CARTESIAN_POINT('',(-9.39,-8.89,55.715027595793));
#9855 = VECTOR('',#9856,1.);
#9856 = DIRECTION('',(2.2E-16,0.,-1.));
#9857 = ORIENTED_EDGE('',*,*,#3038,.F.);
#9858 = ORIENTED_EDGE('',*,*,#9850,.T.);
#9859 = ORIENTED_EDGE('',*,*,#9860,.T.);
#9860 = EDGE_CURVE('',#9851,#9851,#9861,.T.);
#9861 = CIRCLE('',#9862,0.5);
#9862 = AXIS2_PLACEMENT_3D('',#9863,#9864,#9865);
#9863 = CARTESIAN_POINT('',(-8.89,-8.89,4.E-15));
#9864 = DIRECTION('',(0.,0.,1.));
#9865 = DIRECTION('',(1.,0.,-0.));
#9866 = CYLINDRICAL_SURFACE('',#9867,0.5);
#9867 = AXIS2_PLACEMENT_3D('',#9868,#9869,#9870);
#9868 = CARTESIAN_POINT('',(-8.89,-8.89,55.715027595793));
#9869 = DIRECTION('',(0.,0.,1.));
#9870 = DIRECTION('',(1.,0.,-0.));
#9871 = ADVANCED_FACE('',(#9872),#9890,.T.);
#9872 = FACE_BOUND('',#9873,.T.);
#9873 = EDGE_LOOP('',(#9874,#9882,#9883,#9884));
#9874 = ORIENTED_EDGE('',*,*,#9875,.F.);
#9875 = EDGE_CURVE('',#3058,#9876,#9878,.T.);
#9876 = VERTEX_POINT('',#9877);
#9877 = CARTESIAN_POINT('',(-10.5,-6.849899989998,0.));
#9878 = LINE('',#9879,#9880);
#9879 = CARTESIAN_POINT('',(-10.5,-25.,0.));
#9880 = VECTOR('',#9881,1.);
#9881 = DIRECTION('',(0.,1.,0.));
#9882 = ORIENTED_EDGE('',*,*,#3072,.T.);
#9883 = ORIENTED_EDGE('',*,*,#3086,.T.);
#9884 = ORIENTED_EDGE('',*,*,#9885,.F.);
#9885 = EDGE_CURVE('',#9876,#3087,#9886,.T.);
#9886 = LINE('',#9887,#9888);
#9887 = CARTESIAN_POINT('',(-10.5,-6.849899989998,55.905302825492));
#9888 = VECTOR('',#9889,1.);
#9889 = DIRECTION('',(0.,0.,1.));
#9890 = PLANE('',#9891);
#9891 = AXIS2_PLACEMENT_3D('',#9892,#9893,#9894);
#9892 = CARTESIAN_POINT('',(-10.5,-25.,0.));
#9893 = DIRECTION('',(-1.,0.,0.));
#9894 = DIRECTION('',(0.,1.,0.));
#9895 = ADVANCED_FACE('',(#9896),#9915,.F.);
#9896 = FACE_BOUND('',#9897,.F.);
#9897 = EDGE_LOOP('',(#9898,#9907,#9913,#9914));
#9898 = ORIENTED_EDGE('',*,*,#9899,.T.);
#9899 = EDGE_CURVE('',#9876,#9900,#9902,.T.);
#9900 = VERTEX_POINT('',#9901);
#9901 = CARTESIAN_POINT('',(-10.5,-5.850100010002,0.));
#9902 = CIRCLE('',#9903,0.5);
#9903 = AXIS2_PLACEMENT_3D('',#9904,#9905,#9906);
#9904 = CARTESIAN_POINT('',(-10.49,-6.35,0.));
#9905 = DIRECTION('',(0.,0.,1.));
#9906 = DIRECTION('',(1.,0.,-0.));
#9907 = ORIENTED_EDGE('',*,*,#9908,.T.);
#9908 = EDGE_CURVE('',#9900,#3100,#9909,.T.);
#9909 = LINE('',#9910,#9911);
#9910 = CARTESIAN_POINT('',(-10.5,-5.850100010002,55.905302825492));
#9911 = VECTOR('',#9912,1.);
#9912 = DIRECTION('',(0.,0.,1.));
#9913 = ORIENTED_EDGE('',*,*,#3107,.F.);
#9914 = ORIENTED_EDGE('',*,*,#9885,.F.);
#9915 = CYLINDRICAL_SURFACE('',#9916,0.5);
#9916 = AXIS2_PLACEMENT_3D('',#9917,#9918,#9919);
#9917 = CARTESIAN_POINT('',(-10.49,-6.35,55.905302825492));
#9918 = DIRECTION('',(0.,0.,1.));
#9919 = DIRECTION('',(1.,0.,-0.));
#9920 = ADVANCED_FACE('',(#9921),#9932,.T.);
#9921 = FACE_BOUND('',#9922,.T.);
#9922 = EDGE_LOOP('',(#9923,#9929,#9930,#9931));
#9923 = ORIENTED_EDGE('',*,*,#9924,.F.);
#9924 = EDGE_CURVE('',#9900,#3134,#9925,.T.);
#9925 = LINE('',#9926,#9927);
#9926 = CARTESIAN_POINT('',(-10.5,-25.,0.));
#9927 = VECTOR('',#9928,1.);
#9928 = DIRECTION('',(0.,1.,0.));
#9929 = ORIENTED_EDGE('',*,*,#9908,.T.);
#9930 = ORIENTED_EDGE('',*,*,#3099,.T.);
#9931 = ORIENTED_EDGE('',*,*,#3143,.F.);
#9932 = PLANE('',#9933);
#9933 = AXIS2_PLACEMENT_3D('',#9934,#9935,#9936);
#9934 = CARTESIAN_POINT('',(-10.5,-25.,0.));
#9935 = DIRECTION('',(-1.,0.,0.));
#9936 = DIRECTION('',(0.,1.,0.));
#9937 = ADVANCED_FACE('',(#9938),#9957,.F.);
#9938 = FACE_BOUND('',#9939,.F.);
#9939 = EDGE_LOOP('',(#9940,#9948,#9949,#9950));
#9940 = ORIENTED_EDGE('',*,*,#9941,.F.);
#9941 = EDGE_CURVE('',#3117,#9942,#9944,.T.);
#9942 = VERTEX_POINT('',#9943);
#9943 = CARTESIAN_POINT('',(-9.39,-6.35,1.E-15));
#9944 = LINE('',#9945,#9946);
#9945 = CARTESIAN_POINT('',(-9.39,-6.35,55.715027595793));
#9946 = VECTOR('',#9947,1.);
#9947 = DIRECTION('',(2.2E-16,0.,-1.));
#9948 = ORIENTED_EDGE('',*,*,#3116,.F.);
#9949 = ORIENTED_EDGE('',*,*,#9941,.T.);
#9950 = ORIENTED_EDGE('',*,*,#9951,.T.);
#9951 = EDGE_CURVE('',#9942,#9942,#9952,.T.);
#9952 = CIRCLE('',#9953,0.5);
#9953 = AXIS2_PLACEMENT_3D('',#9954,#9955,#9956);
#9954 = CARTESIAN_POINT('',(-8.89,-6.35,0.));
#9955 = DIRECTION('',(0.,0.,1.));
#9956 = DIRECTION('',(1.,0.,-0.));
#9957 = CYLINDRICAL_SURFACE('',#9958,0.5);
#9958 = AXIS2_PLACEMENT_3D('',#9959,#9960,#9961);
#9959 = CARTESIAN_POINT('',(-8.89,-6.35,55.715027595793));
#9960 = DIRECTION('',(0.,0.,1.));
#9961 = DIRECTION('',(1.,0.,-0.));
#9962 = ADVANCED_FACE('',(#9963),#9981,.T.);
#9963 = FACE_BOUND('',#9964,.T.);
#9964 = EDGE_LOOP('',(#9965,#9973,#9974,#9975));
#9965 = ORIENTED_EDGE('',*,*,#9966,.F.);
#9966 = EDGE_CURVE('',#3136,#9967,#9969,.T.);
#9967 = VERTEX_POINT('',#9968);
#9968 = CARTESIAN_POINT('',(-10.5,-4.309899989998,0.));
#9969 = LINE('',#9970,#9971);
#9970 = CARTESIAN_POINT('',(-10.5,-25.,0.));
#9971 = VECTOR('',#9972,1.);
#9972 = DIRECTION('',(0.,1.,0.));
#9973 = ORIENTED_EDGE('',*,*,#3150,.T.);
#9974 = ORIENTED_EDGE('',*,*,#3164,.T.);
#9975 = ORIENTED_EDGE('',*,*,#9976,.F.);
#9976 = EDGE_CURVE('',#9967,#3165,#9977,.T.);
#9977 = LINE('',#9978,#9979);
#9978 = CARTESIAN_POINT('',(-10.5,-4.309899989998,55.905302825492));
#9979 = VECTOR('',#9980,1.);
#9980 = DIRECTION('',(0.,0.,1.));
#9981 = PLANE('',#9982);
#9982 = AXIS2_PLACEMENT_3D('',#9983,#9984,#9985);
#9983 = CARTESIAN_POINT('',(-10.5,-25.,0.));
#9984 = DIRECTION('',(-1.,0.,0.));
#9985 = DIRECTION('',(0.,1.,0.));
#9986 = ADVANCED_FACE('',(#9987),#10006,.F.);
#9987 = FACE_BOUND('',#9988,.F.);
#9988 = EDGE_LOOP('',(#9989,#9998,#10004,#10005));
#9989 = ORIENTED_EDGE('',*,*,#9990,.T.);
#9990 = EDGE_CURVE('',#9967,#9991,#9993,.T.);
#9991 = VERTEX_POINT('',#9992);
#9992 = CARTESIAN_POINT('',(-10.5,-3.310100010002,0.));
#9993 = CIRCLE('',#9994,0.5);
#9994 = AXIS2_PLACEMENT_3D('',#9995,#9996,#9997);
#9995 = CARTESIAN_POINT('',(-10.49,-3.81,0.));
#9996 = DIRECTION('',(0.,0.,1.));
#9997 = DIRECTION('',(1.,0.,-0.));
#9998 = ORIENTED_EDGE('',*,*,#9999,.T.);
#9999 = EDGE_CURVE('',#9991,#3176,#10000,.T.);
#10000 = LINE('',#10001,#10002);
#10001 = CARTESIAN_POINT('',(-10.5,-3.310100010002,55.905302825492));
#10002 = VECTOR('',#10003,1.);
#10003 = DIRECTION('',(0.,0.,1.));
#10004 = ORIENTED_EDGE('',*,*,#3183,.F.);
#10005 = ORIENTED_EDGE('',*,*,#9976,.F.);
#10006 = CYLINDRICAL_SURFACE('',#10007,0.5);
#10007 = AXIS2_PLACEMENT_3D('',#10008,#10009,#10010);
#10008 = CARTESIAN_POINT('',(-10.49,-3.81,55.905302825492));
#10009 = DIRECTION('',(0.,0.,1.));
#10010 = DIRECTION('',(1.,0.,-0.));
#10011 = ADVANCED_FACE('',(#10012),#10023,.T.);
#10012 = FACE_BOUND('',#10013,.T.);
#10013 = EDGE_LOOP('',(#10014,#10020,#10021,#10022));
#10014 = ORIENTED_EDGE('',*,*,#10015,.F.);
#10015 = EDGE_CURVE('',#9991,#3210,#10016,.T.);
#10016 = LINE('',#10017,#10018);
#10017 = CARTESIAN_POINT('',(-10.5,-25.,0.));
#10018 = VECTOR('',#10019,1.);
#10019 = DIRECTION('',(0.,1.,0.));
#10020 = ORIENTED_EDGE('',*,*,#9999,.T.);
#10021 = ORIENTED_EDGE('',*,*,#3175,.T.);
#10022 = ORIENTED_EDGE('',*,*,#3219,.F.);
#10023 = PLANE('',#10024);
#10024 = AXIS2_PLACEMENT_3D('',#10025,#10026,#10027);
#10025 = CARTESIAN_POINT('',(-10.5,-25.,0.));
#10026 = DIRECTION('',(-1.,0.,0.));
#10027 = DIRECTION('',(0.,1.,0.));
#10028 = ADVANCED_FACE('',(#10029),#10048,.F.);
#10029 = FACE_BOUND('',#10030,.F.);
#10030 = EDGE_LOOP('',(#10031,#10039,#10040,#10041));
#10031 = ORIENTED_EDGE('',*,*,#10032,.F.);
#10032 = EDGE_CURVE('',#3193,#10033,#10035,.T.);
#10033 = VERTEX_POINT('',#10034);
#10034 = CARTESIAN_POINT('',(-9.39,-3.81,1.E-15));
#10035 = LINE('',#10036,#10037);
#10036 = CARTESIAN_POINT('',(-9.39,-3.81,55.715027595793));
#10037 = VECTOR('',#10038,1.);
#10038 = DIRECTION('',(2.2E-16,0.,-1.));
#10039 = ORIENTED_EDGE('',*,*,#3192,.F.);
#10040 = ORIENTED_EDGE('',*,*,#10032,.T.);
#10041 = ORIENTED_EDGE('',*,*,#10042,.T.);
#10042 = EDGE_CURVE('',#10033,#10033,#10043,.T.);
#10043 = CIRCLE('',#10044,0.5);
#10044 = AXIS2_PLACEMENT_3D('',#10045,#10046,#10047);
#10045 = CARTESIAN_POINT('',(-8.89,-3.81,3.E-15));
#10046 = DIRECTION('',(0.,0.,1.));
#10047 = DIRECTION('',(1.,0.,-0.));
#10048 = CYLINDRICAL_SURFACE('',#10049,0.5);
#10049 = AXIS2_PLACEMENT_3D('',#10050,#10051,#10052);
#10050 = CARTESIAN_POINT('',(-8.89,-3.81,55.715027595793));
#10051 = DIRECTION('',(0.,0.,1.));
#10052 = DIRECTION('',(1.,0.,-0.));
#10053 = ADVANCED_FACE('',(#10054),#10072,.T.);
#10054 = FACE_BOUND('',#10055,.T.);
#10055 = EDGE_LOOP('',(#10056,#10064,#10065,#10066));
#10056 = ORIENTED_EDGE('',*,*,#10057,.F.);
#10057 = EDGE_CURVE('',#3212,#10058,#10060,.T.);
#10058 = VERTEX_POINT('',#10059);
#10059 = CARTESIAN_POINT('',(-10.5,-1.769899989998,0.));
#10060 = LINE('',#10061,#10062);
#10061 = CARTESIAN_POINT('',(-10.5,-25.,0.));
#10062 = VECTOR('',#10063,1.);
#10063 = DIRECTION('',(0.,1.,0.));
#10064 = ORIENTED_EDGE('',*,*,#3226,.T.);
#10065 = ORIENTED_EDGE('',*,*,#3240,.T.);
#10066 = ORIENTED_EDGE('',*,*,#10067,.F.);
#10067 = EDGE_CURVE('',#10058,#3241,#10068,.T.);
#10068 = LINE('',#10069,#10070);
#10069 = CARTESIAN_POINT('',(-10.5,-1.769899989998,55.905302825492));
#10070 = VECTOR('',#10071,1.);
#10071 = DIRECTION('',(0.,0.,1.));
#10072 = PLANE('',#10073);
#10073 = AXIS2_PLACEMENT_3D('',#10074,#10075,#10076);
#10074 = CARTESIAN_POINT('',(-10.5,-25.,0.));
#10075 = DIRECTION('',(-1.,0.,0.));
#10076 = DIRECTION('',(0.,1.,0.));
#10077 = ADVANCED_FACE('',(#10078),#10097,.F.);
#10078 = FACE_BOUND('',#10079,.F.);
#10079 = EDGE_LOOP('',(#10080,#10089,#10095,#10096));
#10080 = ORIENTED_EDGE('',*,*,#10081,.T.);
#10081 = EDGE_CURVE('',#10058,#10082,#10084,.T.);
#10082 = VERTEX_POINT('',#10083);
#10083 = CARTESIAN_POINT('',(-10.5,-0.770100010002,0.));
#10084 = CIRCLE('',#10085,0.5);
#10085 = AXIS2_PLACEMENT_3D('',#10086,#10087,#10088);
#10086 = CARTESIAN_POINT('',(-10.49,-1.27,0.));
#10087 = DIRECTION('',(0.,0.,1.));
#10088 = DIRECTION('',(1.,0.,-0.));
#10089 = ORIENTED_EDGE('',*,*,#10090,.T.);
#10090 = EDGE_CURVE('',#10082,#3252,#10091,.T.);
#10091 = LINE('',#10092,#10093);
#10092 = CARTESIAN_POINT('',(-10.5,-0.770100010002,55.905302825492));
#10093 = VECTOR('',#10094,1.);
#10094 = DIRECTION('',(0.,0.,1.));
#10095 = ORIENTED_EDGE('',*,*,#3259,.F.);
#10096 = ORIENTED_EDGE('',*,*,#10067,.F.);
#10097 = CYLINDRICAL_SURFACE('',#10098,0.5);
#10098 = AXIS2_PLACEMENT_3D('',#10099,#10100,#10101);
#10099 = CARTESIAN_POINT('',(-10.49,-1.27,55.905302825492));
#10100 = DIRECTION('',(0.,0.,1.));
#10101 = DIRECTION('',(1.,0.,-0.));
#10102 = ADVANCED_FACE('',(#10103),#10114,.T.);
#10103 = FACE_BOUND('',#10104,.T.);
#10104 = EDGE_LOOP('',(#10105,#10111,#10112,#10113));
#10105 = ORIENTED_EDGE('',*,*,#10106,.F.);
#10106 = EDGE_CURVE('',#10082,#3286,#10107,.T.);
#10107 = LINE('',#10108,#10109);
#10108 = CARTESIAN_POINT('',(-10.5,-25.,0.));
#10109 = VECTOR('',#10110,1.);
#10110 = DIRECTION('',(0.,1.,0.));
#10111 = ORIENTED_EDGE('',*,*,#10090,.T.);
#10112 = ORIENTED_EDGE('',*,*,#3251,.T.);
#10113 = ORIENTED_EDGE('',*,*,#3295,.F.);
#10114 = PLANE('',#10115);
#10115 = AXIS2_PLACEMENT_3D('',#10116,#10117,#10118);
#10116 = CARTESIAN_POINT('',(-10.5,-25.,0.));
#10117 = DIRECTION('',(-1.,0.,0.));
#10118 = DIRECTION('',(0.,1.,0.));
#10119 = ADVANCED_FACE('',(#10120),#10139,.F.);
#10120 = FACE_BOUND('',#10121,.F.);
#10121 = EDGE_LOOP('',(#10122,#10130,#10131,#10132));
#10122 = ORIENTED_EDGE('',*,*,#10123,.F.);
#10123 = EDGE_CURVE('',#3269,#10124,#10126,.T.);
#10124 = VERTEX_POINT('',#10125);
#10125 = CARTESIAN_POINT('',(-9.39,-1.27,1.E-15));
#10126 = LINE('',#10127,#10128);
#10127 = CARTESIAN_POINT('',(-9.39,-1.27,55.715027595793));
#10128 = VECTOR('',#10129,1.);
#10129 = DIRECTION('',(2.2E-16,0.,-1.));
#10130 = ORIENTED_EDGE('',*,*,#3268,.F.);
#10131 = ORIENTED_EDGE('',*,*,#10123,.T.);
#10132 = ORIENTED_EDGE('',*,*,#10133,.T.);
#10133 = EDGE_CURVE('',#10124,#10124,#10134,.T.);
#10134 = CIRCLE('',#10135,0.5);
#10135 = AXIS2_PLACEMENT_3D('',#10136,#10137,#10138);
#10136 = CARTESIAN_POINT('',(-8.89,-1.27,3.E-15));
#10137 = DIRECTION('',(0.,0.,1.));
#10138 = DIRECTION('',(1.,0.,-0.));
#10139 = CYLINDRICAL_SURFACE('',#10140,0.5);
#10140 = AXIS2_PLACEMENT_3D('',#10141,#10142,#10143);
#10141 = CARTESIAN_POINT('',(-8.89,-1.27,55.715027595793));
#10142 = DIRECTION('',(0.,0.,1.));
#10143 = DIRECTION('',(1.,0.,-0.));
#10144 = ADVANCED_FACE('',(#10145),#10163,.T.);
#10145 = FACE_BOUND('',#10146,.T.);
#10146 = EDGE_LOOP('',(#10147,#10155,#10156,#10157));
#10147 = ORIENTED_EDGE('',*,*,#10148,.F.);
#10148 = EDGE_CURVE('',#3288,#10149,#10151,.T.);
#10149 = VERTEX_POINT('',#10150);
#10150 = CARTESIAN_POINT('',(-10.5,0.770100010002,0.));
#10151 = LINE('',#10152,#10153);
#10152 = CARTESIAN_POINT('',(-10.5,-25.,0.));
#10153 = VECTOR('',#10154,1.);
#10154 = DIRECTION('',(0.,1.,0.));
#10155 = ORIENTED_EDGE('',*,*,#3302,.T.);
#10156 = ORIENTED_EDGE('',*,*,#3316,.T.);
#10157 = ORIENTED_EDGE('',*,*,#10158,.F.);
#10158 = EDGE_CURVE('',#10149,#3317,#10159,.T.);
#10159 = LINE('',#10160,#10161);
#10160 = CARTESIAN_POINT('',(-10.5,0.770100010002,55.905302825492));
#10161 = VECTOR('',#10162,1.);
#10162 = DIRECTION('',(0.,0.,1.));
#10163 = PLANE('',#10164);
#10164 = AXIS2_PLACEMENT_3D('',#10165,#10166,#10167);
#10165 = CARTESIAN_POINT('',(-10.5,-25.,0.));
#10166 = DIRECTION('',(-1.,0.,0.));
#10167 = DIRECTION('',(0.,1.,0.));
#10168 = ADVANCED_FACE('',(#10169),#10188,.F.);
#10169 = FACE_BOUND('',#10170,.F.);
#10170 = EDGE_LOOP('',(#10171,#10180,#10186,#10187));
#10171 = ORIENTED_EDGE('',*,*,#10172,.T.);
#10172 = EDGE_CURVE('',#10149,#10173,#10175,.T.);
#10173 = VERTEX_POINT('',#10174);
#10174 = CARTESIAN_POINT('',(-10.5,1.769899989998,0.));
#10175 = CIRCLE('',#10176,0.5);
#10176 = AXIS2_PLACEMENT_3D('',#10177,#10178,#10179);
#10177 = CARTESIAN_POINT('',(-10.49,1.27,0.));
#10178 = DIRECTION('',(0.,0.,1.));
#10179 = DIRECTION('',(1.,0.,-0.));
#10180 = ORIENTED_EDGE('',*,*,#10181,.T.);
#10181 = EDGE_CURVE('',#10173,#3328,#10182,.T.);
#10182 = LINE('',#10183,#10184);
#10183 = CARTESIAN_POINT('',(-10.5,1.769899989998,55.905302825492));
#10184 = VECTOR('',#10185,1.);
#10185 = DIRECTION('',(0.,0.,1.));
#10186 = ORIENTED_EDGE('',*,*,#3335,.F.);
#10187 = ORIENTED_EDGE('',*,*,#10158,.F.);
#10188 = CYLINDRICAL_SURFACE('',#10189,0.5);
#10189 = AXIS2_PLACEMENT_3D('',#10190,#10191,#10192);
#10190 = CARTESIAN_POINT('',(-10.49,1.27,55.905302825492));
#10191 = DIRECTION('',(0.,0.,1.));
#10192 = DIRECTION('',(1.,0.,-0.));
#10193 = ADVANCED_FACE('',(#10194),#10205,.T.);
#10194 = FACE_BOUND('',#10195,.T.);
#10195 = EDGE_LOOP('',(#10196,#10202,#10203,#10204));
#10196 = ORIENTED_EDGE('',*,*,#10197,.F.);
#10197 = EDGE_CURVE('',#10173,#3362,#10198,.T.);
#10198 = LINE('',#10199,#10200);
#10199 = CARTESIAN_POINT('',(-10.5,-25.,0.));
#10200 = VECTOR('',#10201,1.);
#10201 = DIRECTION('',(0.,1.,0.));
#10202 = ORIENTED_EDGE('',*,*,#10181,.T.);
#10203 = ORIENTED_EDGE('',*,*,#3327,.T.);
#10204 = ORIENTED_EDGE('',*,*,#3371,.F.);
#10205 = PLANE('',#10206);
#10206 = AXIS2_PLACEMENT_3D('',#10207,#10208,#10209);
#10207 = CARTESIAN_POINT('',(-10.5,-25.,0.));
#10208 = DIRECTION('',(-1.,0.,0.));
#10209 = DIRECTION('',(0.,1.,0.));
#10210 = ADVANCED_FACE('',(#10211),#10230,.F.);
#10211 = FACE_BOUND('',#10212,.F.);
#10212 = EDGE_LOOP('',(#10213,#10221,#10222,#10223));
#10213 = ORIENTED_EDGE('',*,*,#10214,.F.);
#10214 = EDGE_CURVE('',#3345,#10215,#10217,.T.);
#10215 = VERTEX_POINT('',#10216);
#10216 = CARTESIAN_POINT('',(-9.39,1.27,1.E-15));
#10217 = LINE('',#10218,#10219);
#10218 = CARTESIAN_POINT('',(-9.39,1.27,55.715027595793));
#10219 = VECTOR('',#10220,1.);
#10220 = DIRECTION('',(2.2E-16,0.,-1.));
#10221 = ORIENTED_EDGE('',*,*,#3344,.F.);
#10222 = ORIENTED_EDGE('',*,*,#10214,.T.);
#10223 = ORIENTED_EDGE('',*,*,#10224,.T.);
#10224 = EDGE_CURVE('',#10215,#10215,#10225,.T.);
#10225 = CIRCLE('',#10226,0.5);
#10226 = AXIS2_PLACEMENT_3D('',#10227,#10228,#10229);
#10227 = CARTESIAN_POINT('',(-8.89,1.27,3.E-15));
#10228 = DIRECTION('',(0.,0.,1.));
#10229 = DIRECTION('',(1.,0.,-0.));
#10230 = CYLINDRICAL_SURFACE('',#10231,0.5);
#10231 = AXIS2_PLACEMENT_3D('',#10232,#10233,#10234);
#10232 = CARTESIAN_POINT('',(-8.89,1.27,55.715027595793));
#10233 = DIRECTION('',(0.,0.,1.));
#10234 = DIRECTION('',(1.,0.,-0.));
#10235 = ADVANCED_FACE('',(#10236),#10254,.T.);
#10236 = FACE_BOUND('',#10237,.T.);
#10237 = EDGE_LOOP('',(#10238,#10246,#10247,#10248));
#10238 = ORIENTED_EDGE('',*,*,#10239,.F.);
#10239 = EDGE_CURVE('',#3364,#10240,#10242,.T.);
#10240 = VERTEX_POINT('',#10241);
#10241 = CARTESIAN_POINT('',(-10.5,3.310100010002,0.));
#10242 = LINE('',#10243,#10244);
#10243 = CARTESIAN_POINT('',(-10.5,-25.,0.));
#10244 = VECTOR('',#10245,1.);
#10245 = DIRECTION('',(0.,1.,0.));
#10246 = ORIENTED_EDGE('',*,*,#3378,.T.);
#10247 = ORIENTED_EDGE('',*,*,#3392,.T.);
#10248 = ORIENTED_EDGE('',*,*,#10249,.F.);
#10249 = EDGE_CURVE('',#10240,#3393,#10250,.T.);
#10250 = LINE('',#10251,#10252);
#10251 = CARTESIAN_POINT('',(-10.5,3.310100010002,55.905302825492));
#10252 = VECTOR('',#10253,1.);
#10253 = DIRECTION('',(0.,0.,1.));
#10254 = PLANE('',#10255);
#10255 = AXIS2_PLACEMENT_3D('',#10256,#10257,#10258);
#10256 = CARTESIAN_POINT('',(-10.5,-25.,0.));
#10257 = DIRECTION('',(-1.,0.,0.));
#10258 = DIRECTION('',(0.,1.,0.));
#10259 = ADVANCED_FACE('',(#10260),#10279,.F.);
#10260 = FACE_BOUND('',#10261,.F.);
#10261 = EDGE_LOOP('',(#10262,#10271,#10277,#10278));
#10262 = ORIENTED_EDGE('',*,*,#10263,.T.);
#10263 = EDGE_CURVE('',#10240,#10264,#10266,.T.);
#10264 = VERTEX_POINT('',#10265);
#10265 = CARTESIAN_POINT('',(-10.5,4.309899989998,0.));
#10266 = CIRCLE('',#10267,0.5);
#10267 = AXIS2_PLACEMENT_3D('',#10268,#10269,#10270);
#10268 = CARTESIAN_POINT('',(-10.49,3.81,0.));
#10269 = DIRECTION('',(0.,0.,1.));
#10270 = DIRECTION('',(1.,0.,-0.));
#10271 = ORIENTED_EDGE('',*,*,#10272,.T.);
#10272 = EDGE_CURVE('',#10264,#3404,#10273,.T.);
#10273 = LINE('',#10274,#10275);
#10274 = CARTESIAN_POINT('',(-10.5,4.309899989998,55.905302825492));
#10275 = VECTOR('',#10276,1.);
#10276 = DIRECTION('',(0.,0.,1.));
#10277 = ORIENTED_EDGE('',*,*,#3411,.F.);
#10278 = ORIENTED_EDGE('',*,*,#10249,.F.);
#10279 = CYLINDRICAL_SURFACE('',#10280,0.5);
#10280 = AXIS2_PLACEMENT_3D('',#10281,#10282,#10283);
#10281 = CARTESIAN_POINT('',(-10.49,3.81,55.905302825492));
#10282 = DIRECTION('',(0.,0.,1.));
#10283 = DIRECTION('',(1.,0.,-0.));
#10284 = ADVANCED_FACE('',(#10285),#10296,.T.);
#10285 = FACE_BOUND('',#10286,.T.);
#10286 = EDGE_LOOP('',(#10287,#10293,#10294,#10295));
#10287 = ORIENTED_EDGE('',*,*,#10288,.F.);
#10288 = EDGE_CURVE('',#10264,#3438,#10289,.T.);
#10289 = LINE('',#10290,#10291);
#10290 = CARTESIAN_POINT('',(-10.5,-25.,0.));
#10291 = VECTOR('',#10292,1.);
#10292 = DIRECTION('',(0.,1.,0.));
#10293 = ORIENTED_EDGE('',*,*,#10272,.T.);
#10294 = ORIENTED_EDGE('',*,*,#3403,.T.);
#10295 = ORIENTED_EDGE('',*,*,#3447,.F.);
#10296 = PLANE('',#10297);
#10297 = AXIS2_PLACEMENT_3D('',#10298,#10299,#10300);
#10298 = CARTESIAN_POINT('',(-10.5,-25.,0.));
#10299 = DIRECTION('',(-1.,0.,0.));
#10300 = DIRECTION('',(0.,1.,0.));
#10301 = ADVANCED_FACE('',(#10302),#10321,.F.);
#10302 = FACE_BOUND('',#10303,.F.);
#10303 = EDGE_LOOP('',(#10304,#10312,#10313,#10314));
#10304 = ORIENTED_EDGE('',*,*,#10305,.F.);
#10305 = EDGE_CURVE('',#3421,#10306,#10308,.T.);
#10306 = VERTEX_POINT('',#10307);
#10307 = CARTESIAN_POINT('',(-9.39,3.81,1.E-15));
#10308 = LINE('',#10309,#10310);
#10309 = CARTESIAN_POINT('',(-9.39,3.81,55.715027595793));
#10310 = VECTOR('',#10311,1.);
#10311 = DIRECTION('',(2.2E-16,0.,-1.));
#10312 = ORIENTED_EDGE('',*,*,#3420,.F.);
#10313 = ORIENTED_EDGE('',*,*,#10305,.T.);
#10314 = ORIENTED_EDGE('',*,*,#10315,.T.);
#10315 = EDGE_CURVE('',#10306,#10306,#10316,.T.);
#10316 = CIRCLE('',#10317,0.5);
#10317 = AXIS2_PLACEMENT_3D('',#10318,#10319,#10320);
#10318 = CARTESIAN_POINT('',(-8.89,3.81,2.E-15));
#10319 = DIRECTION('',(0.,0.,1.));
#10320 = DIRECTION('',(1.,0.,-0.));
#10321 = CYLINDRICAL_SURFACE('',#10322,0.5);
#10322 = AXIS2_PLACEMENT_3D('',#10323,#10324,#10325);
#10323 = CARTESIAN_POINT('',(-8.89,3.81,55.715027595793));
#10324 = DIRECTION('',(0.,0.,1.));
#10325 = DIRECTION('',(1.,0.,-0.));
#10326 = ADVANCED_FACE('',(#10327),#10345,.T.);
#10327 = FACE_BOUND('',#10328,.T.);
#10328 = EDGE_LOOP('',(#10329,#10337,#10338,#10339));
#10329 = ORIENTED_EDGE('',*,*,#10330,.F.);
#10330 = EDGE_CURVE('',#3440,#10331,#10333,.T.);
#10331 = VERTEX_POINT('',#10332);
#10332 = CARTESIAN_POINT('',(-10.5,5.850100010002,0.));
#10333 = LINE('',#10334,#10335);
#10334 = CARTESIAN_POINT('',(-10.5,-25.,0.));
#10335 = VECTOR('',#10336,1.);
#10336 = DIRECTION('',(0.,1.,0.));
#10337 = ORIENTED_EDGE('',*,*,#3454,.T.);
#10338 = ORIENTED_EDGE('',*,*,#3468,.T.);
#10339 = ORIENTED_EDGE('',*,*,#10340,.F.);
#10340 = EDGE_CURVE('',#10331,#3469,#10341,.T.);
#10341 = LINE('',#10342,#10343);
#10342 = CARTESIAN_POINT('',(-10.5,5.850100010002,55.905302825492));
#10343 = VECTOR('',#10344,1.);
#10344 = DIRECTION('',(0.,0.,1.));
#10345 = PLANE('',#10346);
#10346 = AXIS2_PLACEMENT_3D('',#10347,#10348,#10349);
#10347 = CARTESIAN_POINT('',(-10.5,-25.,0.));
#10348 = DIRECTION('',(-1.,0.,0.));
#10349 = DIRECTION('',(0.,1.,0.));
#10350 = ADVANCED_FACE('',(#10351),#10370,.F.);
#10351 = FACE_BOUND('',#10352,.F.);
#10352 = EDGE_LOOP('',(#10353,#10362,#10368,#10369));
#10353 = ORIENTED_EDGE('',*,*,#10354,.T.);
#10354 = EDGE_CURVE('',#10331,#10355,#10357,.T.);
#10355 = VERTEX_POINT('',#10356);
#10356 = CARTESIAN_POINT('',(-10.5,6.849899989998,0.));
#10357 = CIRCLE('',#10358,0.5);
#10358 = AXIS2_PLACEMENT_3D('',#10359,#10360,#10361);
#10359 = CARTESIAN_POINT('',(-10.49,6.35,0.));
#10360 = DIRECTION('',(0.,0.,1.));
#10361 = DIRECTION('',(1.,0.,-0.));
#10362 = ORIENTED_EDGE('',*,*,#10363,.T.);
#10363 = EDGE_CURVE('',#10355,#3482,#10364,.T.);
#10364 = LINE('',#10365,#10366);
#10365 = CARTESIAN_POINT('',(-10.5,6.849899989998,55.905302825492));
#10366 = VECTOR('',#10367,1.);
#10367 = DIRECTION('',(0.,0.,1.));
#10368 = ORIENTED_EDGE('',*,*,#3489,.F.);
#10369 = ORIENTED_EDGE('',*,*,#10340,.F.);
#10370 = CYLINDRICAL_SURFACE('',#10371,0.5);
#10371 = AXIS2_PLACEMENT_3D('',#10372,#10373,#10374);
#10372 = CARTESIAN_POINT('',(-10.49,6.35,55.905302825492));
#10373 = DIRECTION('',(0.,0.,1.));
#10374 = DIRECTION('',(1.,0.,-0.));
#10375 = ADVANCED_FACE('',(#10376),#10387,.T.);
#10376 = FACE_BOUND('',#10377,.T.);
#10377 = EDGE_LOOP('',(#10378,#10384,#10385,#10386));
#10378 = ORIENTED_EDGE('',*,*,#10379,.F.);
#10379 = EDGE_CURVE('',#10355,#3516,#10380,.T.);
#10380 = LINE('',#10381,#10382);
#10381 = CARTESIAN_POINT('',(-10.5,-25.,0.));
#10382 = VECTOR('',#10383,1.);
#10383 = DIRECTION('',(0.,1.,0.));
#10384 = ORIENTED_EDGE('',*,*,#10363,.T.);
#10385 = ORIENTED_EDGE('',*,*,#3481,.T.);
#10386 = ORIENTED_EDGE('',*,*,#3525,.F.);
#10387 = PLANE('',#10388);
#10388 = AXIS2_PLACEMENT_3D('',#10389,#10390,#10391);
#10389 = CARTESIAN_POINT('',(-10.5,-25.,0.));
#10390 = DIRECTION('',(-1.,0.,0.));
#10391 = DIRECTION('',(0.,1.,0.));
#10392 = ADVANCED_FACE('',(#10393),#10412,.F.);
#10393 = FACE_BOUND('',#10394,.F.);
#10394 = EDGE_LOOP('',(#10395,#10403,#10404,#10405));
#10395 = ORIENTED_EDGE('',*,*,#10396,.F.);
#10396 = EDGE_CURVE('',#3499,#10397,#10399,.T.);
#10397 = VERTEX_POINT('',#10398);
#10398 = CARTESIAN_POINT('',(-9.39,6.35,1.E-15));
#10399 = LINE('',#10400,#10401);
#10400 = CARTESIAN_POINT('',(-9.39,6.35,55.715027595793));
#10401 = VECTOR('',#10402,1.);
#10402 = DIRECTION('',(2.2E-16,0.,-1.));
#10403 = ORIENTED_EDGE('',*,*,#3498,.F.);
#10404 = ORIENTED_EDGE('',*,*,#10396,.T.);
#10405 = ORIENTED_EDGE('',*,*,#10406,.T.);
#10406 = EDGE_CURVE('',#10397,#10397,#10407,.T.);
#10407 = CIRCLE('',#10408,0.5);
#10408 = AXIS2_PLACEMENT_3D('',#10409,#10410,#10411);
#10409 = CARTESIAN_POINT('',(-8.89,6.35,0.));
#10410 = DIRECTION('',(0.,0.,1.));
#10411 = DIRECTION('',(1.,0.,-0.));
#10412 = CYLINDRICAL_SURFACE('',#10413,0.5);
#10413 = AXIS2_PLACEMENT_3D('',#10414,#10415,#10416);
#10414 = CARTESIAN_POINT('',(-8.89,6.35,55.715027595793));
#10415 = DIRECTION('',(0.,0.,1.));
#10416 = DIRECTION('',(1.,0.,-0.));
#10417 = ADVANCED_FACE('',(#10418),#10436,.T.);
#10418 = FACE_BOUND('',#10419,.T.);
#10419 = EDGE_LOOP('',(#10420,#10428,#10429,#10430));
#10420 = ORIENTED_EDGE('',*,*,#10421,.F.);
#10421 = EDGE_CURVE('',#3518,#10422,#10424,.T.);
#10422 = VERTEX_POINT('',#10423);
#10423 = CARTESIAN_POINT('',(-10.5,8.390100010002,0.));
#10424 = LINE('',#10425,#10426);
#10425 = CARTESIAN_POINT('',(-10.5,-25.,0.));
#10426 = VECTOR('',#10427,1.);
#10427 = DIRECTION('',(0.,1.,0.));
#10428 = ORIENTED_EDGE('',*,*,#3532,.T.);
#10429 = ORIENTED_EDGE('',*,*,#3546,.T.);
#10430 = ORIENTED_EDGE('',*,*,#10431,.F.);
#10431 = EDGE_CURVE('',#10422,#3547,#10432,.T.);
#10432 = LINE('',#10433,#10434);
#10433 = CARTESIAN_POINT('',(-10.5,8.390100010002,55.905302825492));
#10434 = VECTOR('',#10435,1.);
#10435 = DIRECTION('',(0.,0.,1.));
#10436 = PLANE('',#10437);
#10437 = AXIS2_PLACEMENT_3D('',#10438,#10439,#10440);
#10438 = CARTESIAN_POINT('',(-10.5,-25.,0.));
#10439 = DIRECTION('',(-1.,0.,0.));
#10440 = DIRECTION('',(0.,1.,0.));
#10441 = ADVANCED_FACE('',(#10442),#10461,.F.);
#10442 = FACE_BOUND('',#10443,.F.);
#10443 = EDGE_LOOP('',(#10444,#10453,#10459,#10460));
#10444 = ORIENTED_EDGE('',*,*,#10445,.T.);
#10445 = EDGE_CURVE('',#10422,#10446,#10448,.T.);
#10446 = VERTEX_POINT('',#10447);
#10447 = CARTESIAN_POINT('',(-10.5,9.389899989998,0.));
#10448 = CIRCLE('',#10449,0.5);
#10449 = AXIS2_PLACEMENT_3D('',#10450,#10451,#10452);
#10450 = CARTESIAN_POINT('',(-10.49,8.89,0.));
#10451 = DIRECTION('',(0.,0.,1.));
#10452 = DIRECTION('',(1.,0.,-0.));
#10453 = ORIENTED_EDGE('',*,*,#10454,.T.);
#10454 = EDGE_CURVE('',#10446,#3558,#10455,.T.);
#10455 = LINE('',#10456,#10457);
#10456 = CARTESIAN_POINT('',(-10.5,9.389899989998,55.905302825492));
#10457 = VECTOR('',#10458,1.);
#10458 = DIRECTION('',(0.,0.,1.));
#10459 = ORIENTED_EDGE('',*,*,#3565,.F.);
#10460 = ORIENTED_EDGE('',*,*,#10431,.F.);
#10461 = CYLINDRICAL_SURFACE('',#10462,0.5);
#10462 = AXIS2_PLACEMENT_3D('',#10463,#10464,#10465);
#10463 = CARTESIAN_POINT('',(-10.49,8.89,55.905302825492));
#10464 = DIRECTION('',(0.,0.,1.));
#10465 = DIRECTION('',(1.,0.,-0.));
#10466 = ADVANCED_FACE('',(#10467),#10478,.T.);
#10467 = FACE_BOUND('',#10468,.T.);
#10468 = EDGE_LOOP('',(#10469,#10475,#10476,#10477));
#10469 = ORIENTED_EDGE('',*,*,#10470,.F.);
#10470 = EDGE_CURVE('',#10446,#3592,#10471,.T.);
#10471 = LINE('',#10472,#10473);
#10472 = CARTESIAN_POINT('',(-10.5,-25.,0.));
#10473 = VECTOR('',#10474,1.);
#10474 = DIRECTION('',(0.,1.,0.));
#10475 = ORIENTED_EDGE('',*,*,#10454,.T.);
#10476 = ORIENTED_EDGE('',*,*,#3557,.T.);
#10477 = ORIENTED_EDGE('',*,*,#3601,.F.);
#10478 = PLANE('',#10479);
#10479 = AXIS2_PLACEMENT_3D('',#10480,#10481,#10482);
#10480 = CARTESIAN_POINT('',(-10.5,-25.,0.));
#10481 = DIRECTION('',(-1.,0.,0.));
#10482 = DIRECTION('',(0.,1.,0.));
#10483 = ADVANCED_FACE('',(#10484),#10503,.F.);
#10484 = FACE_BOUND('',#10485,.F.);
#10485 = EDGE_LOOP('',(#10486,#10494,#10495,#10496));
#10486 = ORIENTED_EDGE('',*,*,#10487,.F.);
#10487 = EDGE_CURVE('',#3575,#10488,#10490,.T.);
#10488 = VERTEX_POINT('',#10489);
#10489 = CARTESIAN_POINT('',(-9.39,8.89,1.E-15));
#10490 = LINE('',#10491,#10492);
#10491 = CARTESIAN_POINT('',(-9.39,8.89,55.715027595793));
#10492 = VECTOR('',#10493,1.);
#10493 = DIRECTION('',(2.2E-16,0.,-1.));
#10494 = ORIENTED_EDGE('',*,*,#3574,.F.);
#10495 = ORIENTED_EDGE('',*,*,#10487,.T.);
#10496 = ORIENTED_EDGE('',*,*,#10497,.T.);
#10497 = EDGE_CURVE('',#10488,#10488,#10498,.T.);
#10498 = CIRCLE('',#10499,0.5);
#10499 = AXIS2_PLACEMENT_3D('',#10500,#10501,#10502);
#10500 = CARTESIAN_POINT('',(-8.89,8.89,2.E-15));
#10501 = DIRECTION('',(0.,0.,1.));
#10502 = DIRECTION('',(1.,0.,-0.));
#10503 = CYLINDRICAL_SURFACE('',#10504,0.5);
#10504 = AXIS2_PLACEMENT_3D('',#10505,#10506,#10507);
#10505 = CARTESIAN_POINT('',(-8.89,8.89,55.715027595793));
#10506 = DIRECTION('',(0.,0.,1.));
#10507 = DIRECTION('',(1.,0.,-0.));
#10508 = ADVANCED_FACE('',(#10509),#10527,.T.);
#10509 = FACE_BOUND('',#10510,.T.);
#10510 = EDGE_LOOP('',(#10511,#10519,#10520,#10521));
#10511 = ORIENTED_EDGE('',*,*,#10512,.F.);
#10512 = EDGE_CURVE('',#3594,#10513,#10515,.T.);
#10513 = VERTEX_POINT('',#10514);
#10514 = CARTESIAN_POINT('',(-10.5,10.930100010002,0.));
#10515 = LINE('',#10516,#10517);
#10516 = CARTESIAN_POINT('',(-10.5,-25.,0.));
#10517 = VECTOR('',#10518,1.);
#10518 = DIRECTION('',(0.,1.,0.));
#10519 = ORIENTED_EDGE('',*,*,#3608,.T.);
#10520 = ORIENTED_EDGE('',*,*,#3622,.T.);
#10521 = ORIENTED_EDGE('',*,*,#10522,.F.);
#10522 = EDGE_CURVE('',#10513,#3623,#10523,.T.);
#10523 = LINE('',#10524,#10525);
#10524 = CARTESIAN_POINT('',(-10.5,10.930100010002,55.905302825492));
#10525 = VECTOR('',#10526,1.);
#10526 = DIRECTION('',(0.,0.,1.));
#10527 = PLANE('',#10528);
#10528 = AXIS2_PLACEMENT_3D('',#10529,#10530,#10531);
#10529 = CARTESIAN_POINT('',(-10.5,-25.,0.));
#10530 = DIRECTION('',(-1.,0.,0.));
#10531 = DIRECTION('',(0.,1.,0.));
#10532 = ADVANCED_FACE('',(#10533),#10552,.F.);
#10533 = FACE_BOUND('',#10534,.F.);
#10534 = EDGE_LOOP('',(#10535,#10544,#10550,#10551));
#10535 = ORIENTED_EDGE('',*,*,#10536,.T.);
#10536 = EDGE_CURVE('',#10513,#10537,#10539,.T.);
#10537 = VERTEX_POINT('',#10538);
#10538 = CARTESIAN_POINT('',(-10.5,11.929899989998,0.));
#10539 = CIRCLE('',#10540,0.5);
#10540 = AXIS2_PLACEMENT_3D('',#10541,#10542,#10543);
#10541 = CARTESIAN_POINT('',(-10.49,11.43,0.));
#10542 = DIRECTION('',(0.,0.,1.));
#10543 = DIRECTION('',(1.,0.,-0.));
#10544 = ORIENTED_EDGE('',*,*,#10545,.T.);
#10545 = EDGE_CURVE('',#10537,#3634,#10546,.T.);
#10546 = LINE('',#10547,#10548);
#10547 = CARTESIAN_POINT('',(-10.5,11.929899989998,55.905302825492));
#10548 = VECTOR('',#10549,1.);
#10549 = DIRECTION('',(0.,0.,1.));
#10550 = ORIENTED_EDGE('',*,*,#3641,.F.);
#10551 = ORIENTED_EDGE('',*,*,#10522,.F.);
#10552 = CYLINDRICAL_SURFACE('',#10553,0.5);
#10553 = AXIS2_PLACEMENT_3D('',#10554,#10555,#10556);
#10554 = CARTESIAN_POINT('',(-10.49,11.43,55.905302825492));
#10555 = DIRECTION('',(0.,0.,1.));
#10556 = DIRECTION('',(1.,0.,-0.));
#10557 = ADVANCED_FACE('',(#10558),#10569,.T.);
#10558 = FACE_BOUND('',#10559,.T.);
#10559 = EDGE_LOOP('',(#10560,#10566,#10567,#10568));
#10560 = ORIENTED_EDGE('',*,*,#10561,.F.);
#10561 = EDGE_CURVE('',#10537,#3668,#10562,.T.);
#10562 = LINE('',#10563,#10564);
#10563 = CARTESIAN_POINT('',(-10.5,-25.,0.));
#10564 = VECTOR('',#10565,1.);
#10565 = DIRECTION('',(0.,1.,0.));
#10566 = ORIENTED_EDGE('',*,*,#10545,.T.);
#10567 = ORIENTED_EDGE('',*,*,#3633,.T.);
#10568 = ORIENTED_EDGE('',*,*,#3677,.F.);
#10569 = PLANE('',#10570);
#10570 = AXIS2_PLACEMENT_3D('',#10571,#10572,#10573);
#10571 = CARTESIAN_POINT('',(-10.5,-25.,0.));
#10572 = DIRECTION('',(-1.,0.,0.));
#10573 = DIRECTION('',(0.,1.,0.));
#10574 = ADVANCED_FACE('',(#10575),#10594,.F.);
#10575 = FACE_BOUND('',#10576,.F.);
#10576 = EDGE_LOOP('',(#10577,#10585,#10586,#10587));
#10577 = ORIENTED_EDGE('',*,*,#10578,.F.);
#10578 = EDGE_CURVE('',#3651,#10579,#10581,.T.);
#10579 = VERTEX_POINT('',#10580);
#10580 = CARTESIAN_POINT('',(-9.39,11.43,1.E-15));
#10581 = LINE('',#10582,#10583);
#10582 = CARTESIAN_POINT('',(-9.39,11.43,55.715027595793));
#10583 = VECTOR('',#10584,1.);
#10584 = DIRECTION('',(2.2E-16,0.,-1.));
#10585 = ORIENTED_EDGE('',*,*,#3650,.F.);
#10586 = ORIENTED_EDGE('',*,*,#10578,.T.);
#10587 = ORIENTED_EDGE('',*,*,#10588,.T.);
#10588 = EDGE_CURVE('',#10579,#10579,#10589,.T.);
#10589 = CIRCLE('',#10590,0.5);
#10590 = AXIS2_PLACEMENT_3D('',#10591,#10592,#10593);
#10591 = CARTESIAN_POINT('',(-8.89,11.43,1.E-15));
#10592 = DIRECTION('',(0.,0.,1.));
#10593 = DIRECTION('',(1.,0.,-0.));
#10594 = CYLINDRICAL_SURFACE('',#10595,0.5);
#10595 = AXIS2_PLACEMENT_3D('',#10596,#10597,#10598);
#10596 = CARTESIAN_POINT('',(-8.89,11.43,55.715027595793));
#10597 = DIRECTION('',(0.,0.,1.));
#10598 = DIRECTION('',(1.,0.,-0.));
#10599 = ADVANCED_FACE('',(#10600),#10618,.T.);
#10600 = FACE_BOUND('',#10601,.T.);
#10601 = EDGE_LOOP('',(#10602,#10610,#10611,#10612));
#10602 = ORIENTED_EDGE('',*,*,#10603,.F.);
#10603 = EDGE_CURVE('',#3670,#10604,#10606,.T.);
#10604 = VERTEX_POINT('',#10605);
#10605 = CARTESIAN_POINT('',(-10.5,13.470100010002,0.));
#10606 = LINE('',#10607,#10608);
#10607 = CARTESIAN_POINT('',(-10.5,-25.,0.));
#10608 = VECTOR('',#10609,1.);
#10609 = DIRECTION('',(0.,1.,0.));
#10610 = ORIENTED_EDGE('',*,*,#3684,.T.);
#10611 = ORIENTED_EDGE('',*,*,#3698,.T.);
#10612 = ORIENTED_EDGE('',*,*,#10613,.F.);
#10613 = EDGE_CURVE('',#10604,#3699,#10614,.T.);
#10614 = LINE('',#10615,#10616);
#10615 = CARTESIAN_POINT('',(-10.5,13.470100010002,55.905302825492));
#10616 = VECTOR('',#10617,1.);
#10617 = DIRECTION('',(0.,0.,1.));
#10618 = PLANE('',#10619);
#10619 = AXIS2_PLACEMENT_3D('',#10620,#10621,#10622);
#10620 = CARTESIAN_POINT('',(-10.5,-25.,0.));
#10621 = DIRECTION('',(-1.,0.,0.));
#10622 = DIRECTION('',(0.,1.,0.));
#10623 = ADVANCED_FACE('',(#10624),#10643,.F.);
#10624 = FACE_BOUND('',#10625,.F.);
#10625 = EDGE_LOOP('',(#10626,#10635,#10641,#10642));
#10626 = ORIENTED_EDGE('',*,*,#10627,.T.);
#10627 = EDGE_CURVE('',#10604,#10628,#10630,.T.);
#10628 = VERTEX_POINT('',#10629);
#10629 = CARTESIAN_POINT('',(-10.5,14.469899989998,0.));
#10630 = CIRCLE('',#10631,0.5);
#10631 = AXIS2_PLACEMENT_3D('',#10632,#10633,#10634);
#10632 = CARTESIAN_POINT('',(-10.49,13.97,0.));
#10633 = DIRECTION('',(0.,0.,1.));
#10634 = DIRECTION('',(1.,0.,-0.));
#10635 = ORIENTED_EDGE('',*,*,#10636,.T.);
#10636 = EDGE_CURVE('',#10628,#3710,#10637,.T.);
#10637 = LINE('',#10638,#10639);
#10638 = CARTESIAN_POINT('',(-10.5,14.469899989998,55.905302825492));
#10639 = VECTOR('',#10640,1.);
#10640 = DIRECTION('',(0.,0.,1.));
#10641 = ORIENTED_EDGE('',*,*,#3717,.F.);
#10642 = ORIENTED_EDGE('',*,*,#10613,.F.);
#10643 = CYLINDRICAL_SURFACE('',#10644,0.5);
#10644 = AXIS2_PLACEMENT_3D('',#10645,#10646,#10647);
#10645 = CARTESIAN_POINT('',(-10.49,13.97,55.905302825492));
#10646 = DIRECTION('',(0.,0.,1.));
#10647 = DIRECTION('',(1.,0.,-0.));
#10648 = ADVANCED_FACE('',(#10649),#10660,.T.);
#10649 = FACE_BOUND('',#10650,.T.);
#10650 = EDGE_LOOP('',(#10651,#10657,#10658,#10659));
#10651 = ORIENTED_EDGE('',*,*,#10652,.F.);
#10652 = EDGE_CURVE('',#10628,#3744,#10653,.T.);
#10653 = LINE('',#10654,#10655);
#10654 = CARTESIAN_POINT('',(-10.5,-25.,0.));
#10655 = VECTOR('',#10656,1.);
#10656 = DIRECTION('',(0.,1.,0.));
#10657 = ORIENTED_EDGE('',*,*,#10636,.T.);
#10658 = ORIENTED_EDGE('',*,*,#3709,.T.);
#10659 = ORIENTED_EDGE('',*,*,#3753,.F.);
#10660 = PLANE('',#10661);
#10661 = AXIS2_PLACEMENT_3D('',#10662,#10663,#10664);
#10662 = CARTESIAN_POINT('',(-10.5,-25.,0.));
#10663 = DIRECTION('',(-1.,0.,0.));
#10664 = DIRECTION('',(0.,1.,0.));
#10665 = ADVANCED_FACE('',(#10666),#10685,.F.);
#10666 = FACE_BOUND('',#10667,.F.);
#10667 = EDGE_LOOP('',(#10668,#10676,#10677,#10678));
#10668 = ORIENTED_EDGE('',*,*,#10669,.F.);
#10669 = EDGE_CURVE('',#3727,#10670,#10672,.T.);
#10670 = VERTEX_POINT('',#10671);
#10671 = CARTESIAN_POINT('',(-9.39,13.97,0.));
#10672 = LINE('',#10673,#10674);
#10673 = CARTESIAN_POINT('',(-9.39,13.97,55.715027595793));
#10674 = VECTOR('',#10675,1.);
#10675 = DIRECTION('',(2.2E-16,0.,-1.));
#10676 = ORIENTED_EDGE('',*,*,#3726,.F.);
#10677 = ORIENTED_EDGE('',*,*,#10669,.T.);
#10678 = ORIENTED_EDGE('',*,*,#10679,.T.);
#10679 = EDGE_CURVE('',#10670,#10670,#10680,.T.);
#10680 = CIRCLE('',#10681,0.5);
#10681 = AXIS2_PLACEMENT_3D('',#10682,#10683,#10684);
#10682 = CARTESIAN_POINT('',(-8.89,13.97,1.E-15));
#10683 = DIRECTION('',(0.,0.,1.));
#10684 = DIRECTION('',(1.,0.,-0.));
#10685 = CYLINDRICAL_SURFACE('',#10686,0.5);
#10686 = AXIS2_PLACEMENT_3D('',#10687,#10688,#10689);
#10687 = CARTESIAN_POINT('',(-8.89,13.97,55.715027595793));
#10688 = DIRECTION('',(0.,0.,1.));
#10689 = DIRECTION('',(1.,0.,-0.));
#10690 = ADVANCED_FACE('',(#10691),#10709,.T.);
#10691 = FACE_BOUND('',#10692,.T.);
#10692 = EDGE_LOOP('',(#10693,#10701,#10702,#10703));
#10693 = ORIENTED_EDGE('',*,*,#10694,.F.);
#10694 = EDGE_CURVE('',#3746,#10695,#10697,.T.);
#10695 = VERTEX_POINT('',#10696);
#10696 = CARTESIAN_POINT('',(-10.5,16.010100010002,0.));
#10697 = LINE('',#10698,#10699);
#10698 = CARTESIAN_POINT('',(-10.5,-25.,0.));
#10699 = VECTOR('',#10700,1.);
#10700 = DIRECTION('',(0.,1.,0.));
#10701 = ORIENTED_EDGE('',*,*,#3760,.T.);
#10702 = ORIENTED_EDGE('',*,*,#3774,.T.);
#10703 = ORIENTED_EDGE('',*,*,#10704,.F.);
#10704 = EDGE_CURVE('',#10695,#3775,#10705,.T.);
#10705 = LINE('',#10706,#10707);
#10706 = CARTESIAN_POINT('',(-10.5,16.010100010002,55.905302825492));
#10707 = VECTOR('',#10708,1.);
#10708 = DIRECTION('',(0.,0.,1.));
#10709 = PLANE('',#10710);
#10710 = AXIS2_PLACEMENT_3D('',#10711,#10712,#10713);
#10711 = CARTESIAN_POINT('',(-10.5,-25.,0.));
#10712 = DIRECTION('',(-1.,0.,0.));
#10713 = DIRECTION('',(0.,1.,0.));
#10714 = ADVANCED_FACE('',(#10715),#10734,.F.);
#10715 = FACE_BOUND('',#10716,.F.);
#10716 = EDGE_LOOP('',(#10717,#10726,#10732,#10733));
#10717 = ORIENTED_EDGE('',*,*,#10718,.T.);
#10718 = EDGE_CURVE('',#10695,#10719,#10721,.T.);
#10719 = VERTEX_POINT('',#10720);
#10720 = CARTESIAN_POINT('',(-10.5,17.009899989998,0.));
#10721 = CIRCLE('',#10722,0.5);
#10722 = AXIS2_PLACEMENT_3D('',#10723,#10724,#10725);
#10723 = CARTESIAN_POINT('',(-10.49,16.51,0.));
#10724 = DIRECTION('',(0.,0.,1.));
#10725 = DIRECTION('',(1.,0.,-0.));
#10726 = ORIENTED_EDGE('',*,*,#10727,.T.);
#10727 = EDGE_CURVE('',#10719,#3786,#10728,.T.);
#10728 = LINE('',#10729,#10730);
#10729 = CARTESIAN_POINT('',(-10.5,17.009899989998,55.905302825492));
#10730 = VECTOR('',#10731,1.);
#10731 = DIRECTION('',(0.,0.,1.));
#10732 = ORIENTED_EDGE('',*,*,#3793,.F.);
#10733 = ORIENTED_EDGE('',*,*,#10704,.F.);
#10734 = CYLINDRICAL_SURFACE('',#10735,0.5);
#10735 = AXIS2_PLACEMENT_3D('',#10736,#10737,#10738);
#10736 = CARTESIAN_POINT('',(-10.49,16.51,55.905302825492));
#10737 = DIRECTION('',(0.,0.,1.));
#10738 = DIRECTION('',(1.,0.,-0.));
#10739 = ADVANCED_FACE('',(#10740),#10751,.T.);
#10740 = FACE_BOUND('',#10741,.T.);
#10741 = EDGE_LOOP('',(#10742,#10748,#10749,#10750));
#10742 = ORIENTED_EDGE('',*,*,#10743,.F.);
#10743 = EDGE_CURVE('',#10719,#3820,#10744,.T.);
#10744 = LINE('',#10745,#10746);
#10745 = CARTESIAN_POINT('',(-10.5,-25.,0.));
#10746 = VECTOR('',#10747,1.);
#10747 = DIRECTION('',(0.,1.,0.));
#10748 = ORIENTED_EDGE('',*,*,#10727,.T.);
#10749 = ORIENTED_EDGE('',*,*,#3785,.T.);
#10750 = ORIENTED_EDGE('',*,*,#3829,.F.);
#10751 = PLANE('',#10752);
#10752 = AXIS2_PLACEMENT_3D('',#10753,#10754,#10755);
#10753 = CARTESIAN_POINT('',(-10.5,-25.,0.));
#10754 = DIRECTION('',(-1.,0.,0.));
#10755 = DIRECTION('',(0.,1.,0.));
#10756 = ADVANCED_FACE('',(#10757),#10776,.F.);
#10757 = FACE_BOUND('',#10758,.F.);
#10758 = EDGE_LOOP('',(#10759,#10767,#10768,#10769));
#10759 = ORIENTED_EDGE('',*,*,#10760,.F.);
#10760 = EDGE_CURVE('',#3803,#10761,#10763,.T.);
#10761 = VERTEX_POINT('',#10762);
#10762 = CARTESIAN_POINT('',(-9.39,16.51,0.));
#10763 = LINE('',#10764,#10765);
#10764 = CARTESIAN_POINT('',(-9.39,16.51,55.715027595793));
#10765 = VECTOR('',#10766,1.);
#10766 = DIRECTION('',(2.2E-16,0.,-1.));
#10767 = ORIENTED_EDGE('',*,*,#3802,.F.);
#10768 = ORIENTED_EDGE('',*,*,#10760,.T.);
#10769 = ORIENTED_EDGE('',*,*,#10770,.T.);
#10770 = EDGE_CURVE('',#10761,#10761,#10771,.T.);
#10771 = CIRCLE('',#10772,0.5);
#10772 = AXIS2_PLACEMENT_3D('',#10773,#10774,#10775);
#10773 = CARTESIAN_POINT('',(-8.89,16.51,1.E-15));
#10774 = DIRECTION('',(0.,0.,1.));
#10775 = DIRECTION('',(1.,0.,-0.));
#10776 = CYLINDRICAL_SURFACE('',#10777,0.5);
#10777 = AXIS2_PLACEMENT_3D('',#10778,#10779,#10780);
#10778 = CARTESIAN_POINT('',(-8.89,16.51,55.715027595793));
#10779 = DIRECTION('',(0.,0.,1.));
#10780 = DIRECTION('',(1.,0.,-0.));
#10781 = ADVANCED_FACE('',(#10782),#10800,.T.);
#10782 = FACE_BOUND('',#10783,.T.);
#10783 = EDGE_LOOP('',(#10784,#10792,#10793,#10794));
#10784 = ORIENTED_EDGE('',*,*,#10785,.F.);
#10785 = EDGE_CURVE('',#3822,#10786,#10788,.T.);
#10786 = VERTEX_POINT('',#10787);
#10787 = CARTESIAN_POINT('',(-10.5,18.550100010002,0.));
#10788 = LINE('',#10789,#10790);
#10789 = CARTESIAN_POINT('',(-10.5,-25.,0.));
#10790 = VECTOR('',#10791,1.);
#10791 = DIRECTION('',(0.,1.,0.));
#10792 = ORIENTED_EDGE('',*,*,#3836,.T.);
#10793 = ORIENTED_EDGE('',*,*,#3850,.T.);
#10794 = ORIENTED_EDGE('',*,*,#10795,.F.);
#10795 = EDGE_CURVE('',#10786,#3851,#10796,.T.);
#10796 = LINE('',#10797,#10798);
#10797 = CARTESIAN_POINT('',(-10.5,18.550100010002,55.905302825492));
#10798 = VECTOR('',#10799,1.);
#10799 = DIRECTION('',(0.,0.,1.));
#10800 = PLANE('',#10801);
#10801 = AXIS2_PLACEMENT_3D('',#10802,#10803,#10804);
#10802 = CARTESIAN_POINT('',(-10.5,-25.,0.));
#10803 = DIRECTION('',(-1.,0.,0.));
#10804 = DIRECTION('',(0.,1.,0.));
#10805 = ADVANCED_FACE('',(#10806),#10825,.F.);
#10806 = FACE_BOUND('',#10807,.F.);
#10807 = EDGE_LOOP('',(#10808,#10817,#10823,#10824));
#10808 = ORIENTED_EDGE('',*,*,#10809,.T.);
#10809 = EDGE_CURVE('',#10786,#10810,#10812,.T.);
#10810 = VERTEX_POINT('',#10811);
#10811 = CARTESIAN_POINT('',(-10.5,19.549899989998,0.));
#10812 = CIRCLE('',#10813,0.5);
#10813 = AXIS2_PLACEMENT_3D('',#10814,#10815,#10816);
#10814 = CARTESIAN_POINT('',(-10.49,19.05,0.));
#10815 = DIRECTION('',(0.,0.,1.));
#10816 = DIRECTION('',(1.,0.,-0.));
#10817 = ORIENTED_EDGE('',*,*,#10818,.T.);
#10818 = EDGE_CURVE('',#10810,#3864,#10819,.T.);
#10819 = LINE('',#10820,#10821);
#10820 = CARTESIAN_POINT('',(-10.5,19.549899989998,55.905302825492));
#10821 = VECTOR('',#10822,1.);
#10822 = DIRECTION('',(0.,0.,1.));
#10823 = ORIENTED_EDGE('',*,*,#3871,.F.);
#10824 = ORIENTED_EDGE('',*,*,#10795,.F.);
#10825 = CYLINDRICAL_SURFACE('',#10826,0.5);
#10826 = AXIS2_PLACEMENT_3D('',#10827,#10828,#10829);
#10827 = CARTESIAN_POINT('',(-10.49,19.05,55.905302825492));
#10828 = DIRECTION('',(0.,0.,1.));
#10829 = DIRECTION('',(1.,0.,-0.));
#10830 = ADVANCED_FACE('',(#10831),#10842,.T.);
#10831 = FACE_BOUND('',#10832,.T.);
#10832 = EDGE_LOOP('',(#10833,#10839,#10840,#10841));
#10833 = ORIENTED_EDGE('',*,*,#10834,.F.);
#10834 = EDGE_CURVE('',#10810,#3898,#10835,.T.);
#10835 = LINE('',#10836,#10837);
#10836 = CARTESIAN_POINT('',(-10.5,-25.,0.));
#10837 = VECTOR('',#10838,1.);
#10838 = DIRECTION('',(0.,1.,0.));
#10839 = ORIENTED_EDGE('',*,*,#10818,.T.);
#10840 = ORIENTED_EDGE('',*,*,#3863,.T.);
#10841 = ORIENTED_EDGE('',*,*,#3907,.F.);
#10842 = PLANE('',#10843);
#10843 = AXIS2_PLACEMENT_3D('',#10844,#10845,#10846);
#10844 = CARTESIAN_POINT('',(-10.5,-25.,0.));
#10845 = DIRECTION('',(-1.,0.,0.));
#10846 = DIRECTION('',(0.,1.,0.));
#10847 = ADVANCED_FACE('',(#10848),#10867,.F.);
#10848 = FACE_BOUND('',#10849,.F.);
#10849 = EDGE_LOOP('',(#10850,#10858,#10859,#10860));
#10850 = ORIENTED_EDGE('',*,*,#10851,.F.);
#10851 = EDGE_CURVE('',#3881,#10852,#10854,.T.);
#10852 = VERTEX_POINT('',#10853);
#10853 = CARTESIAN_POINT('',(-9.39,19.05,0.));
#10854 = LINE('',#10855,#10856);
#10855 = CARTESIAN_POINT('',(-9.39,19.05,55.715027595793));
#10856 = VECTOR('',#10857,1.);
#10857 = DIRECTION('',(2.2E-16,0.,-1.));
#10858 = ORIENTED_EDGE('',*,*,#3880,.F.);
#10859 = ORIENTED_EDGE('',*,*,#10851,.T.);
#10860 = ORIENTED_EDGE('',*,*,#10861,.T.);
#10861 = EDGE_CURVE('',#10852,#10852,#10862,.T.);
#10862 = CIRCLE('',#10863,0.5);
#10863 = AXIS2_PLACEMENT_3D('',#10864,#10865,#10866);
#10864 = CARTESIAN_POINT('',(-8.89,19.05,0.));
#10865 = DIRECTION('',(0.,0.,1.));
#10866 = DIRECTION('',(1.,0.,-0.));
#10867 = CYLINDRICAL_SURFACE('',#10868,0.5);
#10868 = AXIS2_PLACEMENT_3D('',#10869,#10870,#10871);
#10869 = CARTESIAN_POINT('',(-8.89,19.05,55.715027595793));
#10870 = DIRECTION('',(0.,0.,1.));
#10871 = DIRECTION('',(1.,0.,-0.));
#10872 = ADVANCED_FACE('',(#10873),#10891,.T.);
#10873 = FACE_BOUND('',#10874,.T.);
#10874 = EDGE_LOOP('',(#10875,#10883,#10884,#10885));
#10875 = ORIENTED_EDGE('',*,*,#10876,.F.);
#10876 = EDGE_CURVE('',#3900,#10877,#10879,.T.);
#10877 = VERTEX_POINT('',#10878);
#10878 = CARTESIAN_POINT('',(-10.5,21.090100010002,0.));
#10879 = LINE('',#10880,#10881);
#10880 = CARTESIAN_POINT('',(-10.5,-25.,0.));
#10881 = VECTOR('',#10882,1.);
#10882 = DIRECTION('',(0.,1.,0.));
#10883 = ORIENTED_EDGE('',*,*,#3914,.T.);
#10884 = ORIENTED_EDGE('',*,*,#3928,.T.);
#10885 = ORIENTED_EDGE('',*,*,#10886,.F.);
#10886 = EDGE_CURVE('',#10877,#3929,#10887,.T.);
#10887 = LINE('',#10888,#10889);
#10888 = CARTESIAN_POINT('',(-10.5,21.090100010002,55.905302825492));
#10889 = VECTOR('',#10890,1.);
#10890 = DIRECTION('',(0.,0.,1.));
#10891 = PLANE('',#10892);
#10892 = AXIS2_PLACEMENT_3D('',#10893,#10894,#10895);
#10893 = CARTESIAN_POINT('',(-10.5,-25.,0.));
#10894 = DIRECTION('',(-1.,0.,0.));
#10895 = DIRECTION('',(0.,1.,0.));
#10896 = ADVANCED_FACE('',(#10897),#10916,.F.);
#10897 = FACE_BOUND('',#10898,.F.);
#10898 = EDGE_LOOP('',(#10899,#10908,#10914,#10915));
#10899 = ORIENTED_EDGE('',*,*,#10900,.T.);
#10900 = EDGE_CURVE('',#10877,#10901,#10903,.T.);
#10901 = VERTEX_POINT('',#10902);
#10902 = CARTESIAN_POINT('',(-10.5,22.089899989998,0.));
#10903 = CIRCLE('',#10904,0.5);
#10904 = AXIS2_PLACEMENT_3D('',#10905,#10906,#10907);
#10905 = CARTESIAN_POINT('',(-10.49,21.59,0.));
#10906 = DIRECTION('',(0.,0.,1.));
#10907 = DIRECTION('',(1.,0.,-0.));
#10908 = ORIENTED_EDGE('',*,*,#10909,.T.);
#10909 = EDGE_CURVE('',#10901,#3940,#10910,.T.);
#10910 = LINE('',#10911,#10912);
#10911 = CARTESIAN_POINT('',(-10.5,22.089899989998,55.905302825492));
#10912 = VECTOR('',#10913,1.);
#10913 = DIRECTION('',(0.,0.,1.));
#10914 = ORIENTED_EDGE('',*,*,#3947,.F.);
#10915 = ORIENTED_EDGE('',*,*,#10886,.F.);
#10916 = CYLINDRICAL_SURFACE('',#10917,0.5);
#10917 = AXIS2_PLACEMENT_3D('',#10918,#10919,#10920);
#10918 = CARTESIAN_POINT('',(-10.49,21.59,55.905302825492));
#10919 = DIRECTION('',(0.,0.,1.));
#10920 = DIRECTION('',(1.,0.,-0.));
#10921 = ADVANCED_FACE('',(#10922),#10933,.T.);
#10922 = FACE_BOUND('',#10923,.T.);
#10923 = EDGE_LOOP('',(#10924,#10930,#10931,#10932));
#10924 = ORIENTED_EDGE('',*,*,#10925,.F.);
#10925 = EDGE_CURVE('',#10901,#3974,#10926,.T.);
#10926 = LINE('',#10927,#10928);
#10927 = CARTESIAN_POINT('',(-10.5,-25.,0.));
#10928 = VECTOR('',#10929,1.);
#10929 = DIRECTION('',(0.,1.,0.));
#10930 = ORIENTED_EDGE('',*,*,#10909,.T.);
#10931 = ORIENTED_EDGE('',*,*,#3939,.T.);
#10932 = ORIENTED_EDGE('',*,*,#3983,.F.);
#10933 = PLANE('',#10934);
#10934 = AXIS2_PLACEMENT_3D('',#10935,#10936,#10937);
#10935 = CARTESIAN_POINT('',(-10.5,-25.,0.));
#10936 = DIRECTION('',(-1.,0.,0.));
#10937 = DIRECTION('',(0.,1.,0.));
#10938 = ADVANCED_FACE('',(#10939),#10958,.F.);
#10939 = FACE_BOUND('',#10940,.F.);
#10940 = EDGE_LOOP('',(#10941,#10949,#10950,#10951));
#10941 = ORIENTED_EDGE('',*,*,#10942,.F.);
#10942 = EDGE_CURVE('',#3957,#10943,#10945,.T.);
#10943 = VERTEX_POINT('',#10944);
#10944 = CARTESIAN_POINT('',(-9.39,21.59,0.));
#10945 = LINE('',#10946,#10947);
#10946 = CARTESIAN_POINT('',(-9.39,21.59,55.715027595793));
#10947 = VECTOR('',#10948,1.);
#10948 = DIRECTION('',(2.2E-16,0.,-1.));
#10949 = ORIENTED_EDGE('',*,*,#3956,.F.);
#10950 = ORIENTED_EDGE('',*,*,#10942,.T.);
#10951 = ORIENTED_EDGE('',*,*,#10952,.T.);
#10952 = EDGE_CURVE('',#10943,#10943,#10953,.T.);
#10953 = CIRCLE('',#10954,0.5);
#10954 = AXIS2_PLACEMENT_3D('',#10955,#10956,#10957);
#10955 = CARTESIAN_POINT('',(-8.89,21.59,0.));
#10956 = DIRECTION('',(0.,0.,1.));
#10957 = DIRECTION('',(1.,0.,-0.));
#10958 = CYLINDRICAL_SURFACE('',#10959,0.5);
#10959 = AXIS2_PLACEMENT_3D('',#10960,#10961,#10962);
#10960 = CARTESIAN_POINT('',(-8.89,21.59,55.715027595793));
#10961 = DIRECTION('',(0.,0.,1.));
#10962 = DIRECTION('',(1.,0.,-0.));
#10963 = ADVANCED_FACE('',(#10964),#10982,.T.);
#10964 = FACE_BOUND('',#10965,.T.);
#10965 = EDGE_LOOP('',(#10966,#10974,#10975,#10976));
#10966 = ORIENTED_EDGE('',*,*,#10967,.F.);
#10967 = EDGE_CURVE('',#3976,#10968,#10970,.T.);
#10968 = VERTEX_POINT('',#10969);
#10969 = CARTESIAN_POINT('',(-10.5,23.630100010003,0.));
#10970 = LINE('',#10971,#10972);
#10971 = CARTESIAN_POINT('',(-10.5,-25.,0.));
#10972 = VECTOR('',#10973,1.);
#10973 = DIRECTION('',(0.,1.,0.));
#10974 = ORIENTED_EDGE('',*,*,#3990,.T.);
#10975 = ORIENTED_EDGE('',*,*,#4004,.T.);
#10976 = ORIENTED_EDGE('',*,*,#10977,.F.);
#10977 = EDGE_CURVE('',#10968,#4005,#10978,.T.);
#10978 = LINE('',#10979,#10980);
#10979 = CARTESIAN_POINT('',(-10.5,23.630100010002,55.905302825492));
#10980 = VECTOR('',#10981,1.);
#10981 = DIRECTION('',(0.,0.,1.));
#10982 = PLANE('',#10983);
#10983 = AXIS2_PLACEMENT_3D('',#10984,#10985,#10986);
#10984 = CARTESIAN_POINT('',(-10.5,-25.,0.));
#10985 = DIRECTION('',(-1.,0.,0.));
#10986 = DIRECTION('',(0.,1.,0.));
#10987 = ADVANCED_FACE('',(#10988),#11007,.F.);
#10988 = FACE_BOUND('',#10989,.F.);
#10989 = EDGE_LOOP('',(#10990,#10999,#11005,#11006));
#10990 = ORIENTED_EDGE('',*,*,#10991,.T.);
#10991 = EDGE_CURVE('',#10968,#10992,#10994,.T.);
#10992 = VERTEX_POINT('',#10993);
#10993 = CARTESIAN_POINT('',(-10.5,24.629899989997,0.));
#10994 = CIRCLE('',#10995,0.5);
#10995 = AXIS2_PLACEMENT_3D('',#10996,#10997,#10998);
#10996 = CARTESIAN_POINT('',(-10.49,24.13,0.));
#10997 = DIRECTION('',(0.,0.,1.));
#10998 = DIRECTION('',(1.,0.,-0.));
#10999 = ORIENTED_EDGE('',*,*,#11000,.T.);
#11000 = EDGE_CURVE('',#10992,#4016,#11001,.T.);
#11001 = LINE('',#11002,#11003);
#11002 = CARTESIAN_POINT('',(-10.5,24.629899989998,55.905302825492));
#11003 = VECTOR('',#11004,1.);
#11004 = DIRECTION('',(0.,0.,1.));
#11005 = ORIENTED_EDGE('',*,*,#4023,.F.);
#11006 = ORIENTED_EDGE('',*,*,#10977,.F.);
#11007 = CYLINDRICAL_SURFACE('',#11008,0.5);
#11008 = AXIS2_PLACEMENT_3D('',#11009,#11010,#11011);
#11009 = CARTESIAN_POINT('',(-10.49,24.13,55.905302825492));
#11010 = DIRECTION('',(0.,0.,1.));
#11011 = DIRECTION('',(1.,0.,-0.));
#11012 = ADVANCED_FACE('',(#11013),#11024,.T.);
#11013 = FACE_BOUND('',#11014,.T.);
#11014 = EDGE_LOOP('',(#11015,#11021,#11022,#11023));
#11015 = ORIENTED_EDGE('',*,*,#11016,.F.);
#11016 = EDGE_CURVE('',#10992,#4050,#11017,.T.);
#11017 = LINE('',#11018,#11019);
#11018 = CARTESIAN_POINT('',(-10.5,-25.,0.));
#11019 = VECTOR('',#11020,1.);
#11020 = DIRECTION('',(0.,1.,0.));
#11021 = ORIENTED_EDGE('',*,*,#11000,.T.);
#11022 = ORIENTED_EDGE('',*,*,#4015,.T.);
#11023 = ORIENTED_EDGE('',*,*,#4059,.F.);
#11024 = PLANE('',#11025);
#11025 = AXIS2_PLACEMENT_3D('',#11026,#11027,#11028);
#11026 = CARTESIAN_POINT('',(-10.5,-25.,0.));
#11027 = DIRECTION('',(-1.,0.,0.));
#11028 = DIRECTION('',(0.,1.,0.));
#11029 = ADVANCED_FACE('',(#11030),#11049,.F.);
#11030 = FACE_BOUND('',#11031,.F.);
#11031 = EDGE_LOOP('',(#11032,#11040,#11041,#11042));
#11032 = ORIENTED_EDGE('',*,*,#11033,.F.);
#11033 = EDGE_CURVE('',#4033,#11034,#11036,.T.);
#11034 = VERTEX_POINT('',#11035);
#11035 = CARTESIAN_POINT('',(-9.39,24.13,0.));
#11036 = LINE('',#11037,#11038);
#11037 = CARTESIAN_POINT('',(-9.39,24.13,55.715027595793));
#11038 = VECTOR('',#11039,1.);
#11039 = DIRECTION('',(2.2E-16,0.,-1.));
#11040 = ORIENTED_EDGE('',*,*,#4032,.F.);
#11041 = ORIENTED_EDGE('',*,*,#11033,.T.);
#11042 = ORIENTED_EDGE('',*,*,#11043,.T.);
#11043 = EDGE_CURVE('',#11034,#11034,#11044,.T.);
#11044 = CIRCLE('',#11045,0.5);
#11045 = AXIS2_PLACEMENT_3D('',#11046,#11047,#11048);
#11046 = CARTESIAN_POINT('',(-8.89,24.13,0.));
#11047 = DIRECTION('',(0.,0.,1.));
#11048 = DIRECTION('',(1.,0.,-0.));
#11049 = CYLINDRICAL_SURFACE('',#11050,0.5);
#11050 = AXIS2_PLACEMENT_3D('',#11051,#11052,#11053);
#11051 = CARTESIAN_POINT('',(-8.89,24.13,55.715027595793));
#11052 = DIRECTION('',(0.,0.,1.));
#11053 = DIRECTION('',(1.,0.,-0.));
#11054 = ADVANCED_FACE('',(#11055),#11098,.T.);
#11055 = FACE_BOUND('',#11056,.T.);
#11056 = EDGE_LOOP('',(#11057,#11067,#11075,#11081,#11082,#11083,#11084,
    #11092));
#11057 = ORIENTED_EDGE('',*,*,#11058,.F.);
#11058 = EDGE_CURVE('',#11059,#11061,#11063,.T.);
#11059 = VERTEX_POINT('',#11060);
#11060 = CARTESIAN_POINT('',(2.575,26.257279579762,1.));
#11061 = VERTEX_POINT('',#11062);
#11062 = CARTESIAN_POINT('',(-2.575,26.257279579762,1.));
#11063 = LINE('',#11064,#11065);
#11064 = CARTESIAN_POINT('',(2.575,26.257279579762,1.));
#11065 = VECTOR('',#11066,1.);
#11066 = DIRECTION('',(-1.,0.,0.));
#11067 = ORIENTED_EDGE('',*,*,#11068,.F.);
#11068 = EDGE_CURVE('',#11069,#11059,#11071,.T.);
#11069 = VERTEX_POINT('',#11070);
#11070 = CARTESIAN_POINT('',(2.575,26.2,1.));
#11071 = LINE('',#11072,#11073);
#11072 = CARTESIAN_POINT('',(2.575,26.2,1.));
#11073 = VECTOR('',#11074,1.);
#11074 = DIRECTION('',(0.,1.,0.));
#11075 = ORIENTED_EDGE('',*,*,#11076,.T.);
#11076 = EDGE_CURVE('',#11069,#4271,#11077,.T.);
#11077 = LINE('',#11078,#11079);
#11078 = CARTESIAN_POINT('',(-2.836764068712,26.2,1.));
#11079 = VECTOR('',#11080,1.);
#11080 = DIRECTION('',(1.,0.,-0.));
#11081 = ORIENTED_EDGE('',*,*,#4289,.T.);
#11082 = ORIENTED_EDGE('',*,*,#4107,.F.);
#11083 = ORIENTED_EDGE('',*,*,#4136,.F.);
#11084 = ORIENTED_EDGE('',*,*,#11085,.T.);
#11085 = EDGE_CURVE('',#4137,#11086,#11088,.T.);
#11086 = VERTEX_POINT('',#11087);
#11087 = CARTESIAN_POINT('',(-2.575,26.2,1.));
#11088 = LINE('',#11089,#11090);
#11089 = CARTESIAN_POINT('',(-2.836764068712,26.2,1.));
#11090 = VECTOR('',#11091,1.);
#11091 = DIRECTION('',(1.,0.,-0.));
#11092 = ORIENTED_EDGE('',*,*,#11093,.T.);
#11093 = EDGE_CURVE('',#11086,#11061,#11094,.T.);
#11094 = LINE('',#11095,#11096);
#11095 = CARTESIAN_POINT('',(-2.575,26.2,1.));
#11096 = VECTOR('',#11097,1.);
#11097 = DIRECTION('',(0.,1.,0.));
#11098 = PLANE('',#11099);
#11099 = AXIS2_PLACEMENT_3D('',#11100,#11101,#11102);
#11100 = CARTESIAN_POINT('',(5.E-17,23.728166688001,1.));
#11101 = DIRECTION('',(2.2E-16,0.,-1.));
#11102 = DIRECTION('',(0.,-1.,0.));
#11103 = ADVANCED_FACE('',(#11104),#11189,.T.);
#11104 = FACE_BOUND('',#11105,.T.);
#11105 = EDGE_LOOP('',(#11106,#11107,#11108,#11116,#11125,#11133,#11141,
    #11149,#11158,#11166,#11175,#11183));
#11106 = ORIENTED_EDGE('',*,*,#11085,.F.);
#11107 = ORIENTED_EDGE('',*,*,#4162,.T.);
#11108 = ORIENTED_EDGE('',*,*,#11109,.T.);
#11109 = EDGE_CURVE('',#4155,#11110,#11112,.T.);
#11110 = VERTEX_POINT('',#11111);
#11111 = CARTESIAN_POINT('',(-3.625520382004,26.2,1.788756313292));
#11112 = LINE('',#11113,#11114);
#11113 = CARTESIAN_POINT('',(-2.836764068712,26.2,1.));
#11114 = VECTOR('',#11115,1.);
#11115 = DIRECTION('',(-0.707106781187,0.,0.707106781187));
#11116 = ORIENTED_EDGE('',*,*,#11117,.F.);
#11117 = EDGE_CURVE('',#11118,#11110,#11120,.T.);
#11118 = VERTEX_POINT('',#11119);
#11119 = CARTESIAN_POINT('',(-3.75,26.2,2.089276695297));
#11120 = CIRCLE('',#11121,0.425);
#11121 = AXIS2_PLACEMENT_3D('',#11122,#11123,#11124);
#11122 = CARTESIAN_POINT('',(-3.325,26.2,2.089276695297));
#11123 = DIRECTION('',(0.,-1.,0.));
#11124 = DIRECTION('',(2.2E-16,0.,-1.));
#11125 = ORIENTED_EDGE('',*,*,#11126,.T.);
#11126 = EDGE_CURVE('',#11118,#11127,#11129,.T.);
#11127 = VERTEX_POINT('',#11128);
#11128 = CARTESIAN_POINT('',(-3.75,26.2,2.107138347648));
#11129 = LINE('',#11130,#11131);
#11130 = CARTESIAN_POINT('',(-3.75,26.2,1.913235931288));
#11131 = VECTOR('',#11132,1.);
#11132 = DIRECTION('',(0.,0.,1.));
#11133 = ORIENTED_EDGE('',*,*,#11134,.F.);
#11134 = EDGE_CURVE('',#11135,#11127,#11137,.T.);
#11135 = VERTEX_POINT('',#11136);
#11136 = CARTESIAN_POINT('',(-3.45,26.2,2.107138347648));
#11137 = LINE('',#11138,#11139);
#11138 = CARTESIAN_POINT('',(-3.45,26.2,2.107138347648));
#11139 = VECTOR('',#11140,1.);
#11140 = DIRECTION('',(-1.,0.,0.));
#11141 = ORIENTED_EDGE('',*,*,#11142,.F.);
#11142 = EDGE_CURVE('',#11143,#11135,#11145,.T.);
#11143 = VERTEX_POINT('',#11144);
#11144 = CARTESIAN_POINT('',(-3.45,26.2,2.089276695297));
#11145 = LINE('',#11146,#11147);
#11146 = CARTESIAN_POINT('',(-3.45,26.2,1.913235931288));
#11147 = VECTOR('',#11148,1.);
#11148 = DIRECTION('',(0.,0.,1.));
#11149 = ORIENTED_EDGE('',*,*,#11150,.T.);
#11150 = EDGE_CURVE('',#11143,#11151,#11153,.T.);
#11151 = VERTEX_POINT('',#11152);
#11152 = CARTESIAN_POINT('',(-3.413388347648,26.2,2.000888347648));
#11153 = CIRCLE('',#11154,0.125);
#11154 = AXIS2_PLACEMENT_3D('',#11155,#11156,#11157);
#11155 = CARTESIAN_POINT('',(-3.325,26.2,2.089276695297));
#11156 = DIRECTION('',(0.,-1.,0.));
#11157 = DIRECTION('',(2.2E-16,0.,-1.));
#11158 = ORIENTED_EDGE('',*,*,#11159,.F.);
#11159 = EDGE_CURVE('',#11160,#11151,#11162,.T.);
#11160 = VERTEX_POINT('',#11161);
#11161 = CARTESIAN_POINT('',(-2.749111652352,26.2,1.336611652352));
#11162 = LINE('',#11163,#11164);
#11163 = CARTESIAN_POINT('',(-2.624632034356,26.2,1.212132034356));
#11164 = VECTOR('',#11165,1.);
#11165 = DIRECTION('',(-0.707106781187,0.,0.707106781187));
#11166 = ORIENTED_EDGE('',*,*,#11167,.F.);
#11167 = EDGE_CURVE('',#11168,#11160,#11170,.T.);
#11168 = VERTEX_POINT('',#11169);
#11169 = CARTESIAN_POINT('',(-2.660723304703,26.2,1.3));
#11170 = CIRCLE('',#11171,0.125);
#11171 = AXIS2_PLACEMENT_3D('',#11172,#11173,#11174);
#11172 = CARTESIAN_POINT('',(-2.660723304703,26.2,1.425));
#11173 = DIRECTION('',(0.,1.,0.));
#11174 = DIRECTION('',(2.2E-16,0.,-1.));
#11175 = ORIENTED_EDGE('',*,*,#11176,.T.);
#11176 = EDGE_CURVE('',#11168,#11177,#11179,.T.);
#11177 = VERTEX_POINT('',#11178);
#11178 = CARTESIAN_POINT('',(-2.575,26.2,1.3));
#11179 = LINE('',#11180,#11181);
#11180 = CARTESIAN_POINT('',(-2.836764068712,26.2,1.3));
#11181 = VECTOR('',#11182,1.);
#11182 = DIRECTION('',(1.,0.,-0.));
#11183 = ORIENTED_EDGE('',*,*,#11184,.T.);
#11184 = EDGE_CURVE('',#11177,#11086,#11185,.T.);
#11185 = LINE('',#11186,#11187);
#11186 = CARTESIAN_POINT('',(-2.575,26.2,1.3));
#11187 = VECTOR('',#11188,1.);
#11188 = DIRECTION('',(2.2E-16,0.,-1.));
#11189 = PLANE('',#11190);
#11190 = AXIS2_PLACEMENT_3D('',#11191,#11192,#11193);
#11191 = CARTESIAN_POINT('',(0.,26.2,2.312950198131));
#11192 = DIRECTION('',(0.,1.,0.));
#11193 = DIRECTION('',(0.,-0.,1.));
#11194 = ADVANCED_FACE('',(#11195),#11206,.T.);
#11195 = FACE_BOUND('',#11196,.T.);
#11196 = EDGE_LOOP('',(#11197,#11198,#11199,#11200));
#11197 = ORIENTED_EDGE('',*,*,#11109,.F.);
#11198 = ORIENTED_EDGE('',*,*,#4154,.T.);
#11199 = ORIENTED_EDGE('',*,*,#4179,.T.);
#11200 = ORIENTED_EDGE('',*,*,#11201,.F.);
#11201 = EDGE_CURVE('',#11110,#4180,#11202,.T.);
#11202 = LINE('',#11203,#11204);
#11203 = CARTESIAN_POINT('',(-3.625520382004,26.2,1.788756313292));
#11204 = VECTOR('',#11205,1.);
#11205 = DIRECTION('',(0.,-1.,0.));
#11206 = PLANE('',#11207);
#11207 = AXIS2_PLACEMENT_3D('',#11208,#11209,#11210);
#11208 = CARTESIAN_POINT('',(-2.836764068712,26.2,1.));
#11209 = DIRECTION('',(-0.707106781187,-0.,-0.707106781187));
#11210 = DIRECTION('',(-0.707106781187,0.,0.707106781187));
#11211 = ADVANCED_FACE('',(#11212),#11230,.T.);
#11212 = FACE_BOUND('',#11213,.T.);
#11213 = EDGE_LOOP('',(#11214,#11222,#11228,#11229));
#11214 = ORIENTED_EDGE('',*,*,#11215,.F.);
#11215 = EDGE_CURVE('',#11216,#4273,#11218,.T.);
#11216 = VERTEX_POINT('',#11217);
#11217 = CARTESIAN_POINT('',(3.625520382004,26.2,1.788756313292));
#11218 = LINE('',#11219,#11220);
#11219 = CARTESIAN_POINT('',(3.75,26.2,1.913235931288));
#11220 = VECTOR('',#11221,1.);
#11221 = DIRECTION('',(-0.707106781187,-0.,-0.707106781187));
#11222 = ORIENTED_EDGE('',*,*,#11223,.T.);
#11223 = EDGE_CURVE('',#11216,#4239,#11224,.T.);
#11224 = LINE('',#11225,#11226);
#11225 = CARTESIAN_POINT('',(3.625520382004,26.2,1.788756313292));
#11226 = VECTOR('',#11227,1.);
#11227 = DIRECTION('',(0.,-1.,0.));
#11228 = ORIENTED_EDGE('',*,*,#4247,.T.);
#11229 = ORIENTED_EDGE('',*,*,#4281,.F.);
#11230 = PLANE('',#11231);
#11231 = AXIS2_PLACEMENT_3D('',#11232,#11233,#11234);
#11232 = CARTESIAN_POINT('',(3.75,26.2,1.913235931288));
#11233 = DIRECTION('',(0.707106781187,0.,-0.707106781187));
#11234 = DIRECTION('',(-0.707106781187,-0.,-0.707106781187));
#11235 = ADVANCED_FACE('',(#11236),#11247,.T.);
#11236 = FACE_BOUND('',#11237,.T.);
#11237 = EDGE_LOOP('',(#11238,#11239,#11240,#11241));
#11238 = ORIENTED_EDGE('',*,*,#11117,.T.);
#11239 = ORIENTED_EDGE('',*,*,#11201,.T.);
#11240 = ORIENTED_EDGE('',*,*,#4187,.F.);
#11241 = ORIENTED_EDGE('',*,*,#11242,.F.);
#11242 = EDGE_CURVE('',#11118,#4188,#11243,.T.);
#11243 = LINE('',#11244,#11245);
#11244 = CARTESIAN_POINT('',(-3.75,26.2,2.089276695297));
#11245 = VECTOR('',#11246,1.);
#11246 = DIRECTION('',(0.,-1.,0.));
#11247 = CYLINDRICAL_SURFACE('',#11248,0.425);
#11248 = AXIS2_PLACEMENT_3D('',#11249,#11250,#11251);
#11249 = CARTESIAN_POINT('',(-3.325,26.2,2.089276695297));
#11250 = DIRECTION('',(0.,-1.,0.));
#11251 = DIRECTION('',(-1.,0.,0.));
#11252 = ADVANCED_FACE('',(#11253),#11272,.T.);
#11253 = FACE_BOUND('',#11254,.T.);
#11254 = EDGE_LOOP('',(#11255,#11264,#11270,#11271));
#11255 = ORIENTED_EDGE('',*,*,#11256,.T.);
#11256 = EDGE_CURVE('',#11216,#11257,#11259,.T.);
#11257 = VERTEX_POINT('',#11258);
#11258 = CARTESIAN_POINT('',(3.75,26.2,2.089276695297));
#11259 = CIRCLE('',#11260,0.425);
#11260 = AXIS2_PLACEMENT_3D('',#11261,#11262,#11263);
#11261 = CARTESIAN_POINT('',(3.325,26.2,2.089276695297));
#11262 = DIRECTION('',(0.,-1.,0.));
#11263 = DIRECTION('',(2.2E-16,0.,-1.));
#11264 = ORIENTED_EDGE('',*,*,#11265,.T.);
#11265 = EDGE_CURVE('',#11257,#4231,#11266,.T.);
#11266 = LINE('',#11267,#11268);
#11267 = CARTESIAN_POINT('',(3.75,26.2,2.089276695297));
#11268 = VECTOR('',#11269,1.);
#11269 = DIRECTION('',(0.,-1.,0.));
#11270 = ORIENTED_EDGE('',*,*,#4238,.F.);
#11271 = ORIENTED_EDGE('',*,*,#11223,.F.);
#11272 = CYLINDRICAL_SURFACE('',#11273,0.425);
#11273 = AXIS2_PLACEMENT_3D('',#11274,#11275,#11276);
#11274 = CARTESIAN_POINT('',(3.325,26.2,2.089276695297));
#11275 = DIRECTION('',(0.,-1.,0.));
#11276 = DIRECTION('',(0.707106781187,0.,-0.707106781187));
#11277 = ADVANCED_FACE('',(#11278),#11321,.T.);
#11278 = FACE_BOUND('',#11279,.T.);
#11279 = EDGE_LOOP('',(#11280,#11281,#11282,#11283,#11291,#11299,#11307,
    #11315));
#11280 = ORIENTED_EDGE('',*,*,#11126,.F.);
#11281 = ORIENTED_EDGE('',*,*,#11242,.T.);
#11282 = ORIENTED_EDGE('',*,*,#4196,.T.);
#11283 = ORIENTED_EDGE('',*,*,#11284,.F.);
#11284 = EDGE_CURVE('',#11285,#4197,#11287,.T.);
#11285 = VERTEX_POINT('',#11286);
#11286 = CARTESIAN_POINT('',(-3.75,26.2,3.025));
#11287 = LINE('',#11288,#11289);
#11288 = CARTESIAN_POINT('',(-3.75,26.2,3.025));
#11289 = VECTOR('',#11290,1.);
#11290 = DIRECTION('',(0.,-1.,0.));
#11291 = ORIENTED_EDGE('',*,*,#11292,.F.);
#11292 = EDGE_CURVE('',#11293,#11285,#11295,.T.);
#11293 = VERTEX_POINT('',#11294);
#11294 = CARTESIAN_POINT('',(-3.75,26.2,3.007138347648));
#11295 = LINE('',#11296,#11297);
#11296 = CARTESIAN_POINT('',(-3.75,26.2,1.913235931288));
#11297 = VECTOR('',#11298,1.);
#11298 = DIRECTION('',(0.,0.,1.));
#11299 = ORIENTED_EDGE('',*,*,#11300,.T.);
#11300 = EDGE_CURVE('',#11293,#11301,#11303,.T.);
#11301 = VERTEX_POINT('',#11302);
#11302 = CARTESIAN_POINT('',(-3.75,26.257279579762,3.007138347648));
#11303 = LINE('',#11304,#11305);
#11304 = CARTESIAN_POINT('',(-3.75,26.2,3.007138347648));
#11305 = VECTOR('',#11306,1.);
#11306 = DIRECTION('',(0.,1.,0.));
#11307 = ORIENTED_EDGE('',*,*,#11308,.F.);
#11308 = EDGE_CURVE('',#11309,#11301,#11311,.T.);
#11309 = VERTEX_POINT('',#11310);
#11310 = CARTESIAN_POINT('',(-3.75,26.257279579762,2.107138347648));
#11311 = LINE('',#11312,#11313);
#11312 = CARTESIAN_POINT('',(-3.75,26.257279579762,2.107138347648));
#11313 = VECTOR('',#11314,1.);
#11314 = DIRECTION('',(0.,0.,1.));
#11315 = ORIENTED_EDGE('',*,*,#11316,.F.);
#11316 = EDGE_CURVE('',#11127,#11309,#11317,.T.);
#11317 = LINE('',#11318,#11319);
#11318 = CARTESIAN_POINT('',(-3.75,26.2,2.107138347648));
#11319 = VECTOR('',#11320,1.);
#11320 = DIRECTION('',(0.,1.,0.));
#11321 = PLANE('',#11322);
#11322 = AXIS2_PLACEMENT_3D('',#11323,#11324,#11325);
#11323 = CARTESIAN_POINT('',(-3.75,23.728469072803,2.557138347648));
#11324 = DIRECTION('',(-1.,0.,0.));
#11325 = DIRECTION('',(0.,0.,-1.));
#11326 = ADVANCED_FACE('',(#11327),#11377,.T.);
#11327 = FACE_BOUND('',#11328,.T.);
#11328 = EDGE_LOOP('',(#11329,#11339,#11345,#11346,#11347,#11355,#11363,
    #11371));
#11329 = ORIENTED_EDGE('',*,*,#11330,.F.);
#11330 = EDGE_CURVE('',#11331,#11333,#11335,.T.);
#11331 = VERTEX_POINT('',#11332);
#11332 = CARTESIAN_POINT('',(3.75,26.2,3.025));
#11333 = VERTEX_POINT('',#11334);
#11334 = CARTESIAN_POINT('',(3.75,26.2,3.007138347648));
#11335 = LINE('',#11336,#11337);
#11336 = CARTESIAN_POINT('',(3.75,26.2,3.45));
#11337 = VECTOR('',#11338,1.);
#11338 = DIRECTION('',(2.2E-16,0.,-1.));
#11339 = ORIENTED_EDGE('',*,*,#11340,.T.);
#11340 = EDGE_CURVE('',#11331,#4222,#11341,.T.);
#11341 = LINE('',#11342,#11343);
#11342 = CARTESIAN_POINT('',(3.75,26.2,3.025));
#11343 = VECTOR('',#11344,1.);
#11344 = DIRECTION('',(0.,-1.,0.));
#11345 = ORIENTED_EDGE('',*,*,#4230,.T.);
#11346 = ORIENTED_EDGE('',*,*,#11265,.F.);
#11347 = ORIENTED_EDGE('',*,*,#11348,.F.);
#11348 = EDGE_CURVE('',#11349,#11257,#11351,.T.);
#11349 = VERTEX_POINT('',#11350);
#11350 = CARTESIAN_POINT('',(3.75,26.2,2.107138347648));
#11351 = LINE('',#11352,#11353);
#11352 = CARTESIAN_POINT('',(3.75,26.2,3.45));
#11353 = VECTOR('',#11354,1.);
#11354 = DIRECTION('',(2.2E-16,0.,-1.));
#11355 = ORIENTED_EDGE('',*,*,#11356,.T.);
#11356 = EDGE_CURVE('',#11349,#11357,#11359,.T.);
#11357 = VERTEX_POINT('',#11358);
#11358 = CARTESIAN_POINT('',(3.75,26.257279579762,2.107138347648));
#11359 = LINE('',#11360,#11361);
#11360 = CARTESIAN_POINT('',(3.75,26.2,2.107138347648));
#11361 = VECTOR('',#11362,1.);
#11362 = DIRECTION('',(0.,1.,0.));
#11363 = ORIENTED_EDGE('',*,*,#11364,.T.);
#11364 = EDGE_CURVE('',#11357,#11365,#11367,.T.);
#11365 = VERTEX_POINT('',#11366);
#11366 = CARTESIAN_POINT('',(3.75,26.257279579762,3.007138347648));
#11367 = LINE('',#11368,#11369);
#11368 = CARTESIAN_POINT('',(3.75,26.257279579762,2.107138347648));
#11369 = VECTOR('',#11370,1.);
#11370 = DIRECTION('',(0.,0.,1.));
#11371 = ORIENTED_EDGE('',*,*,#11372,.F.);
#11372 = EDGE_CURVE('',#11333,#11365,#11373,.T.);
#11373 = LINE('',#11374,#11375);
#11374 = CARTESIAN_POINT('',(3.75,26.2,3.007138347648));
#11375 = VECTOR('',#11376,1.);
#11376 = DIRECTION('',(0.,1.,0.));
#11377 = PLANE('',#11378);
#11378 = AXIS2_PLACEMENT_3D('',#11379,#11380,#11381);
#11379 = CARTESIAN_POINT('',(3.75,23.728469072803,2.557138347648));
#11380 = DIRECTION('',(1.,0.,-0.));
#11381 = DIRECTION('',(0.,0.,1.));
#11382 = ADVANCED_FACE('',(#11383),#11402,.T.);
#11383 = FACE_BOUND('',#11384,.T.);
#11384 = EDGE_LOOP('',(#11385,#11394,#11395,#11396));
#11385 = ORIENTED_EDGE('',*,*,#11386,.T.);
#11386 = EDGE_CURVE('',#11387,#11285,#11389,.T.);
#11387 = VERTEX_POINT('',#11388);
#11388 = CARTESIAN_POINT('',(-3.325,26.2,3.45));
#11389 = CIRCLE('',#11390,0.425);
#11390 = AXIS2_PLACEMENT_3D('',#11391,#11392,#11393);
#11391 = CARTESIAN_POINT('',(-3.325,26.2,3.025));
#11392 = DIRECTION('',(0.,-1.,0.));
#11393 = DIRECTION('',(2.2E-16,0.,-1.));
#11394 = ORIENTED_EDGE('',*,*,#11284,.T.);
#11395 = ORIENTED_EDGE('',*,*,#4204,.F.);
#11396 = ORIENTED_EDGE('',*,*,#11397,.F.);
#11397 = EDGE_CURVE('',#11387,#4205,#11398,.T.);
#11398 = LINE('',#11399,#11400);
#11399 = CARTESIAN_POINT('',(-3.325,26.2,3.45));
#11400 = VECTOR('',#11401,1.);
#11401 = DIRECTION('',(0.,-1.,0.));
#11402 = CYLINDRICAL_SURFACE('',#11403,0.425);
#11403 = AXIS2_PLACEMENT_3D('',#11404,#11405,#11406);
#11404 = CARTESIAN_POINT('',(-3.325,26.2,3.025));
#11405 = DIRECTION('',(0.,-1.,0.));
#11406 = DIRECTION('',(0.,0.,1.));
#11407 = ADVANCED_FACE('',(#11408),#11427,.T.);
#11408 = FACE_BOUND('',#11409,.T.);
#11409 = EDGE_LOOP('',(#11410,#11419,#11425,#11426));
#11410 = ORIENTED_EDGE('',*,*,#11411,.T.);
#11411 = EDGE_CURVE('',#11331,#11412,#11414,.T.);
#11412 = VERTEX_POINT('',#11413);
#11413 = CARTESIAN_POINT('',(3.325,26.2,3.45));
#11414 = CIRCLE('',#11415,0.425);
#11415 = AXIS2_PLACEMENT_3D('',#11416,#11417,#11418);
#11416 = CARTESIAN_POINT('',(3.325,26.2,3.025));
#11417 = DIRECTION('',(0.,-1.,0.));
#11418 = DIRECTION('',(2.2E-16,0.,-1.));
#11419 = ORIENTED_EDGE('',*,*,#11420,.T.);
#11420 = EDGE_CURVE('',#11412,#4214,#11421,.T.);
#11421 = LINE('',#11422,#11423);
#11422 = CARTESIAN_POINT('',(3.325,26.2,3.45));
#11423 = VECTOR('',#11424,1.);
#11424 = DIRECTION('',(0.,-1.,0.));
#11425 = ORIENTED_EDGE('',*,*,#4221,.F.);
#11426 = ORIENTED_EDGE('',*,*,#11340,.F.);
#11427 = CYLINDRICAL_SURFACE('',#11428,0.425);
#11428 = AXIS2_PLACEMENT_3D('',#11429,#11430,#11431);
#11429 = CARTESIAN_POINT('',(3.325,26.2,3.025));
#11430 = DIRECTION('',(0.,-1.,0.));
#11431 = DIRECTION('',(1.,0.,0.));
#11432 = ADVANCED_FACE('',(#11433),#11476,.T.);
#11433 = FACE_BOUND('',#11434,.T.);
#11434 = EDGE_LOOP('',(#11435,#11443,#11444,#11445,#11446,#11454,#11462,
    #11470));
#11435 = ORIENTED_EDGE('',*,*,#11436,.F.);
#11436 = EDGE_CURVE('',#11387,#11437,#11439,.T.);
#11437 = VERTEX_POINT('',#11438);
#11438 = CARTESIAN_POINT('',(-3.2,26.2,3.45));
#11439 = LINE('',#11440,#11441);
#11440 = CARTESIAN_POINT('',(-3.75,26.2,3.45));
#11441 = VECTOR('',#11442,1.);
#11442 = DIRECTION('',(1.,0.,-0.));
#11443 = ORIENTED_EDGE('',*,*,#11397,.T.);
#11444 = ORIENTED_EDGE('',*,*,#4213,.T.);
#11445 = ORIENTED_EDGE('',*,*,#11420,.F.);
#11446 = ORIENTED_EDGE('',*,*,#11447,.F.);
#11447 = EDGE_CURVE('',#11448,#11412,#11450,.T.);
#11448 = VERTEX_POINT('',#11449);
#11449 = CARTESIAN_POINT('',(3.2,26.2,3.45));
#11450 = LINE('',#11451,#11452);
#11451 = CARTESIAN_POINT('',(-3.75,26.2,3.45));
#11452 = VECTOR('',#11453,1.);
#11453 = DIRECTION('',(1.,0.,-0.));
#11454 = ORIENTED_EDGE('',*,*,#11455,.T.);
#11455 = EDGE_CURVE('',#11448,#11456,#11458,.T.);
#11456 = VERTEX_POINT('',#11457);
#11457 = CARTESIAN_POINT('',(3.2,26.257279579762,3.45));
#11458 = LINE('',#11459,#11460);
#11459 = CARTESIAN_POINT('',(3.2,26.2,3.45));
#11460 = VECTOR('',#11461,1.);
#11461 = DIRECTION('',(0.,1.,0.));
#11462 = ORIENTED_EDGE('',*,*,#11463,.F.);
#11463 = EDGE_CURVE('',#11464,#11456,#11466,.T.);
#11464 = VERTEX_POINT('',#11465);
#11465 = CARTESIAN_POINT('',(-3.2,26.257279579762,3.45));
#11466 = LINE('',#11467,#11468);
#11467 = CARTESIAN_POINT('',(-3.2,26.257279579762,3.45));
#11468 = VECTOR('',#11469,1.);
#11469 = DIRECTION('',(1.,0.,-0.));
#11470 = ORIENTED_EDGE('',*,*,#11471,.F.);
#11471 = EDGE_CURVE('',#11437,#11464,#11472,.T.);
#11472 = LINE('',#11473,#11474);
#11473 = CARTESIAN_POINT('',(-3.2,26.2,3.45));
#11474 = VECTOR('',#11475,1.);
#11475 = DIRECTION('',(0.,1.,0.));
#11476 = PLANE('',#11477);
#11477 = AXIS2_PLACEMENT_3D('',#11478,#11479,#11480);
#11478 = CARTESIAN_POINT('',(9.E-17,23.728028209076,3.45));
#11479 = DIRECTION('',(0.,0.,1.));
#11480 = DIRECTION('',(1.,0.,-0.));
#11481 = ADVANCED_FACE('',(#11482),#11545,.T.);
#11482 = FACE_BOUND('',#11483,.T.);
#11483 = EDGE_LOOP('',(#11484,#11485,#11493,#11501,#11510,#11518,#11527,
    #11535,#11541,#11542,#11543,#11544));
#11484 = ORIENTED_EDGE('',*,*,#11076,.F.);
#11485 = ORIENTED_EDGE('',*,*,#11486,.F.);
#11486 = EDGE_CURVE('',#11487,#11069,#11489,.T.);
#11487 = VERTEX_POINT('',#11488);
#11488 = CARTESIAN_POINT('',(2.575,26.2,1.3));
#11489 = LINE('',#11490,#11491);
#11490 = CARTESIAN_POINT('',(2.575,26.2,1.3));
#11491 = VECTOR('',#11492,1.);
#11492 = DIRECTION('',(2.2E-16,0.,-1.));
#11493 = ORIENTED_EDGE('',*,*,#11494,.T.);
#11494 = EDGE_CURVE('',#11487,#11495,#11497,.T.);
#11495 = VERTEX_POINT('',#11496);
#11496 = CARTESIAN_POINT('',(2.660723304703,26.2,1.3));
#11497 = LINE('',#11498,#11499);
#11498 = CARTESIAN_POINT('',(-2.836764068712,26.2,1.3));
#11499 = VECTOR('',#11500,1.);
#11500 = DIRECTION('',(1.,0.,-0.));
#11501 = ORIENTED_EDGE('',*,*,#11502,.T.);
#11502 = EDGE_CURVE('',#11495,#11503,#11505,.T.);
#11503 = VERTEX_POINT('',#11504);
#11504 = CARTESIAN_POINT('',(2.749111652352,26.2,1.336611652352));
#11505 = CIRCLE('',#11506,0.125);
#11506 = AXIS2_PLACEMENT_3D('',#11507,#11508,#11509);
#11507 = CARTESIAN_POINT('',(2.660723304703,26.2,1.425));
#11508 = DIRECTION('',(0.,-1.,0.));
#11509 = DIRECTION('',(2.2E-16,0.,-1.));
#11510 = ORIENTED_EDGE('',*,*,#11511,.F.);
#11511 = EDGE_CURVE('',#11512,#11503,#11514,.T.);
#11512 = VERTEX_POINT('',#11513);
#11513 = CARTESIAN_POINT('',(3.413388347648,26.2,2.000888347648));
#11514 = LINE('',#11515,#11516);
#11515 = CARTESIAN_POINT('',(3.537867965644,26.2,2.125367965644));
#11516 = VECTOR('',#11517,1.);
#11517 = DIRECTION('',(-0.707106781187,-0.,-0.707106781187));
#11518 = ORIENTED_EDGE('',*,*,#11519,.T.);
#11519 = EDGE_CURVE('',#11512,#11520,#11522,.T.);
#11520 = VERTEX_POINT('',#11521);
#11521 = CARTESIAN_POINT('',(3.45,26.2,2.089276695297));
#11522 = CIRCLE('',#11523,0.125);
#11523 = AXIS2_PLACEMENT_3D('',#11524,#11525,#11526);
#11524 = CARTESIAN_POINT('',(3.325,26.2,2.089276695297));
#11525 = DIRECTION('',(0.,-1.,0.));
#11526 = DIRECTION('',(2.2E-16,0.,-1.));
#11527 = ORIENTED_EDGE('',*,*,#11528,.F.);
#11528 = EDGE_CURVE('',#11529,#11520,#11531,.T.);
#11529 = VERTEX_POINT('',#11530);
#11530 = CARTESIAN_POINT('',(3.45,26.2,2.107138347648));
#11531 = LINE('',#11532,#11533);
#11532 = CARTESIAN_POINT('',(3.45,26.2,3.45));
#11533 = VECTOR('',#11534,1.);
#11534 = DIRECTION('',(2.2E-16,0.,-1.));
#11535 = ORIENTED_EDGE('',*,*,#11536,.T.);
#11536 = EDGE_CURVE('',#11529,#11349,#11537,.T.);
#11537 = LINE('',#11538,#11539);
#11538 = CARTESIAN_POINT('',(3.45,26.2,2.107138347648));
#11539 = VECTOR('',#11540,1.);
#11540 = DIRECTION('',(1.,0.,-0.));
#11541 = ORIENTED_EDGE('',*,*,#11348,.T.);
#11542 = ORIENTED_EDGE('',*,*,#11256,.F.);
#11543 = ORIENTED_EDGE('',*,*,#11215,.T.);
#11544 = ORIENTED_EDGE('',*,*,#4270,.F.);
#11545 = PLANE('',#11546);
#11546 = AXIS2_PLACEMENT_3D('',#11547,#11548,#11549);
#11547 = CARTESIAN_POINT('',(0.,26.2,2.312950198131));
#11548 = DIRECTION('',(0.,1.,0.));
#11549 = DIRECTION('',(0.,-0.,1.));
#11550 = ADVANCED_FACE('',(#11551),#11569,.T.);
#11551 = FACE_BOUND('',#11552,.T.);
#11552 = EDGE_LOOP('',(#11553,#11561,#11562,#11563));
#11553 = ORIENTED_EDGE('',*,*,#11554,.F.);
#11554 = EDGE_CURVE('',#4329,#11555,#11557,.T.);
#11555 = VERTEX_POINT('',#11556);
#11556 = CARTESIAN_POINT('',(10.5,24.629899989998,0.));
#11557 = LINE('',#11558,#11559);
#11558 = CARTESIAN_POINT('',(10.5,25.,0.));
#11559 = VECTOR('',#11560,1.);
#11560 = DIRECTION('',(0.,-1.,0.));
#11561 = ORIENTED_EDGE('',*,*,#4338,.T.);
#11562 = ORIENTED_EDGE('',*,*,#4352,.T.);
#11563 = ORIENTED_EDGE('',*,*,#11564,.F.);
#11564 = EDGE_CURVE('',#11555,#4353,#11565,.T.);
#11565 = LINE('',#11566,#11567);
#11566 = CARTESIAN_POINT('',(10.5,24.629899989998,55.905302825492));
#11567 = VECTOR('',#11568,1.);
#11568 = DIRECTION('',(0.,0.,1.));
#11569 = PLANE('',#11570);
#11570 = AXIS2_PLACEMENT_3D('',#11571,#11572,#11573);
#11571 = CARTESIAN_POINT('',(10.5,25.,0.));
#11572 = DIRECTION('',(1.,0.,-0.));
#11573 = DIRECTION('',(0.,-1.,0.));
#11574 = ADVANCED_FACE('',(#11575),#11594,.F.);
#11575 = FACE_BOUND('',#11576,.F.);
#11576 = EDGE_LOOP('',(#11577,#11585,#11586,#11587));
#11577 = ORIENTED_EDGE('',*,*,#11578,.T.);
#11578 = EDGE_CURVE('',#11579,#4364,#11581,.T.);
#11579 = VERTEX_POINT('',#11580);
#11580 = CARTESIAN_POINT('',(10.5,23.630100010002,0.));
#11581 = LINE('',#11582,#11583);
#11582 = CARTESIAN_POINT('',(10.5,23.630100010002,55.905302825492));
#11583 = VECTOR('',#11584,1.);
#11584 = DIRECTION('',(0.,0.,1.));
#11585 = ORIENTED_EDGE('',*,*,#4371,.F.);
#11586 = ORIENTED_EDGE('',*,*,#11564,.F.);
#11587 = ORIENTED_EDGE('',*,*,#11588,.T.);
#11588 = EDGE_CURVE('',#11555,#11579,#11589,.T.);
#11589 = CIRCLE('',#11590,0.5);
#11590 = AXIS2_PLACEMENT_3D('',#11591,#11592,#11593);
#11591 = CARTESIAN_POINT('',(10.49,24.13,0.));
#11592 = DIRECTION('',(0.,0.,1.));
#11593 = DIRECTION('',(-1.,0.,0.));
#11594 = CYLINDRICAL_SURFACE('',#11595,0.5);
#11595 = AXIS2_PLACEMENT_3D('',#11596,#11597,#11598);
#11596 = CARTESIAN_POINT('',(10.49,24.13,55.905302825492));
#11597 = DIRECTION('',(0.,0.,1.));
#11598 = DIRECTION('',(-1.,0.,0.));
#11599 = ADVANCED_FACE('',(#11600),#11611,.T.);
#11600 = FACE_BOUND('',#11601,.T.);
#11601 = EDGE_LOOP('',(#11602,#11608,#11609,#11610));
#11602 = ORIENTED_EDGE('',*,*,#11603,.F.);
#11603 = EDGE_CURVE('',#11579,#4398,#11604,.T.);
#11604 = LINE('',#11605,#11606);
#11605 = CARTESIAN_POINT('',(10.5,25.,0.));
#11606 = VECTOR('',#11607,1.);
#11607 = DIRECTION('',(0.,-1.,0.));
#11608 = ORIENTED_EDGE('',*,*,#11578,.T.);
#11609 = ORIENTED_EDGE('',*,*,#4363,.T.);
#11610 = ORIENTED_EDGE('',*,*,#4407,.F.);
#11611 = PLANE('',#11612);
#11612 = AXIS2_PLACEMENT_3D('',#11613,#11614,#11615);
#11613 = CARTESIAN_POINT('',(10.5,25.,0.));
#11614 = DIRECTION('',(1.,0.,-0.));
#11615 = DIRECTION('',(0.,-1.,0.));
#11616 = ADVANCED_FACE('',(#11617),#11636,.F.);
#11617 = FACE_BOUND('',#11618,.F.);
#11618 = EDGE_LOOP('',(#11619,#11628,#11634,#11635));
#11619 = ORIENTED_EDGE('',*,*,#11620,.T.);
#11620 = EDGE_CURVE('',#11621,#11621,#11623,.T.);
#11621 = VERTEX_POINT('',#11622);
#11622 = CARTESIAN_POINT('',(9.39,24.13,1.E-15));
#11623 = CIRCLE('',#11624,0.5);
#11624 = AXIS2_PLACEMENT_3D('',#11625,#11626,#11627);
#11625 = CARTESIAN_POINT('',(8.89,24.13,1.97E-15));
#11626 = DIRECTION('',(0.,0.,1.));
#11627 = DIRECTION('',(-1.,0.,0.));
#11628 = ORIENTED_EDGE('',*,*,#11629,.F.);
#11629 = EDGE_CURVE('',#4381,#11621,#11630,.T.);
#11630 = LINE('',#11631,#11632);
#11631 = CARTESIAN_POINT('',(9.39,24.13,55.715027595793));
#11632 = VECTOR('',#11633,1.);
#11633 = DIRECTION('',(2.2E-16,0.,-1.));
#11634 = ORIENTED_EDGE('',*,*,#4380,.F.);
#11635 = ORIENTED_EDGE('',*,*,#11629,.T.);
#11636 = CYLINDRICAL_SURFACE('',#11637,0.5);
#11637 = AXIS2_PLACEMENT_3D('',#11638,#11639,#11640);
#11638 = CARTESIAN_POINT('',(8.89,24.13,55.715027595793));
#11639 = DIRECTION('',(0.,0.,1.));
#11640 = DIRECTION('',(-1.,0.,0.));
#11641 = ADVANCED_FACE('',(#11642),#11660,.T.);
#11642 = FACE_BOUND('',#11643,.T.);
#11643 = EDGE_LOOP('',(#11644,#11652,#11653,#11654));
#11644 = ORIENTED_EDGE('',*,*,#11645,.F.);
#11645 = EDGE_CURVE('',#4400,#11646,#11648,.T.);
#11646 = VERTEX_POINT('',#11647);
#11647 = CARTESIAN_POINT('',(10.5,22.089899989998,0.));
#11648 = LINE('',#11649,#11650);
#11649 = CARTESIAN_POINT('',(10.5,25.,0.));
#11650 = VECTOR('',#11651,1.);
#11651 = DIRECTION('',(0.,-1.,0.));
#11652 = ORIENTED_EDGE('',*,*,#4414,.T.);
#11653 = ORIENTED_EDGE('',*,*,#4446,.T.);
#11654 = ORIENTED_EDGE('',*,*,#11655,.F.);
#11655 = EDGE_CURVE('',#11646,#4438,#11656,.T.);
#11656 = LINE('',#11657,#11658);
#11657 = CARTESIAN_POINT('',(10.5,22.089899989998,55.905302825492));
#11658 = VECTOR('',#11659,1.);
#11659 = DIRECTION('',(0.,0.,1.));
#11660 = PLANE('',#11661);
#11661 = AXIS2_PLACEMENT_3D('',#11662,#11663,#11664);
#11662 = CARTESIAN_POINT('',(10.5,25.,0.));
#11663 = DIRECTION('',(1.,0.,-0.));
#11664 = DIRECTION('',(0.,-1.,0.));
#11665 = ADVANCED_FACE('',(#11666),#11685,.F.);
#11666 = FACE_BOUND('',#11667,.F.);
#11667 = EDGE_LOOP('',(#11668,#11676,#11677,#11678));
#11668 = ORIENTED_EDGE('',*,*,#11669,.T.);
#11669 = EDGE_CURVE('',#11670,#4430,#11672,.T.);
#11670 = VERTEX_POINT('',#11671);
#11671 = CARTESIAN_POINT('',(10.5,21.090100010002,0.));
#11672 = LINE('',#11673,#11674);
#11673 = CARTESIAN_POINT('',(10.5,21.090100010002,55.905302825492));
#11674 = VECTOR('',#11675,1.);
#11675 = DIRECTION('',(0.,0.,1.));
#11676 = ORIENTED_EDGE('',*,*,#4437,.F.);
#11677 = ORIENTED_EDGE('',*,*,#11655,.F.);
#11678 = ORIENTED_EDGE('',*,*,#11679,.T.);
#11679 = EDGE_CURVE('',#11646,#11670,#11680,.T.);
#11680 = CIRCLE('',#11681,0.5);
#11681 = AXIS2_PLACEMENT_3D('',#11682,#11683,#11684);
#11682 = CARTESIAN_POINT('',(10.49,21.59,0.));
#11683 = DIRECTION('',(0.,0.,1.));
#11684 = DIRECTION('',(-1.,0.,0.));
#11685 = CYLINDRICAL_SURFACE('',#11686,0.5);
#11686 = AXIS2_PLACEMENT_3D('',#11687,#11688,#11689);
#11687 = CARTESIAN_POINT('',(10.49,21.59,55.905302825492));
#11688 = DIRECTION('',(0.,0.,1.));
#11689 = DIRECTION('',(-1.,0.,0.));
#11690 = ADVANCED_FACE('',(#11691),#11702,.T.);
#11691 = FACE_BOUND('',#11692,.T.);
#11692 = EDGE_LOOP('',(#11693,#11699,#11700,#11701));
#11693 = ORIENTED_EDGE('',*,*,#11694,.F.);
#11694 = EDGE_CURVE('',#11670,#4474,#11695,.T.);
#11695 = LINE('',#11696,#11697);
#11696 = CARTESIAN_POINT('',(10.5,25.,0.));
#11697 = VECTOR('',#11698,1.);
#11698 = DIRECTION('',(0.,-1.,0.));
#11699 = ORIENTED_EDGE('',*,*,#11669,.T.);
#11700 = ORIENTED_EDGE('',*,*,#4429,.T.);
#11701 = ORIENTED_EDGE('',*,*,#4483,.F.);
#11702 = PLANE('',#11703);
#11703 = AXIS2_PLACEMENT_3D('',#11704,#11705,#11706);
#11704 = CARTESIAN_POINT('',(10.5,25.,0.));
#11705 = DIRECTION('',(1.,0.,-0.));
#11706 = DIRECTION('',(0.,-1.,0.));
#11707 = ADVANCED_FACE('',(#11708),#11727,.F.);
#11708 = FACE_BOUND('',#11709,.F.);
#11709 = EDGE_LOOP('',(#11710,#11719,#11725,#11726));
#11710 = ORIENTED_EDGE('',*,*,#11711,.T.);
#11711 = EDGE_CURVE('',#11712,#11712,#11714,.T.);
#11712 = VERTEX_POINT('',#11713);
#11713 = CARTESIAN_POINT('',(9.39,21.59,1.E-15));
#11714 = CIRCLE('',#11715,0.5);
#11715 = AXIS2_PLACEMENT_3D('',#11716,#11717,#11718);
#11716 = CARTESIAN_POINT('',(8.89,21.59,2.26E-15));
#11717 = DIRECTION('',(0.,0.,1.));
#11718 = DIRECTION('',(-1.,0.,0.));
#11719 = ORIENTED_EDGE('',*,*,#11720,.F.);
#11720 = EDGE_CURVE('',#4457,#11712,#11721,.T.);
#11721 = LINE('',#11722,#11723);
#11722 = CARTESIAN_POINT('',(9.39,21.59,55.715027595793));
#11723 = VECTOR('',#11724,1.);
#11724 = DIRECTION('',(2.2E-16,0.,-1.));
#11725 = ORIENTED_EDGE('',*,*,#4456,.F.);
#11726 = ORIENTED_EDGE('',*,*,#11720,.T.);
#11727 = CYLINDRICAL_SURFACE('',#11728,0.5);
#11728 = AXIS2_PLACEMENT_3D('',#11729,#11730,#11731);
#11729 = CARTESIAN_POINT('',(8.89,21.59,55.715027595793));
#11730 = DIRECTION('',(0.,0.,1.));
#11731 = DIRECTION('',(-1.,0.,0.));
#11732 = ADVANCED_FACE('',(#11733),#11751,.T.);
#11733 = FACE_BOUND('',#11734,.T.);
#11734 = EDGE_LOOP('',(#11735,#11743,#11744,#11745));
#11735 = ORIENTED_EDGE('',*,*,#11736,.F.);
#11736 = EDGE_CURVE('',#4476,#11737,#11739,.T.);
#11737 = VERTEX_POINT('',#11738);
#11738 = CARTESIAN_POINT('',(10.5,19.549899989998,0.));
#11739 = LINE('',#11740,#11741);
#11740 = CARTESIAN_POINT('',(10.5,25.,0.));
#11741 = VECTOR('',#11742,1.);
#11742 = DIRECTION('',(0.,-1.,0.));
#11743 = ORIENTED_EDGE('',*,*,#4490,.T.);
#11744 = ORIENTED_EDGE('',*,*,#4522,.T.);
#11745 = ORIENTED_EDGE('',*,*,#11746,.F.);
#11746 = EDGE_CURVE('',#11737,#4514,#11747,.T.);
#11747 = LINE('',#11748,#11749);
#11748 = CARTESIAN_POINT('',(10.5,19.549899989998,55.905302825492));
#11749 = VECTOR('',#11750,1.);
#11750 = DIRECTION('',(0.,0.,1.));
#11751 = PLANE('',#11752);
#11752 = AXIS2_PLACEMENT_3D('',#11753,#11754,#11755);
#11753 = CARTESIAN_POINT('',(10.5,25.,0.));
#11754 = DIRECTION('',(1.,0.,-0.));
#11755 = DIRECTION('',(0.,-1.,0.));
#11756 = ADVANCED_FACE('',(#11757),#11776,.F.);
#11757 = FACE_BOUND('',#11758,.F.);
#11758 = EDGE_LOOP('',(#11759,#11767,#11768,#11769));
#11759 = ORIENTED_EDGE('',*,*,#11760,.T.);
#11760 = EDGE_CURVE('',#11761,#4506,#11763,.T.);
#11761 = VERTEX_POINT('',#11762);
#11762 = CARTESIAN_POINT('',(10.5,18.550100010002,0.));
#11763 = LINE('',#11764,#11765);
#11764 = CARTESIAN_POINT('',(10.5,18.550100010002,55.905302825492));
#11765 = VECTOR('',#11766,1.);
#11766 = DIRECTION('',(0.,0.,1.));
#11767 = ORIENTED_EDGE('',*,*,#4513,.F.);
#11768 = ORIENTED_EDGE('',*,*,#11746,.F.);
#11769 = ORIENTED_EDGE('',*,*,#11770,.T.);
#11770 = EDGE_CURVE('',#11737,#11761,#11771,.T.);
#11771 = CIRCLE('',#11772,0.5);
#11772 = AXIS2_PLACEMENT_3D('',#11773,#11774,#11775);
#11773 = CARTESIAN_POINT('',(10.49,19.05,0.));
#11774 = DIRECTION('',(0.,0.,1.));
#11775 = DIRECTION('',(-1.,0.,0.));
#11776 = CYLINDRICAL_SURFACE('',#11777,0.5);
#11777 = AXIS2_PLACEMENT_3D('',#11778,#11779,#11780);
#11778 = CARTESIAN_POINT('',(10.49,19.05,55.905302825492));
#11779 = DIRECTION('',(0.,0.,1.));
#11780 = DIRECTION('',(-1.,0.,0.));
#11781 = ADVANCED_FACE('',(#11782),#11793,.T.);
#11782 = FACE_BOUND('',#11783,.T.);
#11783 = EDGE_LOOP('',(#11784,#11790,#11791,#11792));
#11784 = ORIENTED_EDGE('',*,*,#11785,.F.);
#11785 = EDGE_CURVE('',#11761,#4552,#11786,.T.);
#11786 = LINE('',#11787,#11788);
#11787 = CARTESIAN_POINT('',(10.5,25.,0.));
#11788 = VECTOR('',#11789,1.);
#11789 = DIRECTION('',(0.,-1.,0.));
#11790 = ORIENTED_EDGE('',*,*,#11760,.T.);
#11791 = ORIENTED_EDGE('',*,*,#4505,.T.);
#11792 = ORIENTED_EDGE('',*,*,#4561,.F.);
#11793 = PLANE('',#11794);
#11794 = AXIS2_PLACEMENT_3D('',#11795,#11796,#11797);
#11795 = CARTESIAN_POINT('',(10.5,25.,0.));
#11796 = DIRECTION('',(1.,0.,-0.));
#11797 = DIRECTION('',(0.,-1.,0.));
#11798 = ADVANCED_FACE('',(#11799),#11818,.F.);
#11799 = FACE_BOUND('',#11800,.F.);
#11800 = EDGE_LOOP('',(#11801,#11810,#11816,#11817));
#11801 = ORIENTED_EDGE('',*,*,#11802,.T.);
#11802 = EDGE_CURVE('',#11803,#11803,#11805,.T.);
#11803 = VERTEX_POINT('',#11804);
#11804 = CARTESIAN_POINT('',(9.39,19.05,1.E-15));
#11805 = CIRCLE('',#11806,0.5);
#11806 = AXIS2_PLACEMENT_3D('',#11807,#11808,#11809);
#11807 = CARTESIAN_POINT('',(8.89,19.05,0.));
#11808 = DIRECTION('',(0.,0.,1.));
#11809 = DIRECTION('',(-1.,0.,0.));
#11810 = ORIENTED_EDGE('',*,*,#11811,.F.);
#11811 = EDGE_CURVE('',#4535,#11803,#11812,.T.);
#11812 = LINE('',#11813,#11814);
#11813 = CARTESIAN_POINT('',(9.39,19.05,55.715027595793));
#11814 = VECTOR('',#11815,1.);
#11815 = DIRECTION('',(2.2E-16,0.,-1.));
#11816 = ORIENTED_EDGE('',*,*,#4534,.F.);
#11817 = ORIENTED_EDGE('',*,*,#11811,.T.);
#11818 = CYLINDRICAL_SURFACE('',#11819,0.5);
#11819 = AXIS2_PLACEMENT_3D('',#11820,#11821,#11822);
#11820 = CARTESIAN_POINT('',(8.89,19.05,55.715027595793));
#11821 = DIRECTION('',(0.,0.,1.));
#11822 = DIRECTION('',(-1.,0.,0.));
#11823 = ADVANCED_FACE('',(#11824),#11842,.T.);
#11824 = FACE_BOUND('',#11825,.T.);
#11825 = EDGE_LOOP('',(#11826,#11834,#11835,#11836));
#11826 = ORIENTED_EDGE('',*,*,#11827,.F.);
#11827 = EDGE_CURVE('',#4554,#11828,#11830,.T.);
#11828 = VERTEX_POINT('',#11829);
#11829 = CARTESIAN_POINT('',(10.5,17.009899989998,0.));
#11830 = LINE('',#11831,#11832);
#11831 = CARTESIAN_POINT('',(10.5,25.,0.));
#11832 = VECTOR('',#11833,1.);
#11833 = DIRECTION('',(0.,-1.,0.));
#11834 = ORIENTED_EDGE('',*,*,#4568,.T.);
#11835 = ORIENTED_EDGE('',*,*,#4600,.T.);
#11836 = ORIENTED_EDGE('',*,*,#11837,.F.);
#11837 = EDGE_CURVE('',#11828,#4592,#11838,.T.);
#11838 = LINE('',#11839,#11840);
#11839 = CARTESIAN_POINT('',(10.5,17.009899989998,55.905302825492));
#11840 = VECTOR('',#11841,1.);
#11841 = DIRECTION('',(0.,0.,1.));
#11842 = PLANE('',#11843);
#11843 = AXIS2_PLACEMENT_3D('',#11844,#11845,#11846);
#11844 = CARTESIAN_POINT('',(10.5,25.,0.));
#11845 = DIRECTION('',(1.,0.,-0.));
#11846 = DIRECTION('',(0.,-1.,0.));
#11847 = ADVANCED_FACE('',(#11848),#11867,.F.);
#11848 = FACE_BOUND('',#11849,.F.);
#11849 = EDGE_LOOP('',(#11850,#11858,#11859,#11860));
#11850 = ORIENTED_EDGE('',*,*,#11851,.T.);
#11851 = EDGE_CURVE('',#11852,#4584,#11854,.T.);
#11852 = VERTEX_POINT('',#11853);
#11853 = CARTESIAN_POINT('',(10.5,16.010100010002,0.));
#11854 = LINE('',#11855,#11856);
#11855 = CARTESIAN_POINT('',(10.5,16.010100010002,55.905302825492));
#11856 = VECTOR('',#11857,1.);
#11857 = DIRECTION('',(0.,0.,1.));
#11858 = ORIENTED_EDGE('',*,*,#4591,.F.);
#11859 = ORIENTED_EDGE('',*,*,#11837,.F.);
#11860 = ORIENTED_EDGE('',*,*,#11861,.T.);
#11861 = EDGE_CURVE('',#11828,#11852,#11862,.T.);
#11862 = CIRCLE('',#11863,0.5);
#11863 = AXIS2_PLACEMENT_3D('',#11864,#11865,#11866);
#11864 = CARTESIAN_POINT('',(10.49,16.51,0.));
#11865 = DIRECTION('',(0.,0.,1.));
#11866 = DIRECTION('',(-1.,0.,0.));
#11867 = CYLINDRICAL_SURFACE('',#11868,0.5);
#11868 = AXIS2_PLACEMENT_3D('',#11869,#11870,#11871);
#11869 = CARTESIAN_POINT('',(10.49,16.51,55.905302825492));
#11870 = DIRECTION('',(0.,0.,1.));
#11871 = DIRECTION('',(-1.,0.,0.));
#11872 = ADVANCED_FACE('',(#11873),#11884,.T.);
#11873 = FACE_BOUND('',#11874,.T.);
#11874 = EDGE_LOOP('',(#11875,#11881,#11882,#11883));
#11875 = ORIENTED_EDGE('',*,*,#11876,.F.);
#11876 = EDGE_CURVE('',#11852,#4628,#11877,.T.);
#11877 = LINE('',#11878,#11879);
#11878 = CARTESIAN_POINT('',(10.5,25.,0.));
#11879 = VECTOR('',#11880,1.);
#11880 = DIRECTION('',(0.,-1.,0.));
#11881 = ORIENTED_EDGE('',*,*,#11851,.T.);
#11882 = ORIENTED_EDGE('',*,*,#4583,.T.);
#11883 = ORIENTED_EDGE('',*,*,#4637,.F.);
#11884 = PLANE('',#11885);
#11885 = AXIS2_PLACEMENT_3D('',#11886,#11887,#11888);
#11886 = CARTESIAN_POINT('',(10.5,25.,0.));
#11887 = DIRECTION('',(1.,0.,-0.));
#11888 = DIRECTION('',(0.,-1.,0.));
#11889 = ADVANCED_FACE('',(#11890),#11909,.F.);
#11890 = FACE_BOUND('',#11891,.F.);
#11891 = EDGE_LOOP('',(#11892,#11901,#11907,#11908));
#11892 = ORIENTED_EDGE('',*,*,#11893,.T.);
#11893 = EDGE_CURVE('',#11894,#11894,#11896,.T.);
#11894 = VERTEX_POINT('',#11895);
#11895 = CARTESIAN_POINT('',(9.39,16.51,1.E-15));
#11896 = CIRCLE('',#11897,0.5);
#11897 = AXIS2_PLACEMENT_3D('',#11898,#11899,#11900);
#11898 = CARTESIAN_POINT('',(8.89,16.51,2.82E-15));
#11899 = DIRECTION('',(0.,0.,1.));
#11900 = DIRECTION('',(-1.,0.,0.));
#11901 = ORIENTED_EDGE('',*,*,#11902,.F.);
#11902 = EDGE_CURVE('',#4611,#11894,#11903,.T.);
#11903 = LINE('',#11904,#11905);
#11904 = CARTESIAN_POINT('',(9.39,16.51,55.715027595793));
#11905 = VECTOR('',#11906,1.);
#11906 = DIRECTION('',(2.2E-16,0.,-1.));
#11907 = ORIENTED_EDGE('',*,*,#4610,.F.);
#11908 = ORIENTED_EDGE('',*,*,#11902,.T.);
#11909 = CYLINDRICAL_SURFACE('',#11910,0.5);
#11910 = AXIS2_PLACEMENT_3D('',#11911,#11912,#11913);
#11911 = CARTESIAN_POINT('',(8.89,16.51,55.715027595793));
#11912 = DIRECTION('',(0.,0.,1.));
#11913 = DIRECTION('',(-1.,0.,0.));
#11914 = ADVANCED_FACE('',(#11915),#11933,.T.);
#11915 = FACE_BOUND('',#11916,.T.);
#11916 = EDGE_LOOP('',(#11917,#11925,#11926,#11927));
#11917 = ORIENTED_EDGE('',*,*,#11918,.F.);
#11918 = EDGE_CURVE('',#4630,#11919,#11921,.T.);
#11919 = VERTEX_POINT('',#11920);
#11920 = CARTESIAN_POINT('',(10.5,14.469899989998,0.));
#11921 = LINE('',#11922,#11923);
#11922 = CARTESIAN_POINT('',(10.5,25.,0.));
#11923 = VECTOR('',#11924,1.);
#11924 = DIRECTION('',(0.,-1.,0.));
#11925 = ORIENTED_EDGE('',*,*,#4644,.T.);
#11926 = ORIENTED_EDGE('',*,*,#4676,.T.);
#11927 = ORIENTED_EDGE('',*,*,#11928,.F.);
#11928 = EDGE_CURVE('',#11919,#4668,#11929,.T.);
#11929 = LINE('',#11930,#11931);
#11930 = CARTESIAN_POINT('',(10.5,14.469899989998,55.905302825492));
#11931 = VECTOR('',#11932,1.);
#11932 = DIRECTION('',(0.,0.,1.));
#11933 = PLANE('',#11934);
#11934 = AXIS2_PLACEMENT_3D('',#11935,#11936,#11937);
#11935 = CARTESIAN_POINT('',(10.5,25.,0.));
#11936 = DIRECTION('',(1.,0.,-0.));
#11937 = DIRECTION('',(0.,-1.,0.));
#11938 = ADVANCED_FACE('',(#11939),#11958,.F.);
#11939 = FACE_BOUND('',#11940,.F.);
#11940 = EDGE_LOOP('',(#11941,#11949,#11950,#11951));
#11941 = ORIENTED_EDGE('',*,*,#11942,.T.);
#11942 = EDGE_CURVE('',#11943,#4660,#11945,.T.);
#11943 = VERTEX_POINT('',#11944);
#11944 = CARTESIAN_POINT('',(10.5,13.470100010002,0.));
#11945 = LINE('',#11946,#11947);
#11946 = CARTESIAN_POINT('',(10.5,13.470100010002,55.905302825492));
#11947 = VECTOR('',#11948,1.);
#11948 = DIRECTION('',(0.,0.,1.));
#11949 = ORIENTED_EDGE('',*,*,#4667,.F.);
#11950 = ORIENTED_EDGE('',*,*,#11928,.F.);
#11951 = ORIENTED_EDGE('',*,*,#11952,.T.);
#11952 = EDGE_CURVE('',#11919,#11943,#11953,.T.);
#11953 = CIRCLE('',#11954,0.5);
#11954 = AXIS2_PLACEMENT_3D('',#11955,#11956,#11957);
#11955 = CARTESIAN_POINT('',(10.49,13.97,0.));
#11956 = DIRECTION('',(0.,0.,1.));
#11957 = DIRECTION('',(-1.,0.,0.));
#11958 = CYLINDRICAL_SURFACE('',#11959,0.5);
#11959 = AXIS2_PLACEMENT_3D('',#11960,#11961,#11962);
#11960 = CARTESIAN_POINT('',(10.49,13.97,55.905302825492));
#11961 = DIRECTION('',(0.,0.,1.));
#11962 = DIRECTION('',(-1.,0.,0.));
#11963 = ADVANCED_FACE('',(#11964),#11975,.T.);
#11964 = FACE_BOUND('',#11965,.T.);
#11965 = EDGE_LOOP('',(#11966,#11972,#11973,#11974));
#11966 = ORIENTED_EDGE('',*,*,#11967,.F.);
#11967 = EDGE_CURVE('',#11943,#4704,#11968,.T.);
#11968 = LINE('',#11969,#11970);
#11969 = CARTESIAN_POINT('',(10.5,25.,0.));
#11970 = VECTOR('',#11971,1.);
#11971 = DIRECTION('',(0.,-1.,0.));
#11972 = ORIENTED_EDGE('',*,*,#11942,.T.);
#11973 = ORIENTED_EDGE('',*,*,#4659,.T.);
#11974 = ORIENTED_EDGE('',*,*,#4713,.F.);
#11975 = PLANE('',#11976);
#11976 = AXIS2_PLACEMENT_3D('',#11977,#11978,#11979);
#11977 = CARTESIAN_POINT('',(10.5,25.,0.));
#11978 = DIRECTION('',(1.,0.,-0.));
#11979 = DIRECTION('',(0.,-1.,0.));
#11980 = ADVANCED_FACE('',(#11981),#12000,.F.);
#11981 = FACE_BOUND('',#11982,.F.);
#11982 = EDGE_LOOP('',(#11983,#11992,#11998,#11999));
#11983 = ORIENTED_EDGE('',*,*,#11984,.T.);
#11984 = EDGE_CURVE('',#11985,#11985,#11987,.T.);
#11985 = VERTEX_POINT('',#11986);
#11986 = CARTESIAN_POINT('',(9.39,13.97,1.E-15));
#11987 = CIRCLE('',#11988,0.5);
#11988 = AXIS2_PLACEMENT_3D('',#11989,#11990,#11991);
#11989 = CARTESIAN_POINT('',(8.89,13.97,3.1E-15));
#11990 = DIRECTION('',(0.,0.,1.));
#11991 = DIRECTION('',(-1.,0.,0.));
#11992 = ORIENTED_EDGE('',*,*,#11993,.F.);
#11993 = EDGE_CURVE('',#4687,#11985,#11994,.T.);
#11994 = LINE('',#11995,#11996);
#11995 = CARTESIAN_POINT('',(9.39,13.97,55.715027595793));
#11996 = VECTOR('',#11997,1.);
#11997 = DIRECTION('',(2.2E-16,0.,-1.));
#11998 = ORIENTED_EDGE('',*,*,#4686,.F.);
#11999 = ORIENTED_EDGE('',*,*,#11993,.T.);
#12000 = CYLINDRICAL_SURFACE('',#12001,0.5);
#12001 = AXIS2_PLACEMENT_3D('',#12002,#12003,#12004);
#12002 = CARTESIAN_POINT('',(8.89,13.97,55.715027595793));
#12003 = DIRECTION('',(0.,0.,1.));
#12004 = DIRECTION('',(-1.,0.,0.));
#12005 = ADVANCED_FACE('',(#12006),#12024,.T.);
#12006 = FACE_BOUND('',#12007,.T.);
#12007 = EDGE_LOOP('',(#12008,#12016,#12017,#12018));
#12008 = ORIENTED_EDGE('',*,*,#12009,.F.);
#12009 = EDGE_CURVE('',#4706,#12010,#12012,.T.);
#12010 = VERTEX_POINT('',#12011);
#12011 = CARTESIAN_POINT('',(10.5,11.929899989998,0.));
#12012 = LINE('',#12013,#12014);
#12013 = CARTESIAN_POINT('',(10.5,25.,0.));
#12014 = VECTOR('',#12015,1.);
#12015 = DIRECTION('',(0.,-1.,0.));
#12016 = ORIENTED_EDGE('',*,*,#4720,.T.);
#12017 = ORIENTED_EDGE('',*,*,#4752,.T.);
#12018 = ORIENTED_EDGE('',*,*,#12019,.F.);
#12019 = EDGE_CURVE('',#12010,#4744,#12020,.T.);
#12020 = LINE('',#12021,#12022);
#12021 = CARTESIAN_POINT('',(10.5,11.929899989998,55.905302825492));
#12022 = VECTOR('',#12023,1.);
#12023 = DIRECTION('',(0.,0.,1.));
#12024 = PLANE('',#12025);
#12025 = AXIS2_PLACEMENT_3D('',#12026,#12027,#12028);
#12026 = CARTESIAN_POINT('',(10.5,25.,0.));
#12027 = DIRECTION('',(1.,0.,-0.));
#12028 = DIRECTION('',(0.,-1.,0.));
#12029 = ADVANCED_FACE('',(#12030),#12049,.F.);
#12030 = FACE_BOUND('',#12031,.F.);
#12031 = EDGE_LOOP('',(#12032,#12040,#12041,#12042));
#12032 = ORIENTED_EDGE('',*,*,#12033,.T.);
#12033 = EDGE_CURVE('',#12034,#4736,#12036,.T.);
#12034 = VERTEX_POINT('',#12035);
#12035 = CARTESIAN_POINT('',(10.5,10.930100010002,0.));
#12036 = LINE('',#12037,#12038);
#12037 = CARTESIAN_POINT('',(10.5,10.930100010002,55.905302825492));
#12038 = VECTOR('',#12039,1.);
#12039 = DIRECTION('',(0.,0.,1.));
#12040 = ORIENTED_EDGE('',*,*,#4743,.F.);
#12041 = ORIENTED_EDGE('',*,*,#12019,.F.);
#12042 = ORIENTED_EDGE('',*,*,#12043,.T.);
#12043 = EDGE_CURVE('',#12010,#12034,#12044,.T.);
#12044 = CIRCLE('',#12045,0.5);
#12045 = AXIS2_PLACEMENT_3D('',#12046,#12047,#12048);
#12046 = CARTESIAN_POINT('',(10.49,11.43,0.));
#12047 = DIRECTION('',(0.,0.,1.));
#12048 = DIRECTION('',(-1.,0.,0.));
#12049 = CYLINDRICAL_SURFACE('',#12050,0.5);
#12050 = AXIS2_PLACEMENT_3D('',#12051,#12052,#12053);
#12051 = CARTESIAN_POINT('',(10.49,11.43,55.905302825492));
#12052 = DIRECTION('',(0.,0.,1.));
#12053 = DIRECTION('',(-1.,0.,0.));
#12054 = ADVANCED_FACE('',(#12055),#12066,.T.);
#12055 = FACE_BOUND('',#12056,.T.);
#12056 = EDGE_LOOP('',(#12057,#12063,#12064,#12065));
#12057 = ORIENTED_EDGE('',*,*,#12058,.F.);
#12058 = EDGE_CURVE('',#12034,#4780,#12059,.T.);
#12059 = LINE('',#12060,#12061);
#12060 = CARTESIAN_POINT('',(10.5,25.,0.));
#12061 = VECTOR('',#12062,1.);
#12062 = DIRECTION('',(0.,-1.,0.));
#12063 = ORIENTED_EDGE('',*,*,#12033,.T.);
#12064 = ORIENTED_EDGE('',*,*,#4735,.T.);
#12065 = ORIENTED_EDGE('',*,*,#4789,.F.);
#12066 = PLANE('',#12067);
#12067 = AXIS2_PLACEMENT_3D('',#12068,#12069,#12070);
#12068 = CARTESIAN_POINT('',(10.5,25.,0.));
#12069 = DIRECTION('',(1.,0.,-0.));
#12070 = DIRECTION('',(0.,-1.,0.));
#12071 = ADVANCED_FACE('',(#12072),#12091,.F.);
#12072 = FACE_BOUND('',#12073,.F.);
#12073 = EDGE_LOOP('',(#12074,#12083,#12089,#12090));
#12074 = ORIENTED_EDGE('',*,*,#12075,.T.);
#12075 = EDGE_CURVE('',#12076,#12076,#12078,.T.);
#12076 = VERTEX_POINT('',#12077);
#12077 = CARTESIAN_POINT('',(9.39,11.43,1.E-15));
#12078 = CIRCLE('',#12079,0.5);
#12079 = AXIS2_PLACEMENT_3D('',#12080,#12081,#12082);
#12080 = CARTESIAN_POINT('',(8.89,11.43,3.38E-15));
#12081 = DIRECTION('',(0.,0.,1.));
#12082 = DIRECTION('',(-1.,0.,0.));
#12083 = ORIENTED_EDGE('',*,*,#12084,.F.);
#12084 = EDGE_CURVE('',#4763,#12076,#12085,.T.);
#12085 = LINE('',#12086,#12087);
#12086 = CARTESIAN_POINT('',(9.39,11.43,55.715027595793));
#12087 = VECTOR('',#12088,1.);
#12088 = DIRECTION('',(2.2E-16,0.,-1.));
#12089 = ORIENTED_EDGE('',*,*,#4762,.F.);
#12090 = ORIENTED_EDGE('',*,*,#12084,.T.);
#12091 = CYLINDRICAL_SURFACE('',#12092,0.5);
#12092 = AXIS2_PLACEMENT_3D('',#12093,#12094,#12095);
#12093 = CARTESIAN_POINT('',(8.89,11.43,55.715027595793));
#12094 = DIRECTION('',(0.,0.,1.));
#12095 = DIRECTION('',(-1.,0.,0.));
#12096 = ADVANCED_FACE('',(#12097),#12115,.T.);
#12097 = FACE_BOUND('',#12098,.T.);
#12098 = EDGE_LOOP('',(#12099,#12107,#12108,#12109));
#12099 = ORIENTED_EDGE('',*,*,#12100,.F.);
#12100 = EDGE_CURVE('',#4782,#12101,#12103,.T.);
#12101 = VERTEX_POINT('',#12102);
#12102 = CARTESIAN_POINT('',(10.5,9.389899989998,0.));
#12103 = LINE('',#12104,#12105);
#12104 = CARTESIAN_POINT('',(10.5,25.,0.));
#12105 = VECTOR('',#12106,1.);
#12106 = DIRECTION('',(0.,-1.,0.));
#12107 = ORIENTED_EDGE('',*,*,#4796,.T.);
#12108 = ORIENTED_EDGE('',*,*,#4828,.T.);
#12109 = ORIENTED_EDGE('',*,*,#12110,.F.);
#12110 = EDGE_CURVE('',#12101,#4820,#12111,.T.);
#12111 = LINE('',#12112,#12113);
#12112 = CARTESIAN_POINT('',(10.5,9.389899989998,55.905302825492));
#12113 = VECTOR('',#12114,1.);
#12114 = DIRECTION('',(0.,0.,1.));
#12115 = PLANE('',#12116);
#12116 = AXIS2_PLACEMENT_3D('',#12117,#12118,#12119);
#12117 = CARTESIAN_POINT('',(10.5,25.,0.));
#12118 = DIRECTION('',(1.,0.,-0.));
#12119 = DIRECTION('',(0.,-1.,0.));
#12120 = ADVANCED_FACE('',(#12121),#12140,.F.);
#12121 = FACE_BOUND('',#12122,.F.);
#12122 = EDGE_LOOP('',(#12123,#12131,#12132,#12133));
#12123 = ORIENTED_EDGE('',*,*,#12124,.T.);
#12124 = EDGE_CURVE('',#12125,#4812,#12127,.T.);
#12125 = VERTEX_POINT('',#12126);
#12126 = CARTESIAN_POINT('',(10.5,8.390100010002,0.));
#12127 = LINE('',#12128,#12129);
#12128 = CARTESIAN_POINT('',(10.5,8.390100010002,55.905302825492));
#12129 = VECTOR('',#12130,1.);
#12130 = DIRECTION('',(0.,0.,1.));
#12131 = ORIENTED_EDGE('',*,*,#4819,.F.);
#12132 = ORIENTED_EDGE('',*,*,#12110,.F.);
#12133 = ORIENTED_EDGE('',*,*,#12134,.T.);
#12134 = EDGE_CURVE('',#12101,#12125,#12135,.T.);
#12135 = CIRCLE('',#12136,0.5);
#12136 = AXIS2_PLACEMENT_3D('',#12137,#12138,#12139);
#12137 = CARTESIAN_POINT('',(10.49,8.89,0.));
#12138 = DIRECTION('',(0.,0.,1.));
#12139 = DIRECTION('',(-1.,0.,0.));
#12140 = CYLINDRICAL_SURFACE('',#12141,0.5);
#12141 = AXIS2_PLACEMENT_3D('',#12142,#12143,#12144);
#12142 = CARTESIAN_POINT('',(10.49,8.89,55.905302825492));
#12143 = DIRECTION('',(0.,0.,1.));
#12144 = DIRECTION('',(-1.,0.,0.));
#12145 = ADVANCED_FACE('',(#12146),#12157,.T.);
#12146 = FACE_BOUND('',#12147,.T.);
#12147 = EDGE_LOOP('',(#12148,#12154,#12155,#12156));
#12148 = ORIENTED_EDGE('',*,*,#12149,.F.);
#12149 = EDGE_CURVE('',#12125,#4856,#12150,.T.);
#12150 = LINE('',#12151,#12152);
#12151 = CARTESIAN_POINT('',(10.5,25.,0.));
#12152 = VECTOR('',#12153,1.);
#12153 = DIRECTION('',(0.,-1.,0.));
#12154 = ORIENTED_EDGE('',*,*,#12124,.T.);
#12155 = ORIENTED_EDGE('',*,*,#4811,.T.);
#12156 = ORIENTED_EDGE('',*,*,#4865,.F.);
#12157 = PLANE('',#12158);
#12158 = AXIS2_PLACEMENT_3D('',#12159,#12160,#12161);
#12159 = CARTESIAN_POINT('',(10.5,25.,0.));
#12160 = DIRECTION('',(1.,0.,-0.));
#12161 = DIRECTION('',(0.,-1.,0.));
#12162 = ADVANCED_FACE('',(#12163),#12182,.F.);
#12163 = FACE_BOUND('',#12164,.F.);
#12164 = EDGE_LOOP('',(#12165,#12174,#12180,#12181));
#12165 = ORIENTED_EDGE('',*,*,#12166,.T.);
#12166 = EDGE_CURVE('',#12167,#12167,#12169,.T.);
#12167 = VERTEX_POINT('',#12168);
#12168 = CARTESIAN_POINT('',(9.39,8.89,2.E-15));
#12169 = CIRCLE('',#12170,0.5);
#12170 = AXIS2_PLACEMENT_3D('',#12171,#12172,#12173);
#12171 = CARTESIAN_POINT('',(8.89,8.89,3.67E-15));
#12172 = DIRECTION('',(0.,0.,1.));
#12173 = DIRECTION('',(-1.,0.,0.));
#12174 = ORIENTED_EDGE('',*,*,#12175,.F.);
#12175 = EDGE_CURVE('',#4839,#12167,#12176,.T.);
#12176 = LINE('',#12177,#12178);
#12177 = CARTESIAN_POINT('',(9.39,8.89,55.715027595793));
#12178 = VECTOR('',#12179,1.);
#12179 = DIRECTION('',(2.2E-16,0.,-1.));
#12180 = ORIENTED_EDGE('',*,*,#4838,.F.);
#12181 = ORIENTED_EDGE('',*,*,#12175,.T.);
#12182 = CYLINDRICAL_SURFACE('',#12183,0.5);
#12183 = AXIS2_PLACEMENT_3D('',#12184,#12185,#12186);
#12184 = CARTESIAN_POINT('',(8.89,8.89,55.715027595793));
#12185 = DIRECTION('',(0.,0.,1.));
#12186 = DIRECTION('',(-1.,0.,0.));
#12187 = ADVANCED_FACE('',(#12188),#12206,.T.);
#12188 = FACE_BOUND('',#12189,.T.);
#12189 = EDGE_LOOP('',(#12190,#12198,#12199,#12200));
#12190 = ORIENTED_EDGE('',*,*,#12191,.F.);
#12191 = EDGE_CURVE('',#4858,#12192,#12194,.T.);
#12192 = VERTEX_POINT('',#12193);
#12193 = CARTESIAN_POINT('',(10.5,6.849899989998,0.));
#12194 = LINE('',#12195,#12196);
#12195 = CARTESIAN_POINT('',(10.5,25.,0.));
#12196 = VECTOR('',#12197,1.);
#12197 = DIRECTION('',(0.,-1.,0.));
#12198 = ORIENTED_EDGE('',*,*,#4872,.T.);
#12199 = ORIENTED_EDGE('',*,*,#4904,.T.);
#12200 = ORIENTED_EDGE('',*,*,#12201,.F.);
#12201 = EDGE_CURVE('',#12192,#4896,#12202,.T.);
#12202 = LINE('',#12203,#12204);
#12203 = CARTESIAN_POINT('',(10.5,6.849899989998,55.905302825492));
#12204 = VECTOR('',#12205,1.);
#12205 = DIRECTION('',(0.,0.,1.));
#12206 = PLANE('',#12207);
#12207 = AXIS2_PLACEMENT_3D('',#12208,#12209,#12210);
#12208 = CARTESIAN_POINT('',(10.5,25.,0.));
#12209 = DIRECTION('',(1.,0.,-0.));
#12210 = DIRECTION('',(0.,-1.,0.));
#12211 = ADVANCED_FACE('',(#12212),#12231,.F.);
#12212 = FACE_BOUND('',#12213,.F.);
#12213 = EDGE_LOOP('',(#12214,#12222,#12223,#12224));
#12214 = ORIENTED_EDGE('',*,*,#12215,.T.);
#12215 = EDGE_CURVE('',#12216,#4888,#12218,.T.);
#12216 = VERTEX_POINT('',#12217);
#12217 = CARTESIAN_POINT('',(10.5,5.850100010002,1.E-15));
#12218 = LINE('',#12219,#12220);
#12219 = CARTESIAN_POINT('',(10.5,5.850100010002,55.905302825492));
#12220 = VECTOR('',#12221,1.);
#12221 = DIRECTION('',(0.,0.,1.));
#12222 = ORIENTED_EDGE('',*,*,#4895,.F.);
#12223 = ORIENTED_EDGE('',*,*,#12201,.F.);
#12224 = ORIENTED_EDGE('',*,*,#12225,.T.);
#12225 = EDGE_CURVE('',#12192,#12216,#12226,.T.);
#12226 = CIRCLE('',#12227,0.5);
#12227 = AXIS2_PLACEMENT_3D('',#12228,#12229,#12230);
#12228 = CARTESIAN_POINT('',(10.49,6.35,0.));
#12229 = DIRECTION('',(0.,0.,1.));
#12230 = DIRECTION('',(-1.,0.,0.));
#12231 = CYLINDRICAL_SURFACE('',#12232,0.5);
#12232 = AXIS2_PLACEMENT_3D('',#12233,#12234,#12235);
#12233 = CARTESIAN_POINT('',(10.49,6.35,55.905302825492));
#12234 = DIRECTION('',(0.,0.,1.));
#12235 = DIRECTION('',(-1.,0.,0.));
#12236 = ADVANCED_FACE('',(#12237),#12248,.T.);
#12237 = FACE_BOUND('',#12238,.T.);
#12238 = EDGE_LOOP('',(#12239,#12245,#12246,#12247));
#12239 = ORIENTED_EDGE('',*,*,#12240,.F.);
#12240 = EDGE_CURVE('',#12216,#4934,#12241,.T.);
#12241 = LINE('',#12242,#12243);
#12242 = CARTESIAN_POINT('',(10.5,25.,0.));
#12243 = VECTOR('',#12244,1.);
#12244 = DIRECTION('',(0.,-1.,0.));
#12245 = ORIENTED_EDGE('',*,*,#12215,.T.);
#12246 = ORIENTED_EDGE('',*,*,#4887,.T.);
#12247 = ORIENTED_EDGE('',*,*,#4943,.F.);
#12248 = PLANE('',#12249);
#12249 = AXIS2_PLACEMENT_3D('',#12250,#12251,#12252);
#12250 = CARTESIAN_POINT('',(10.5,25.,0.));
#12251 = DIRECTION('',(1.,0.,-0.));
#12252 = DIRECTION('',(0.,-1.,0.));
#12253 = ADVANCED_FACE('',(#12254),#12273,.F.);
#12254 = FACE_BOUND('',#12255,.F.);
#12255 = EDGE_LOOP('',(#12256,#12265,#12271,#12272));
#12256 = ORIENTED_EDGE('',*,*,#12257,.T.);
#12257 = EDGE_CURVE('',#12258,#12258,#12260,.T.);
#12258 = VERTEX_POINT('',#12259);
#12259 = CARTESIAN_POINT('',(9.39,6.35,2.E-15));
#12260 = CIRCLE('',#12261,0.5);
#12261 = AXIS2_PLACEMENT_3D('',#12262,#12263,#12264);
#12262 = CARTESIAN_POINT('',(8.89,6.35,0.));
#12263 = DIRECTION('',(0.,0.,1.));
#12264 = DIRECTION('',(-1.,0.,0.));
#12265 = ORIENTED_EDGE('',*,*,#12266,.F.);
#12266 = EDGE_CURVE('',#4917,#12258,#12267,.T.);
#12267 = LINE('',#12268,#12269);
#12268 = CARTESIAN_POINT('',(9.39,6.35,55.715027595793));
#12269 = VECTOR('',#12270,1.);
#12270 = DIRECTION('',(2.2E-16,0.,-1.));
#12271 = ORIENTED_EDGE('',*,*,#4916,.F.);
#12272 = ORIENTED_EDGE('',*,*,#12266,.T.);
#12273 = CYLINDRICAL_SURFACE('',#12274,0.5);
#12274 = AXIS2_PLACEMENT_3D('',#12275,#12276,#12277);
#12275 = CARTESIAN_POINT('',(8.89,6.35,55.715027595793));
#12276 = DIRECTION('',(0.,0.,1.));
#12277 = DIRECTION('',(-1.,0.,0.));
#12278 = ADVANCED_FACE('',(#12279),#12297,.T.);
#12279 = FACE_BOUND('',#12280,.T.);
#12280 = EDGE_LOOP('',(#12281,#12289,#12290,#12291));
#12281 = ORIENTED_EDGE('',*,*,#12282,.F.);
#12282 = EDGE_CURVE('',#4936,#12283,#12285,.T.);
#12283 = VERTEX_POINT('',#12284);
#12284 = CARTESIAN_POINT('',(10.5,4.309899989998,0.));
#12285 = LINE('',#12286,#12287);
#12286 = CARTESIAN_POINT('',(10.5,25.,0.));
#12287 = VECTOR('',#12288,1.);
#12288 = DIRECTION('',(0.,-1.,0.));
#12289 = ORIENTED_EDGE('',*,*,#4950,.T.);
#12290 = ORIENTED_EDGE('',*,*,#4982,.T.);
#12291 = ORIENTED_EDGE('',*,*,#12292,.F.);
#12292 = EDGE_CURVE('',#12283,#4974,#12293,.T.);
#12293 = LINE('',#12294,#12295);
#12294 = CARTESIAN_POINT('',(10.5,4.309899989998,55.905302825492));
#12295 = VECTOR('',#12296,1.);
#12296 = DIRECTION('',(0.,0.,1.));
#12297 = PLANE('',#12298);
#12298 = AXIS2_PLACEMENT_3D('',#12299,#12300,#12301);
#12299 = CARTESIAN_POINT('',(10.5,25.,0.));
#12300 = DIRECTION('',(1.,0.,-0.));
#12301 = DIRECTION('',(0.,-1.,0.));
#12302 = ADVANCED_FACE('',(#12303),#12322,.F.);
#12303 = FACE_BOUND('',#12304,.F.);
#12304 = EDGE_LOOP('',(#12305,#12313,#12314,#12315));
#12305 = ORIENTED_EDGE('',*,*,#12306,.T.);
#12306 = EDGE_CURVE('',#12307,#4966,#12309,.T.);
#12307 = VERTEX_POINT('',#12308);
#12308 = CARTESIAN_POINT('',(10.5,3.310100010002,0.));
#12309 = LINE('',#12310,#12311);
#12310 = CARTESIAN_POINT('',(10.5,3.310100010002,55.905302825492));
#12311 = VECTOR('',#12312,1.);
#12312 = DIRECTION('',(0.,0.,1.));
#12313 = ORIENTED_EDGE('',*,*,#4973,.F.);
#12314 = ORIENTED_EDGE('',*,*,#12292,.F.);
#12315 = ORIENTED_EDGE('',*,*,#12316,.T.);
#12316 = EDGE_CURVE('',#12283,#12307,#12317,.T.);
#12317 = CIRCLE('',#12318,0.5);
#12318 = AXIS2_PLACEMENT_3D('',#12319,#12320,#12321);
#12319 = CARTESIAN_POINT('',(10.49,3.81,0.));
#12320 = DIRECTION('',(0.,0.,1.));
#12321 = DIRECTION('',(-1.,0.,0.));
#12322 = CYLINDRICAL_SURFACE('',#12323,0.5);
#12323 = AXIS2_PLACEMENT_3D('',#12324,#12325,#12326);
#12324 = CARTESIAN_POINT('',(10.49,3.81,55.905302825492));
#12325 = DIRECTION('',(0.,0.,1.));
#12326 = DIRECTION('',(-1.,0.,0.));
#12327 = ADVANCED_FACE('',(#12328),#12339,.T.);
#12328 = FACE_BOUND('',#12329,.T.);
#12329 = EDGE_LOOP('',(#12330,#12336,#12337,#12338));
#12330 = ORIENTED_EDGE('',*,*,#12331,.F.);
#12331 = EDGE_CURVE('',#12307,#5010,#12332,.T.);
#12332 = LINE('',#12333,#12334);
#12333 = CARTESIAN_POINT('',(10.5,25.,0.));
#12334 = VECTOR('',#12335,1.);
#12335 = DIRECTION('',(0.,-1.,0.));
#12336 = ORIENTED_EDGE('',*,*,#12306,.T.);
#12337 = ORIENTED_EDGE('',*,*,#4965,.T.);
#12338 = ORIENTED_EDGE('',*,*,#5019,.F.);
#12339 = PLANE('',#12340);
#12340 = AXIS2_PLACEMENT_3D('',#12341,#12342,#12343);
#12341 = CARTESIAN_POINT('',(10.5,25.,0.));
#12342 = DIRECTION('',(1.,0.,-0.));
#12343 = DIRECTION('',(0.,-1.,0.));
#12344 = ADVANCED_FACE('',(#12345),#12364,.F.);
#12345 = FACE_BOUND('',#12346,.F.);
#12346 = EDGE_LOOP('',(#12347,#12356,#12362,#12363));
#12347 = ORIENTED_EDGE('',*,*,#12348,.T.);
#12348 = EDGE_CURVE('',#12349,#12349,#12351,.T.);
#12349 = VERTEX_POINT('',#12350);
#12350 = CARTESIAN_POINT('',(9.39,3.81,2.E-15));
#12351 = CIRCLE('',#12352,0.5);
#12352 = AXIS2_PLACEMENT_3D('',#12353,#12354,#12355);
#12353 = CARTESIAN_POINT('',(8.89,3.81,4.23E-15));
#12354 = DIRECTION('',(0.,0.,1.));
#12355 = DIRECTION('',(-1.,0.,0.));
#12356 = ORIENTED_EDGE('',*,*,#12357,.F.);
#12357 = EDGE_CURVE('',#4993,#12349,#12358,.T.);
#12358 = LINE('',#12359,#12360);
#12359 = CARTESIAN_POINT('',(9.39,3.81,55.715027595793));
#12360 = VECTOR('',#12361,1.);
#12361 = DIRECTION('',(2.2E-16,0.,-1.));
#12362 = ORIENTED_EDGE('',*,*,#4992,.F.);
#12363 = ORIENTED_EDGE('',*,*,#12357,.T.);
#12364 = CYLINDRICAL_SURFACE('',#12365,0.5);
#12365 = AXIS2_PLACEMENT_3D('',#12366,#12367,#12368);
#12366 = CARTESIAN_POINT('',(8.89,3.81,55.715027595793));
#12367 = DIRECTION('',(0.,0.,1.));
#12368 = DIRECTION('',(-1.,0.,0.));
#12369 = ADVANCED_FACE('',(#12370),#12388,.T.);
#12370 = FACE_BOUND('',#12371,.T.);
#12371 = EDGE_LOOP('',(#12372,#12380,#12381,#12382));
#12372 = ORIENTED_EDGE('',*,*,#12373,.F.);
#12373 = EDGE_CURVE('',#5012,#12374,#12376,.T.);
#12374 = VERTEX_POINT('',#12375);
#12375 = CARTESIAN_POINT('',(10.5,1.769899989998,0.));
#12376 = LINE('',#12377,#12378);
#12377 = CARTESIAN_POINT('',(10.5,25.,0.));
#12378 = VECTOR('',#12379,1.);
#12379 = DIRECTION('',(0.,-1.,0.));
#12380 = ORIENTED_EDGE('',*,*,#5026,.T.);
#12381 = ORIENTED_EDGE('',*,*,#5058,.T.);
#12382 = ORIENTED_EDGE('',*,*,#12383,.F.);
#12383 = EDGE_CURVE('',#12374,#5050,#12384,.T.);
#12384 = LINE('',#12385,#12386);
#12385 = CARTESIAN_POINT('',(10.5,1.769899989998,55.905302825492));
#12386 = VECTOR('',#12387,1.);
#12387 = DIRECTION('',(0.,0.,1.));
#12388 = PLANE('',#12389);
#12389 = AXIS2_PLACEMENT_3D('',#12390,#12391,#12392);
#12390 = CARTESIAN_POINT('',(10.5,25.,0.));
#12391 = DIRECTION('',(1.,0.,-0.));
#12392 = DIRECTION('',(0.,-1.,0.));
#12393 = ADVANCED_FACE('',(#12394),#12413,.F.);
#12394 = FACE_BOUND('',#12395,.F.);
#12395 = EDGE_LOOP('',(#12396,#12404,#12405,#12406));
#12396 = ORIENTED_EDGE('',*,*,#12397,.T.);
#12397 = EDGE_CURVE('',#12398,#5042,#12400,.T.);
#12398 = VERTEX_POINT('',#12399);
#12399 = CARTESIAN_POINT('',(10.5,0.770100010002,0.));
#12400 = LINE('',#12401,#12402);
#12401 = CARTESIAN_POINT('',(10.5,0.770100010002,55.905302825492));
#12402 = VECTOR('',#12403,1.);
#12403 = DIRECTION('',(0.,0.,1.));
#12404 = ORIENTED_EDGE('',*,*,#5049,.F.);
#12405 = ORIENTED_EDGE('',*,*,#12383,.F.);
#12406 = ORIENTED_EDGE('',*,*,#12407,.T.);
#12407 = EDGE_CURVE('',#12374,#12398,#12408,.T.);
#12408 = CIRCLE('',#12409,0.5);
#12409 = AXIS2_PLACEMENT_3D('',#12410,#12411,#12412);
#12410 = CARTESIAN_POINT('',(10.49,1.27,0.));
#12411 = DIRECTION('',(0.,0.,1.));
#12412 = DIRECTION('',(-1.,0.,0.));
#12413 = CYLINDRICAL_SURFACE('',#12414,0.5);
#12414 = AXIS2_PLACEMENT_3D('',#12415,#12416,#12417);
#12415 = CARTESIAN_POINT('',(10.49,1.27,55.905302825492));
#12416 = DIRECTION('',(0.,0.,1.));
#12417 = DIRECTION('',(-1.,0.,0.));
#12418 = ADVANCED_FACE('',(#12419),#12430,.T.);
#12419 = FACE_BOUND('',#12420,.T.);
#12420 = EDGE_LOOP('',(#12421,#12427,#12428,#12429));
#12421 = ORIENTED_EDGE('',*,*,#12422,.F.);
#12422 = EDGE_CURVE('',#12398,#5086,#12423,.T.);
#12423 = LINE('',#12424,#12425);
#12424 = CARTESIAN_POINT('',(10.5,25.,0.));
#12425 = VECTOR('',#12426,1.);
#12426 = DIRECTION('',(0.,-1.,0.));
#12427 = ORIENTED_EDGE('',*,*,#12397,.T.);
#12428 = ORIENTED_EDGE('',*,*,#5041,.T.);
#12429 = ORIENTED_EDGE('',*,*,#5095,.F.);
#12430 = PLANE('',#12431);
#12431 = AXIS2_PLACEMENT_3D('',#12432,#12433,#12434);
#12432 = CARTESIAN_POINT('',(10.5,25.,0.));
#12433 = DIRECTION('',(1.,0.,-0.));
#12434 = DIRECTION('',(0.,-1.,0.));
#12435 = ADVANCED_FACE('',(#12436),#12455,.F.);
#12436 = FACE_BOUND('',#12437,.F.);
#12437 = EDGE_LOOP('',(#12438,#12447,#12453,#12454));
#12438 = ORIENTED_EDGE('',*,*,#12439,.T.);
#12439 = EDGE_CURVE('',#12440,#12440,#12442,.T.);
#12440 = VERTEX_POINT('',#12441);
#12441 = CARTESIAN_POINT('',(9.39,1.27,2.E-15));
#12442 = CIRCLE('',#12443,0.5);
#12443 = AXIS2_PLACEMENT_3D('',#12444,#12445,#12446);
#12444 = CARTESIAN_POINT('',(8.89,1.27,4.51E-15));
#12445 = DIRECTION('',(0.,0.,1.));
#12446 = DIRECTION('',(-1.,0.,0.));
#12447 = ORIENTED_EDGE('',*,*,#12448,.F.);
#12448 = EDGE_CURVE('',#5069,#12440,#12449,.T.);
#12449 = LINE('',#12450,#12451);
#12450 = CARTESIAN_POINT('',(9.39,1.27,55.715027595793));
#12451 = VECTOR('',#12452,1.);
#12452 = DIRECTION('',(2.2E-16,0.,-1.));
#12453 = ORIENTED_EDGE('',*,*,#5068,.F.);
#12454 = ORIENTED_EDGE('',*,*,#12448,.T.);
#12455 = CYLINDRICAL_SURFACE('',#12456,0.5);
#12456 = AXIS2_PLACEMENT_3D('',#12457,#12458,#12459);
#12457 = CARTESIAN_POINT('',(8.89,1.27,55.715027595793));
#12458 = DIRECTION('',(0.,0.,1.));
#12459 = DIRECTION('',(-1.,0.,0.));
#12460 = ADVANCED_FACE('',(#12461),#12479,.T.);
#12461 = FACE_BOUND('',#12462,.T.);
#12462 = EDGE_LOOP('',(#12463,#12471,#12472,#12473));
#12463 = ORIENTED_EDGE('',*,*,#12464,.F.);
#12464 = EDGE_CURVE('',#5088,#12465,#12467,.T.);
#12465 = VERTEX_POINT('',#12466);
#12466 = CARTESIAN_POINT('',(10.5,-0.770100010002,0.));
#12467 = LINE('',#12468,#12469);
#12468 = CARTESIAN_POINT('',(10.5,25.,0.));
#12469 = VECTOR('',#12470,1.);
#12470 = DIRECTION('',(0.,-1.,0.));
#12471 = ORIENTED_EDGE('',*,*,#5102,.T.);
#12472 = ORIENTED_EDGE('',*,*,#5134,.T.);
#12473 = ORIENTED_EDGE('',*,*,#12474,.F.);
#12474 = EDGE_CURVE('',#12465,#5126,#12475,.T.);
#12475 = LINE('',#12476,#12477);
#12476 = CARTESIAN_POINT('',(10.5,-0.770100010002,55.905302825492));
#12477 = VECTOR('',#12478,1.);
#12478 = DIRECTION('',(0.,0.,1.));
#12479 = PLANE('',#12480);
#12480 = AXIS2_PLACEMENT_3D('',#12481,#12482,#12483);
#12481 = CARTESIAN_POINT('',(10.5,25.,0.));
#12482 = DIRECTION('',(1.,0.,-0.));
#12483 = DIRECTION('',(0.,-1.,0.));
#12484 = ADVANCED_FACE('',(#12485),#12504,.F.);
#12485 = FACE_BOUND('',#12486,.F.);
#12486 = EDGE_LOOP('',(#12487,#12495,#12496,#12497));
#12487 = ORIENTED_EDGE('',*,*,#12488,.T.);
#12488 = EDGE_CURVE('',#12489,#5118,#12491,.T.);
#12489 = VERTEX_POINT('',#12490);
#12490 = CARTESIAN_POINT('',(10.5,-1.769899989998,0.));
#12491 = LINE('',#12492,#12493);
#12492 = CARTESIAN_POINT('',(10.5,-1.769899989998,55.905302825492));
#12493 = VECTOR('',#12494,1.);
#12494 = DIRECTION('',(0.,0.,1.));
#12495 = ORIENTED_EDGE('',*,*,#5125,.F.);
#12496 = ORIENTED_EDGE('',*,*,#12474,.F.);
#12497 = ORIENTED_EDGE('',*,*,#12498,.T.);
#12498 = EDGE_CURVE('',#12465,#12489,#12499,.T.);
#12499 = CIRCLE('',#12500,0.5);
#12500 = AXIS2_PLACEMENT_3D('',#12501,#12502,#12503);
#12501 = CARTESIAN_POINT('',(10.49,-1.27,0.));
#12502 = DIRECTION('',(0.,0.,1.));
#12503 = DIRECTION('',(-1.,0.,0.));
#12504 = CYLINDRICAL_SURFACE('',#12505,0.5);
#12505 = AXIS2_PLACEMENT_3D('',#12506,#12507,#12508);
#12506 = CARTESIAN_POINT('',(10.49,-1.27,55.905302825492));
#12507 = DIRECTION('',(0.,0.,1.));
#12508 = DIRECTION('',(-1.,0.,0.));
#12509 = ADVANCED_FACE('',(#12510),#12521,.T.);
#12510 = FACE_BOUND('',#12511,.T.);
#12511 = EDGE_LOOP('',(#12512,#12518,#12519,#12520));
#12512 = ORIENTED_EDGE('',*,*,#12513,.F.);
#12513 = EDGE_CURVE('',#12489,#5162,#12514,.T.);
#12514 = LINE('',#12515,#12516);
#12515 = CARTESIAN_POINT('',(10.5,25.,0.));
#12516 = VECTOR('',#12517,1.);
#12517 = DIRECTION('',(0.,-1.,0.));
#12518 = ORIENTED_EDGE('',*,*,#12488,.T.);
#12519 = ORIENTED_EDGE('',*,*,#5117,.T.);
#12520 = ORIENTED_EDGE('',*,*,#5171,.F.);
#12521 = PLANE('',#12522);
#12522 = AXIS2_PLACEMENT_3D('',#12523,#12524,#12525);
#12523 = CARTESIAN_POINT('',(10.5,25.,0.));
#12524 = DIRECTION('',(1.,0.,-0.));
#12525 = DIRECTION('',(0.,-1.,0.));
#12526 = ADVANCED_FACE('',(#12527),#12546,.F.);
#12527 = FACE_BOUND('',#12528,.F.);
#12528 = EDGE_LOOP('',(#12529,#12538,#12544,#12545));
#12529 = ORIENTED_EDGE('',*,*,#12530,.T.);
#12530 = EDGE_CURVE('',#12531,#12531,#12533,.T.);
#12531 = VERTEX_POINT('',#12532);
#12532 = CARTESIAN_POINT('',(9.39,-1.27,2.E-15));
#12533 = CIRCLE('',#12534,0.5);
#12534 = AXIS2_PLACEMENT_3D('',#12535,#12536,#12537);
#12535 = CARTESIAN_POINT('',(8.89,-1.27,4.79E-15));
#12536 = DIRECTION('',(0.,0.,1.));
#12537 = DIRECTION('',(-1.,0.,0.));
#12538 = ORIENTED_EDGE('',*,*,#12539,.F.);
#12539 = EDGE_CURVE('',#5145,#12531,#12540,.T.);
#12540 = LINE('',#12541,#12542);
#12541 = CARTESIAN_POINT('',(9.39,-1.27,55.715027595793));
#12542 = VECTOR('',#12543,1.);
#12543 = DIRECTION('',(2.2E-16,0.,-1.));
#12544 = ORIENTED_EDGE('',*,*,#5144,.F.);
#12545 = ORIENTED_EDGE('',*,*,#12539,.T.);
#12546 = CYLINDRICAL_SURFACE('',#12547,0.5);
#12547 = AXIS2_PLACEMENT_3D('',#12548,#12549,#12550);
#12548 = CARTESIAN_POINT('',(8.89,-1.27,55.715027595793));
#12549 = DIRECTION('',(0.,0.,1.));
#12550 = DIRECTION('',(-1.,0.,0.));
#12551 = ADVANCED_FACE('',(#12552),#12570,.T.);
#12552 = FACE_BOUND('',#12553,.T.);
#12553 = EDGE_LOOP('',(#12554,#12562,#12563,#12564));
#12554 = ORIENTED_EDGE('',*,*,#12555,.F.);
#12555 = EDGE_CURVE('',#5164,#12556,#12558,.T.);
#12556 = VERTEX_POINT('',#12557);
#12557 = CARTESIAN_POINT('',(10.5,-3.310100010002,0.));
#12558 = LINE('',#12559,#12560);
#12559 = CARTESIAN_POINT('',(10.5,25.,0.));
#12560 = VECTOR('',#12561,1.);
#12561 = DIRECTION('',(0.,-1.,0.));
#12562 = ORIENTED_EDGE('',*,*,#5178,.T.);
#12563 = ORIENTED_EDGE('',*,*,#5210,.T.);
#12564 = ORIENTED_EDGE('',*,*,#12565,.F.);
#12565 = EDGE_CURVE('',#12556,#5202,#12566,.T.);
#12566 = LINE('',#12567,#12568);
#12567 = CARTESIAN_POINT('',(10.5,-3.310100010002,55.905302825492));
#12568 = VECTOR('',#12569,1.);
#12569 = DIRECTION('',(0.,0.,1.));
#12570 = PLANE('',#12571);
#12571 = AXIS2_PLACEMENT_3D('',#12572,#12573,#12574);
#12572 = CARTESIAN_POINT('',(10.5,25.,0.));
#12573 = DIRECTION('',(1.,0.,-0.));
#12574 = DIRECTION('',(0.,-1.,0.));
#12575 = ADVANCED_FACE('',(#12576),#12595,.F.);
#12576 = FACE_BOUND('',#12577,.F.);
#12577 = EDGE_LOOP('',(#12578,#12586,#12587,#12588));
#12578 = ORIENTED_EDGE('',*,*,#12579,.T.);
#12579 = EDGE_CURVE('',#12580,#5194,#12582,.T.);
#12580 = VERTEX_POINT('',#12581);
#12581 = CARTESIAN_POINT('',(10.5,-4.309899989998,0.));
#12582 = LINE('',#12583,#12584);
#12583 = CARTESIAN_POINT('',(10.5,-4.309899989998,55.905302825492));
#12584 = VECTOR('',#12585,1.);
#12585 = DIRECTION('',(0.,0.,1.));
#12586 = ORIENTED_EDGE('',*,*,#5201,.F.);
#12587 = ORIENTED_EDGE('',*,*,#12565,.F.);
#12588 = ORIENTED_EDGE('',*,*,#12589,.T.);
#12589 = EDGE_CURVE('',#12556,#12580,#12590,.T.);
#12590 = CIRCLE('',#12591,0.5);
#12591 = AXIS2_PLACEMENT_3D('',#12592,#12593,#12594);
#12592 = CARTESIAN_POINT('',(10.49,-3.81,0.));
#12593 = DIRECTION('',(0.,0.,1.));
#12594 = DIRECTION('',(-1.,0.,0.));
#12595 = CYLINDRICAL_SURFACE('',#12596,0.5);
#12596 = AXIS2_PLACEMENT_3D('',#12597,#12598,#12599);
#12597 = CARTESIAN_POINT('',(10.49,-3.81,55.905302825492));
#12598 = DIRECTION('',(0.,0.,1.));
#12599 = DIRECTION('',(-1.,0.,0.));
#12600 = ADVANCED_FACE('',(#12601),#12612,.T.);
#12601 = FACE_BOUND('',#12602,.T.);
#12602 = EDGE_LOOP('',(#12603,#12609,#12610,#12611));
#12603 = ORIENTED_EDGE('',*,*,#12604,.F.);
#12604 = EDGE_CURVE('',#12580,#5238,#12605,.T.);
#12605 = LINE('',#12606,#12607);
#12606 = CARTESIAN_POINT('',(10.5,25.,0.));
#12607 = VECTOR('',#12608,1.);
#12608 = DIRECTION('',(0.,-1.,0.));
#12609 = ORIENTED_EDGE('',*,*,#12579,.T.);
#12610 = ORIENTED_EDGE('',*,*,#5193,.T.);
#12611 = ORIENTED_EDGE('',*,*,#5247,.F.);
#12612 = PLANE('',#12613);
#12613 = AXIS2_PLACEMENT_3D('',#12614,#12615,#12616);
#12614 = CARTESIAN_POINT('',(10.5,25.,0.));
#12615 = DIRECTION('',(1.,0.,-0.));
#12616 = DIRECTION('',(0.,-1.,0.));
#12617 = ADVANCED_FACE('',(#12618),#12637,.F.);
#12618 = FACE_BOUND('',#12619,.F.);
#12619 = EDGE_LOOP('',(#12620,#12629,#12635,#12636));
#12620 = ORIENTED_EDGE('',*,*,#12621,.T.);
#12621 = EDGE_CURVE('',#12622,#12622,#12624,.T.);
#12622 = VERTEX_POINT('',#12623);
#12623 = CARTESIAN_POINT('',(9.39,-3.81,3.E-15));
#12624 = CIRCLE('',#12625,0.5);
#12625 = AXIS2_PLACEMENT_3D('',#12626,#12627,#12628);
#12626 = CARTESIAN_POINT('',(8.89,-3.81,5.08E-15));
#12627 = DIRECTION('',(0.,0.,1.));
#12628 = DIRECTION('',(-1.,0.,0.));
#12629 = ORIENTED_EDGE('',*,*,#12630,.F.);
#12630 = EDGE_CURVE('',#5221,#12622,#12631,.T.);
#12631 = LINE('',#12632,#12633);
#12632 = CARTESIAN_POINT('',(9.39,-3.81,55.715027595793));
#12633 = VECTOR('',#12634,1.);
#12634 = DIRECTION('',(2.2E-16,0.,-1.));
#12635 = ORIENTED_EDGE('',*,*,#5220,.F.);
#12636 = ORIENTED_EDGE('',*,*,#12630,.T.);
#12637 = CYLINDRICAL_SURFACE('',#12638,0.5);
#12638 = AXIS2_PLACEMENT_3D('',#12639,#12640,#12641);
#12639 = CARTESIAN_POINT('',(8.89,-3.81,55.715027595793));
#12640 = DIRECTION('',(0.,0.,1.));
#12641 = DIRECTION('',(-1.,0.,0.));
#12642 = ADVANCED_FACE('',(#12643),#12661,.T.);
#12643 = FACE_BOUND('',#12644,.T.);
#12644 = EDGE_LOOP('',(#12645,#12653,#12654,#12655));
#12645 = ORIENTED_EDGE('',*,*,#12646,.F.);
#12646 = EDGE_CURVE('',#5240,#12647,#12649,.T.);
#12647 = VERTEX_POINT('',#12648);
#12648 = CARTESIAN_POINT('',(10.5,-5.850100010002,0.));
#12649 = LINE('',#12650,#12651);
#12650 = CARTESIAN_POINT('',(10.5,25.,0.));
#12651 = VECTOR('',#12652,1.);
#12652 = DIRECTION('',(0.,-1.,0.));
#12653 = ORIENTED_EDGE('',*,*,#5254,.T.);
#12654 = ORIENTED_EDGE('',*,*,#5286,.T.);
#12655 = ORIENTED_EDGE('',*,*,#12656,.F.);
#12656 = EDGE_CURVE('',#12647,#5278,#12657,.T.);
#12657 = LINE('',#12658,#12659);
#12658 = CARTESIAN_POINT('',(10.5,-5.850100010002,55.905302825492));
#12659 = VECTOR('',#12660,1.);
#12660 = DIRECTION('',(0.,0.,1.));
#12661 = PLANE('',#12662);
#12662 = AXIS2_PLACEMENT_3D('',#12663,#12664,#12665);
#12663 = CARTESIAN_POINT('',(10.5,25.,0.));
#12664 = DIRECTION('',(1.,0.,-0.));
#12665 = DIRECTION('',(0.,-1.,0.));
#12666 = ADVANCED_FACE('',(#12667),#12686,.F.);
#12667 = FACE_BOUND('',#12668,.F.);
#12668 = EDGE_LOOP('',(#12669,#12677,#12678,#12679));
#12669 = ORIENTED_EDGE('',*,*,#12670,.T.);
#12670 = EDGE_CURVE('',#12671,#5270,#12673,.T.);
#12671 = VERTEX_POINT('',#12672);
#12672 = CARTESIAN_POINT('',(10.5,-6.849899989998,2.E-15));
#12673 = LINE('',#12674,#12675);
#12674 = CARTESIAN_POINT('',(10.5,-6.849899989998,55.905302825492));
#12675 = VECTOR('',#12676,1.);
#12676 = DIRECTION('',(0.,0.,1.));
#12677 = ORIENTED_EDGE('',*,*,#5277,.F.);
#12678 = ORIENTED_EDGE('',*,*,#12656,.F.);
#12679 = ORIENTED_EDGE('',*,*,#12680,.T.);
#12680 = EDGE_CURVE('',#12647,#12671,#12681,.T.);
#12681 = CIRCLE('',#12682,0.5);
#12682 = AXIS2_PLACEMENT_3D('',#12683,#12684,#12685);
#12683 = CARTESIAN_POINT('',(10.49,-6.35,0.));
#12684 = DIRECTION('',(0.,0.,1.));
#12685 = DIRECTION('',(-1.,0.,0.));
#12686 = CYLINDRICAL_SURFACE('',#12687,0.5);
#12687 = AXIS2_PLACEMENT_3D('',#12688,#12689,#12690);
#12688 = CARTESIAN_POINT('',(10.49,-6.35,55.905302825492));
#12689 = DIRECTION('',(0.,0.,1.));
#12690 = DIRECTION('',(-1.,0.,0.));
#12691 = ADVANCED_FACE('',(#12692),#12703,.T.);
#12692 = FACE_BOUND('',#12693,.T.);
#12693 = EDGE_LOOP('',(#12694,#12700,#12701,#12702));
#12694 = ORIENTED_EDGE('',*,*,#12695,.F.);
#12695 = EDGE_CURVE('',#12671,#5316,#12696,.T.);
#12696 = LINE('',#12697,#12698);
#12697 = CARTESIAN_POINT('',(10.5,25.,0.));
#12698 = VECTOR('',#12699,1.);
#12699 = DIRECTION('',(0.,-1.,0.));
#12700 = ORIENTED_EDGE('',*,*,#12670,.T.);
#12701 = ORIENTED_EDGE('',*,*,#5269,.T.);
#12702 = ORIENTED_EDGE('',*,*,#5325,.F.);
#12703 = PLANE('',#12704);
#12704 = AXIS2_PLACEMENT_3D('',#12705,#12706,#12707);
#12705 = CARTESIAN_POINT('',(10.5,25.,0.));
#12706 = DIRECTION('',(1.,0.,-0.));
#12707 = DIRECTION('',(0.,-1.,0.));
#12708 = ADVANCED_FACE('',(#12709),#12728,.F.);
#12709 = FACE_BOUND('',#12710,.F.);
#12710 = EDGE_LOOP('',(#12711,#12720,#12726,#12727));
#12711 = ORIENTED_EDGE('',*,*,#12712,.T.);
#12712 = EDGE_CURVE('',#12713,#12713,#12715,.T.);
#12713 = VERTEX_POINT('',#12714);
#12714 = CARTESIAN_POINT('',(9.39,-6.35,2.E-15));
#12715 = CIRCLE('',#12716,0.5);
#12716 = AXIS2_PLACEMENT_3D('',#12717,#12718,#12719);
#12717 = CARTESIAN_POINT('',(8.89,-6.35,0.));
#12718 = DIRECTION('',(0.,0.,1.));
#12719 = DIRECTION('',(-1.,0.,0.));
#12720 = ORIENTED_EDGE('',*,*,#12721,.F.);
#12721 = EDGE_CURVE('',#5299,#12713,#12722,.T.);
#12722 = LINE('',#12723,#12724);
#12723 = CARTESIAN_POINT('',(9.39,-6.35,55.715027595793));
#12724 = VECTOR('',#12725,1.);
#12725 = DIRECTION('',(2.2E-16,0.,-1.));
#12726 = ORIENTED_EDGE('',*,*,#5298,.F.);
#12727 = ORIENTED_EDGE('',*,*,#12721,.T.);
#12728 = CYLINDRICAL_SURFACE('',#12729,0.5);
#12729 = AXIS2_PLACEMENT_3D('',#12730,#12731,#12732);
#12730 = CARTESIAN_POINT('',(8.89,-6.35,55.715027595793));
#12731 = DIRECTION('',(0.,0.,1.));
#12732 = DIRECTION('',(-1.,0.,0.));
#12733 = ADVANCED_FACE('',(#12734),#12752,.T.);
#12734 = FACE_BOUND('',#12735,.T.);
#12735 = EDGE_LOOP('',(#12736,#12744,#12745,#12746));
#12736 = ORIENTED_EDGE('',*,*,#12737,.F.);
#12737 = EDGE_CURVE('',#5318,#12738,#12740,.T.);
#12738 = VERTEX_POINT('',#12739);
#12739 = CARTESIAN_POINT('',(10.5,-8.390100010002,0.));
#12740 = LINE('',#12741,#12742);
#12741 = CARTESIAN_POINT('',(10.5,25.,0.));
#12742 = VECTOR('',#12743,1.);
#12743 = DIRECTION('',(0.,-1.,0.));
#12744 = ORIENTED_EDGE('',*,*,#5332,.T.);
#12745 = ORIENTED_EDGE('',*,*,#5364,.T.);
#12746 = ORIENTED_EDGE('',*,*,#12747,.F.);
#12747 = EDGE_CURVE('',#12738,#5356,#12748,.T.);
#12748 = LINE('',#12749,#12750);
#12749 = CARTESIAN_POINT('',(10.5,-8.390100010002,55.905302825492));
#12750 = VECTOR('',#12751,1.);
#12751 = DIRECTION('',(0.,0.,1.));
#12752 = PLANE('',#12753);
#12753 = AXIS2_PLACEMENT_3D('',#12754,#12755,#12756);
#12754 = CARTESIAN_POINT('',(10.5,25.,0.));
#12755 = DIRECTION('',(1.,0.,-0.));
#12756 = DIRECTION('',(0.,-1.,0.));
#12757 = ADVANCED_FACE('',(#12758),#12777,.F.);
#12758 = FACE_BOUND('',#12759,.F.);
#12759 = EDGE_LOOP('',(#12760,#12768,#12769,#12770));
#12760 = ORIENTED_EDGE('',*,*,#12761,.T.);
#12761 = EDGE_CURVE('',#12762,#5348,#12764,.T.);
#12762 = VERTEX_POINT('',#12763);
#12763 = CARTESIAN_POINT('',(10.5,-9.389899989998,0.));
#12764 = LINE('',#12765,#12766);
#12765 = CARTESIAN_POINT('',(10.5,-9.389899989998,55.905302825492));
#12766 = VECTOR('',#12767,1.);
#12767 = DIRECTION('',(0.,0.,1.));
#12768 = ORIENTED_EDGE('',*,*,#5355,.F.);
#12769 = ORIENTED_EDGE('',*,*,#12747,.F.);
#12770 = ORIENTED_EDGE('',*,*,#12771,.T.);
#12771 = EDGE_CURVE('',#12738,#12762,#12772,.T.);
#12772 = CIRCLE('',#12773,0.5);
#12773 = AXIS2_PLACEMENT_3D('',#12774,#12775,#12776);
#12774 = CARTESIAN_POINT('',(10.49,-8.89,0.));
#12775 = DIRECTION('',(0.,0.,1.));
#12776 = DIRECTION('',(-1.,0.,0.));
#12777 = CYLINDRICAL_SURFACE('',#12778,0.5);
#12778 = AXIS2_PLACEMENT_3D('',#12779,#12780,#12781);
#12779 = CARTESIAN_POINT('',(10.49,-8.89,55.905302825492));
#12780 = DIRECTION('',(0.,0.,1.));
#12781 = DIRECTION('',(-1.,0.,0.));
#12782 = ADVANCED_FACE('',(#12783),#12794,.T.);
#12783 = FACE_BOUND('',#12784,.T.);
#12784 = EDGE_LOOP('',(#12785,#12791,#12792,#12793));
#12785 = ORIENTED_EDGE('',*,*,#12786,.F.);
#12786 = EDGE_CURVE('',#12762,#5392,#12787,.T.);
#12787 = LINE('',#12788,#12789);
#12788 = CARTESIAN_POINT('',(10.5,25.,0.));
#12789 = VECTOR('',#12790,1.);
#12790 = DIRECTION('',(0.,-1.,0.));
#12791 = ORIENTED_EDGE('',*,*,#12761,.T.);
#12792 = ORIENTED_EDGE('',*,*,#5347,.T.);
#12793 = ORIENTED_EDGE('',*,*,#5401,.F.);
#12794 = PLANE('',#12795);
#12795 = AXIS2_PLACEMENT_3D('',#12796,#12797,#12798);
#12796 = CARTESIAN_POINT('',(10.5,25.,0.));
#12797 = DIRECTION('',(1.,0.,-0.));
#12798 = DIRECTION('',(0.,-1.,0.));
#12799 = ADVANCED_FACE('',(#12800),#12819,.F.);
#12800 = FACE_BOUND('',#12801,.F.);
#12801 = EDGE_LOOP('',(#12802,#12811,#12817,#12818));
#12802 = ORIENTED_EDGE('',*,*,#12803,.T.);
#12803 = EDGE_CURVE('',#12804,#12804,#12806,.T.);
#12804 = VERTEX_POINT('',#12805);
#12805 = CARTESIAN_POINT('',(9.39,-8.89,3.E-15));
#12806 = CIRCLE('',#12807,0.5);
#12807 = AXIS2_PLACEMENT_3D('',#12808,#12809,#12810);
#12808 = CARTESIAN_POINT('',(8.89,-8.89,5.64E-15));
#12809 = DIRECTION('',(0.,0.,1.));
#12810 = DIRECTION('',(-1.,0.,0.));
#12811 = ORIENTED_EDGE('',*,*,#12812,.F.);
#12812 = EDGE_CURVE('',#5375,#12804,#12813,.T.);
#12813 = LINE('',#12814,#12815);
#12814 = CARTESIAN_POINT('',(9.39,-8.89,55.715027595793));
#12815 = VECTOR('',#12816,1.);
#12816 = DIRECTION('',(2.2E-16,0.,-1.));
#12817 = ORIENTED_EDGE('',*,*,#5374,.F.);
#12818 = ORIENTED_EDGE('',*,*,#12812,.T.);
#12819 = CYLINDRICAL_SURFACE('',#12820,0.5);
#12820 = AXIS2_PLACEMENT_3D('',#12821,#12822,#12823);
#12821 = CARTESIAN_POINT('',(8.89,-8.89,55.715027595793));
#12822 = DIRECTION('',(0.,0.,1.));
#12823 = DIRECTION('',(-1.,0.,0.));
#12824 = ADVANCED_FACE('',(#12825),#12843,.T.);
#12825 = FACE_BOUND('',#12826,.T.);
#12826 = EDGE_LOOP('',(#12827,#12835,#12836,#12837));
#12827 = ORIENTED_EDGE('',*,*,#12828,.F.);
#12828 = EDGE_CURVE('',#5394,#12829,#12831,.T.);
#12829 = VERTEX_POINT('',#12830);
#12830 = CARTESIAN_POINT('',(10.5,-10.93010001,0.));
#12831 = LINE('',#12832,#12833);
#12832 = CARTESIAN_POINT('',(10.5,25.,0.));
#12833 = VECTOR('',#12834,1.);
#12834 = DIRECTION('',(0.,-1.,0.));
#12835 = ORIENTED_EDGE('',*,*,#5408,.T.);
#12836 = ORIENTED_EDGE('',*,*,#5440,.T.);
#12837 = ORIENTED_EDGE('',*,*,#12838,.F.);
#12838 = EDGE_CURVE('',#12829,#5432,#12839,.T.);
#12839 = LINE('',#12840,#12841);
#12840 = CARTESIAN_POINT('',(10.5,-10.93010001,55.905302825492));
#12841 = VECTOR('',#12842,1.);
#12842 = DIRECTION('',(0.,0.,1.));
#12843 = PLANE('',#12844);
#12844 = AXIS2_PLACEMENT_3D('',#12845,#12846,#12847);
#12845 = CARTESIAN_POINT('',(10.5,25.,0.));
#12846 = DIRECTION('',(1.,0.,-0.));
#12847 = DIRECTION('',(0.,-1.,0.));
#12848 = ADVANCED_FACE('',(#12849),#12868,.F.);
#12849 = FACE_BOUND('',#12850,.F.);
#12850 = EDGE_LOOP('',(#12851,#12859,#12860,#12861));
#12851 = ORIENTED_EDGE('',*,*,#12852,.T.);
#12852 = EDGE_CURVE('',#12853,#5424,#12855,.T.);
#12853 = VERTEX_POINT('',#12854);
#12854 = CARTESIAN_POINT('',(10.5,-11.92989998999,0.));
#12855 = LINE('',#12856,#12857);
#12856 = CARTESIAN_POINT('',(10.5,-11.92989998999,55.905302825492));
#12857 = VECTOR('',#12858,1.);
#12858 = DIRECTION('',(0.,0.,1.));
#12859 = ORIENTED_EDGE('',*,*,#5431,.F.);
#12860 = ORIENTED_EDGE('',*,*,#12838,.F.);
#12861 = ORIENTED_EDGE('',*,*,#12862,.T.);
#12862 = EDGE_CURVE('',#12829,#12853,#12863,.T.);
#12863 = CIRCLE('',#12864,0.5);
#12864 = AXIS2_PLACEMENT_3D('',#12865,#12866,#12867);
#12865 = CARTESIAN_POINT('',(10.49,-11.43,0.));
#12866 = DIRECTION('',(0.,0.,1.));
#12867 = DIRECTION('',(-1.,0.,0.));
#12868 = CYLINDRICAL_SURFACE('',#12869,0.5);
#12869 = AXIS2_PLACEMENT_3D('',#12870,#12871,#12872);
#12870 = CARTESIAN_POINT('',(10.49,-11.43,55.905302825492));
#12871 = DIRECTION('',(0.,0.,1.));
#12872 = DIRECTION('',(-1.,0.,0.));
#12873 = ADVANCED_FACE('',(#12874),#12885,.T.);
#12874 = FACE_BOUND('',#12875,.T.);
#12875 = EDGE_LOOP('',(#12876,#12882,#12883,#12884));
#12876 = ORIENTED_EDGE('',*,*,#12877,.F.);
#12877 = EDGE_CURVE('',#12853,#5468,#12878,.T.);
#12878 = LINE('',#12879,#12880);
#12879 = CARTESIAN_POINT('',(10.5,25.,0.));
#12880 = VECTOR('',#12881,1.);
#12881 = DIRECTION('',(0.,-1.,0.));
#12882 = ORIENTED_EDGE('',*,*,#12852,.T.);
#12883 = ORIENTED_EDGE('',*,*,#5423,.T.);
#12884 = ORIENTED_EDGE('',*,*,#5477,.F.);
#12885 = PLANE('',#12886);
#12886 = AXIS2_PLACEMENT_3D('',#12887,#12888,#12889);
#12887 = CARTESIAN_POINT('',(10.5,25.,0.));
#12888 = DIRECTION('',(1.,0.,-0.));
#12889 = DIRECTION('',(0.,-1.,0.));
#12890 = ADVANCED_FACE('',(#12891),#12910,.F.);
#12891 = FACE_BOUND('',#12892,.F.);
#12892 = EDGE_LOOP('',(#12893,#12902,#12908,#12909));
#12893 = ORIENTED_EDGE('',*,*,#12894,.T.);
#12894 = EDGE_CURVE('',#12895,#12895,#12897,.T.);
#12895 = VERTEX_POINT('',#12896);
#12896 = CARTESIAN_POINT('',(9.39,-11.43,3.E-15));
#12897 = CIRCLE('',#12898,0.5);
#12898 = AXIS2_PLACEMENT_3D('',#12899,#12900,#12901);
#12899 = CARTESIAN_POINT('',(8.89,-11.43,5.92E-15));
#12900 = DIRECTION('',(0.,0.,1.));
#12901 = DIRECTION('',(-1.,0.,0.));
#12902 = ORIENTED_EDGE('',*,*,#12903,.F.);
#12903 = EDGE_CURVE('',#5451,#12895,#12904,.T.);
#12904 = LINE('',#12905,#12906);
#12905 = CARTESIAN_POINT('',(9.39,-11.43,55.715027595793));
#12906 = VECTOR('',#12907,1.);
#12907 = DIRECTION('',(2.2E-16,0.,-1.));
#12908 = ORIENTED_EDGE('',*,*,#5450,.F.);
#12909 = ORIENTED_EDGE('',*,*,#12903,.T.);
#12910 = CYLINDRICAL_SURFACE('',#12911,0.5);
#12911 = AXIS2_PLACEMENT_3D('',#12912,#12913,#12914);
#12912 = CARTESIAN_POINT('',(8.89,-11.43,55.715027595793));
#12913 = DIRECTION('',(0.,0.,1.));
#12914 = DIRECTION('',(-1.,0.,0.));
#12915 = ADVANCED_FACE('',(#12916),#12934,.T.);
#12916 = FACE_BOUND('',#12917,.T.);
#12917 = EDGE_LOOP('',(#12918,#12926,#12927,#12928));
#12918 = ORIENTED_EDGE('',*,*,#12919,.F.);
#12919 = EDGE_CURVE('',#5470,#12920,#12922,.T.);
#12920 = VERTEX_POINT('',#12921);
#12921 = CARTESIAN_POINT('',(10.5,-13.47010001,0.));
#12922 = LINE('',#12923,#12924);
#12923 = CARTESIAN_POINT('',(10.5,25.,0.));
#12924 = VECTOR('',#12925,1.);
#12925 = DIRECTION('',(0.,-1.,0.));
#12926 = ORIENTED_EDGE('',*,*,#5484,.T.);
#12927 = ORIENTED_EDGE('',*,*,#5516,.T.);
#12928 = ORIENTED_EDGE('',*,*,#12929,.F.);
#12929 = EDGE_CURVE('',#12920,#5508,#12930,.T.);
#12930 = LINE('',#12931,#12932);
#12931 = CARTESIAN_POINT('',(10.5,-13.47010001,55.905302825492));
#12932 = VECTOR('',#12933,1.);
#12933 = DIRECTION('',(0.,0.,1.));
#12934 = PLANE('',#12935);
#12935 = AXIS2_PLACEMENT_3D('',#12936,#12937,#12938);
#12936 = CARTESIAN_POINT('',(10.5,25.,0.));
#12937 = DIRECTION('',(1.,0.,-0.));
#12938 = DIRECTION('',(0.,-1.,0.));
#12939 = ADVANCED_FACE('',(#12940),#12959,.F.);
#12940 = FACE_BOUND('',#12941,.F.);
#12941 = EDGE_LOOP('',(#12942,#12950,#12951,#12952));
#12942 = ORIENTED_EDGE('',*,*,#12943,.T.);
#12943 = EDGE_CURVE('',#12944,#5500,#12946,.T.);
#12944 = VERTEX_POINT('',#12945);
#12945 = CARTESIAN_POINT('',(10.5,-14.46989998999,0.));
#12946 = LINE('',#12947,#12948);
#12947 = CARTESIAN_POINT('',(10.5,-14.46989998999,55.905302825492));
#12948 = VECTOR('',#12949,1.);
#12949 = DIRECTION('',(0.,0.,1.));
#12950 = ORIENTED_EDGE('',*,*,#5507,.F.);
#12951 = ORIENTED_EDGE('',*,*,#12929,.F.);
#12952 = ORIENTED_EDGE('',*,*,#12953,.T.);
#12953 = EDGE_CURVE('',#12920,#12944,#12954,.T.);
#12954 = CIRCLE('',#12955,0.5);
#12955 = AXIS2_PLACEMENT_3D('',#12956,#12957,#12958);
#12956 = CARTESIAN_POINT('',(10.49,-13.97,0.));
#12957 = DIRECTION('',(0.,0.,1.));
#12958 = DIRECTION('',(-1.,0.,0.));
#12959 = CYLINDRICAL_SURFACE('',#12960,0.5);
#12960 = AXIS2_PLACEMENT_3D('',#12961,#12962,#12963);
#12961 = CARTESIAN_POINT('',(10.49,-13.97,55.905302825492));
#12962 = DIRECTION('',(0.,0.,1.));
#12963 = DIRECTION('',(-1.,0.,0.));
#12964 = ADVANCED_FACE('',(#12965),#12976,.T.);
#12965 = FACE_BOUND('',#12966,.T.);
#12966 = EDGE_LOOP('',(#12967,#12973,#12974,#12975));
#12967 = ORIENTED_EDGE('',*,*,#12968,.F.);
#12968 = EDGE_CURVE('',#12944,#5544,#12969,.T.);
#12969 = LINE('',#12970,#12971);
#12970 = CARTESIAN_POINT('',(10.5,25.,0.));
#12971 = VECTOR('',#12972,1.);
#12972 = DIRECTION('',(0.,-1.,0.));
#12973 = ORIENTED_EDGE('',*,*,#12943,.T.);
#12974 = ORIENTED_EDGE('',*,*,#5499,.T.);
#12975 = ORIENTED_EDGE('',*,*,#5553,.F.);
#12976 = PLANE('',#12977);
#12977 = AXIS2_PLACEMENT_3D('',#12978,#12979,#12980);
#12978 = CARTESIAN_POINT('',(10.5,25.,0.));
#12979 = DIRECTION('',(1.,0.,-0.));
#12980 = DIRECTION('',(0.,-1.,0.));
#12981 = ADVANCED_FACE('',(#12982),#13001,.F.);
#12982 = FACE_BOUND('',#12983,.F.);
#12983 = EDGE_LOOP('',(#12984,#12993,#12999,#13000));
#12984 = ORIENTED_EDGE('',*,*,#12985,.T.);
#12985 = EDGE_CURVE('',#12986,#12986,#12988,.T.);
#12986 = VERTEX_POINT('',#12987);
#12987 = CARTESIAN_POINT('',(9.39,-13.97,3.E-15));
#12988 = CIRCLE('',#12989,0.5);
#12989 = AXIS2_PLACEMENT_3D('',#12990,#12991,#12992);
#12990 = CARTESIAN_POINT('',(8.89,-13.97,6.2E-15));
#12991 = DIRECTION('',(0.,0.,1.));
#12992 = DIRECTION('',(-1.,0.,0.));
#12993 = ORIENTED_EDGE('',*,*,#12994,.F.);
#12994 = EDGE_CURVE('',#5527,#12986,#12995,.T.);
#12995 = LINE('',#12996,#12997);
#12996 = CARTESIAN_POINT('',(9.39,-13.97,55.715027595793));
#12997 = VECTOR('',#12998,1.);
#12998 = DIRECTION('',(2.2E-16,0.,-1.));
#12999 = ORIENTED_EDGE('',*,*,#5526,.F.);
#13000 = ORIENTED_EDGE('',*,*,#12994,.T.);
#13001 = CYLINDRICAL_SURFACE('',#13002,0.5);
#13002 = AXIS2_PLACEMENT_3D('',#13003,#13004,#13005);
#13003 = CARTESIAN_POINT('',(8.89,-13.97,55.715027595793));
#13004 = DIRECTION('',(0.,0.,1.));
#13005 = DIRECTION('',(-1.,0.,0.));
#13006 = ADVANCED_FACE('',(#13007),#13025,.T.);
#13007 = FACE_BOUND('',#13008,.T.);
#13008 = EDGE_LOOP('',(#13009,#13017,#13018,#13019));
#13009 = ORIENTED_EDGE('',*,*,#13010,.F.);
#13010 = EDGE_CURVE('',#5546,#13011,#13013,.T.);
#13011 = VERTEX_POINT('',#13012);
#13012 = CARTESIAN_POINT('',(10.5,-16.01010001,0.));
#13013 = LINE('',#13014,#13015);
#13014 = CARTESIAN_POINT('',(10.5,25.,0.));
#13015 = VECTOR('',#13016,1.);
#13016 = DIRECTION('',(0.,-1.,0.));
#13017 = ORIENTED_EDGE('',*,*,#5560,.T.);
#13018 = ORIENTED_EDGE('',*,*,#5592,.T.);
#13019 = ORIENTED_EDGE('',*,*,#13020,.F.);
#13020 = EDGE_CURVE('',#13011,#5584,#13021,.T.);
#13021 = LINE('',#13022,#13023);
#13022 = CARTESIAN_POINT('',(10.5,-16.01010001,55.905302825492));
#13023 = VECTOR('',#13024,1.);
#13024 = DIRECTION('',(0.,0.,1.));
#13025 = PLANE('',#13026);
#13026 = AXIS2_PLACEMENT_3D('',#13027,#13028,#13029);
#13027 = CARTESIAN_POINT('',(10.5,25.,0.));
#13028 = DIRECTION('',(1.,0.,-0.));
#13029 = DIRECTION('',(0.,-1.,0.));
#13030 = ADVANCED_FACE('',(#13031),#13050,.F.);
#13031 = FACE_BOUND('',#13032,.F.);
#13032 = EDGE_LOOP('',(#13033,#13041,#13042,#13043));
#13033 = ORIENTED_EDGE('',*,*,#13034,.T.);
#13034 = EDGE_CURVE('',#13035,#5576,#13037,.T.);
#13035 = VERTEX_POINT('',#13036);
#13036 = CARTESIAN_POINT('',(10.5,-17.00989998999,0.));
#13037 = LINE('',#13038,#13039);
#13038 = CARTESIAN_POINT('',(10.5,-17.00989998999,55.905302825492));
#13039 = VECTOR('',#13040,1.);
#13040 = DIRECTION('',(0.,0.,1.));
#13041 = ORIENTED_EDGE('',*,*,#5583,.F.);
#13042 = ORIENTED_EDGE('',*,*,#13020,.F.);
#13043 = ORIENTED_EDGE('',*,*,#13044,.T.);
#13044 = EDGE_CURVE('',#13011,#13035,#13045,.T.);
#13045 = CIRCLE('',#13046,0.5);
#13046 = AXIS2_PLACEMENT_3D('',#13047,#13048,#13049);
#13047 = CARTESIAN_POINT('',(10.49,-16.51,0.));
#13048 = DIRECTION('',(0.,0.,1.));
#13049 = DIRECTION('',(-1.,0.,0.));
#13050 = CYLINDRICAL_SURFACE('',#13051,0.5);
#13051 = AXIS2_PLACEMENT_3D('',#13052,#13053,#13054);
#13052 = CARTESIAN_POINT('',(10.49,-16.51,55.905302825492));
#13053 = DIRECTION('',(0.,0.,1.));
#13054 = DIRECTION('',(-1.,0.,0.));
#13055 = ADVANCED_FACE('',(#13056),#13067,.T.);
#13056 = FACE_BOUND('',#13057,.T.);
#13057 = EDGE_LOOP('',(#13058,#13064,#13065,#13066));
#13058 = ORIENTED_EDGE('',*,*,#13059,.F.);
#13059 = EDGE_CURVE('',#13035,#5620,#13060,.T.);
#13060 = LINE('',#13061,#13062);
#13061 = CARTESIAN_POINT('',(10.5,25.,0.));
#13062 = VECTOR('',#13063,1.);
#13063 = DIRECTION('',(0.,-1.,0.));
#13064 = ORIENTED_EDGE('',*,*,#13034,.T.);
#13065 = ORIENTED_EDGE('',*,*,#5575,.T.);
#13066 = ORIENTED_EDGE('',*,*,#5629,.F.);
#13067 = PLANE('',#13068);
#13068 = AXIS2_PLACEMENT_3D('',#13069,#13070,#13071);
#13069 = CARTESIAN_POINT('',(10.5,25.,0.));
#13070 = DIRECTION('',(1.,0.,-0.));
#13071 = DIRECTION('',(0.,-1.,0.));
#13072 = ADVANCED_FACE('',(#13073),#13092,.F.);
#13073 = FACE_BOUND('',#13074,.F.);
#13074 = EDGE_LOOP('',(#13075,#13084,#13090,#13091));
#13075 = ORIENTED_EDGE('',*,*,#13076,.T.);
#13076 = EDGE_CURVE('',#13077,#13077,#13079,.T.);
#13077 = VERTEX_POINT('',#13078);
#13078 = CARTESIAN_POINT('',(9.39,-16.51,3.E-15));
#13079 = CIRCLE('',#13080,0.5);
#13080 = AXIS2_PLACEMENT_3D('',#13081,#13082,#13083);
#13081 = CARTESIAN_POINT('',(8.89,-16.51,6.49E-15));
#13082 = DIRECTION('',(0.,0.,1.));
#13083 = DIRECTION('',(-1.,0.,0.));
#13084 = ORIENTED_EDGE('',*,*,#13085,.F.);
#13085 = EDGE_CURVE('',#5603,#13077,#13086,.T.);
#13086 = LINE('',#13087,#13088);
#13087 = CARTESIAN_POINT('',(9.39,-16.51,55.715027595793));
#13088 = VECTOR('',#13089,1.);
#13089 = DIRECTION('',(2.2E-16,0.,-1.));
#13090 = ORIENTED_EDGE('',*,*,#5602,.F.);
#13091 = ORIENTED_EDGE('',*,*,#13085,.T.);
#13092 = CYLINDRICAL_SURFACE('',#13093,0.5);
#13093 = AXIS2_PLACEMENT_3D('',#13094,#13095,#13096);
#13094 = CARTESIAN_POINT('',(8.89,-16.51,55.715027595793));
#13095 = DIRECTION('',(0.,0.,1.));
#13096 = DIRECTION('',(-1.,0.,0.));
#13097 = ADVANCED_FACE('',(#13098),#13116,.T.);
#13098 = FACE_BOUND('',#13099,.T.);
#13099 = EDGE_LOOP('',(#13100,#13108,#13109,#13110));
#13100 = ORIENTED_EDGE('',*,*,#13101,.F.);
#13101 = EDGE_CURVE('',#5622,#13102,#13104,.T.);
#13102 = VERTEX_POINT('',#13103);
#13103 = CARTESIAN_POINT('',(10.5,-18.55010001,0.));
#13104 = LINE('',#13105,#13106);
#13105 = CARTESIAN_POINT('',(10.5,25.,0.));
#13106 = VECTOR('',#13107,1.);
#13107 = DIRECTION('',(0.,-1.,0.));
#13108 = ORIENTED_EDGE('',*,*,#5636,.T.);
#13109 = ORIENTED_EDGE('',*,*,#5668,.T.);
#13110 = ORIENTED_EDGE('',*,*,#13111,.F.);
#13111 = EDGE_CURVE('',#13102,#5660,#13112,.T.);
#13112 = LINE('',#13113,#13114);
#13113 = CARTESIAN_POINT('',(10.5,-18.55010001,55.905302825492));
#13114 = VECTOR('',#13115,1.);
#13115 = DIRECTION('',(0.,0.,1.));
#13116 = PLANE('',#13117);
#13117 = AXIS2_PLACEMENT_3D('',#13118,#13119,#13120);
#13118 = CARTESIAN_POINT('',(10.5,25.,0.));
#13119 = DIRECTION('',(1.,0.,-0.));
#13120 = DIRECTION('',(0.,-1.,0.));
#13121 = ADVANCED_FACE('',(#13122),#13141,.F.);
#13122 = FACE_BOUND('',#13123,.F.);
#13123 = EDGE_LOOP('',(#13124,#13132,#13133,#13134));
#13124 = ORIENTED_EDGE('',*,*,#13125,.T.);
#13125 = EDGE_CURVE('',#13126,#5652,#13128,.T.);
#13126 = VERTEX_POINT('',#13127);
#13127 = CARTESIAN_POINT('',(10.5,-19.54989998999,1.E-15));
#13128 = LINE('',#13129,#13130);
#13129 = CARTESIAN_POINT('',(10.5,-19.54989998999,55.905302825492));
#13130 = VECTOR('',#13131,1.);
#13131 = DIRECTION('',(0.,0.,1.));
#13132 = ORIENTED_EDGE('',*,*,#5659,.F.);
#13133 = ORIENTED_EDGE('',*,*,#13111,.F.);
#13134 = ORIENTED_EDGE('',*,*,#13135,.T.);
#13135 = EDGE_CURVE('',#13102,#13126,#13136,.T.);
#13136 = CIRCLE('',#13137,0.5);
#13137 = AXIS2_PLACEMENT_3D('',#13138,#13139,#13140);
#13138 = CARTESIAN_POINT('',(10.49,-19.05,0.));
#13139 = DIRECTION('',(0.,0.,1.));
#13140 = DIRECTION('',(-1.,0.,0.));
#13141 = CYLINDRICAL_SURFACE('',#13142,0.5);
#13142 = AXIS2_PLACEMENT_3D('',#13143,#13144,#13145);
#13143 = CARTESIAN_POINT('',(10.49,-19.05,55.905302825492));
#13144 = DIRECTION('',(0.,0.,1.));
#13145 = DIRECTION('',(-1.,0.,0.));
#13146 = ADVANCED_FACE('',(#13147),#13158,.T.);
#13147 = FACE_BOUND('',#13148,.T.);
#13148 = EDGE_LOOP('',(#13149,#13155,#13156,#13157));
#13149 = ORIENTED_EDGE('',*,*,#13150,.F.);
#13150 = EDGE_CURVE('',#13126,#5698,#13151,.T.);
#13151 = LINE('',#13152,#13153);
#13152 = CARTESIAN_POINT('',(10.5,25.,0.));
#13153 = VECTOR('',#13154,1.);
#13154 = DIRECTION('',(0.,-1.,0.));
#13155 = ORIENTED_EDGE('',*,*,#13125,.T.);
#13156 = ORIENTED_EDGE('',*,*,#5651,.T.);
#13157 = ORIENTED_EDGE('',*,*,#5707,.F.);
#13158 = PLANE('',#13159);
#13159 = AXIS2_PLACEMENT_3D('',#13160,#13161,#13162);
#13160 = CARTESIAN_POINT('',(10.5,25.,0.));
#13161 = DIRECTION('',(1.,0.,-0.));
#13162 = DIRECTION('',(0.,-1.,0.));
#13163 = ADVANCED_FACE('',(#13164),#13183,.F.);
#13164 = FACE_BOUND('',#13165,.F.);
#13165 = EDGE_LOOP('',(#13166,#13175,#13181,#13182));
#13166 = ORIENTED_EDGE('',*,*,#13167,.T.);
#13167 = EDGE_CURVE('',#13168,#13168,#13170,.T.);
#13168 = VERTEX_POINT('',#13169);
#13169 = CARTESIAN_POINT('',(9.39,-19.05,3.E-15));
#13170 = CIRCLE('',#13171,0.5);
#13171 = AXIS2_PLACEMENT_3D('',#13172,#13173,#13174);
#13172 = CARTESIAN_POINT('',(8.89,-19.05,0.));
#13173 = DIRECTION('',(0.,0.,1.));
#13174 = DIRECTION('',(-1.,0.,0.));
#13175 = ORIENTED_EDGE('',*,*,#13176,.F.);
#13176 = EDGE_CURVE('',#5681,#13168,#13177,.T.);
#13177 = LINE('',#13178,#13179);
#13178 = CARTESIAN_POINT('',(9.39,-19.05,55.715027595793));
#13179 = VECTOR('',#13180,1.);
#13180 = DIRECTION('',(2.2E-16,0.,-1.));
#13181 = ORIENTED_EDGE('',*,*,#5680,.F.);
#13182 = ORIENTED_EDGE('',*,*,#13176,.T.);
#13183 = CYLINDRICAL_SURFACE('',#13184,0.5);
#13184 = AXIS2_PLACEMENT_3D('',#13185,#13186,#13187);
#13185 = CARTESIAN_POINT('',(8.89,-19.05,55.715027595793));
#13186 = DIRECTION('',(0.,0.,1.));
#13187 = DIRECTION('',(-1.,0.,0.));
#13188 = ADVANCED_FACE('',(#13189),#13207,.T.);
#13189 = FACE_BOUND('',#13190,.T.);
#13190 = EDGE_LOOP('',(#13191,#13199,#13200,#13201));
#13191 = ORIENTED_EDGE('',*,*,#13192,.F.);
#13192 = EDGE_CURVE('',#5700,#13193,#13195,.T.);
#13193 = VERTEX_POINT('',#13194);
#13194 = CARTESIAN_POINT('',(10.5,-21.09010001,0.));
#13195 = LINE('',#13196,#13197);
#13196 = CARTESIAN_POINT('',(10.5,25.,0.));
#13197 = VECTOR('',#13198,1.);
#13198 = DIRECTION('',(0.,-1.,0.));
#13199 = ORIENTED_EDGE('',*,*,#5714,.T.);
#13200 = ORIENTED_EDGE('',*,*,#5746,.T.);
#13201 = ORIENTED_EDGE('',*,*,#13202,.F.);
#13202 = EDGE_CURVE('',#13193,#5738,#13203,.T.);
#13203 = LINE('',#13204,#13205);
#13204 = CARTESIAN_POINT('',(10.5,-21.09010001,55.905302825492));
#13205 = VECTOR('',#13206,1.);
#13206 = DIRECTION('',(0.,0.,1.));
#13207 = PLANE('',#13208);
#13208 = AXIS2_PLACEMENT_3D('',#13209,#13210,#13211);
#13209 = CARTESIAN_POINT('',(10.5,25.,0.));
#13210 = DIRECTION('',(1.,0.,-0.));
#13211 = DIRECTION('',(0.,-1.,0.));
#13212 = ADVANCED_FACE('',(#13213),#13232,.F.);
#13213 = FACE_BOUND('',#13214,.F.);
#13214 = EDGE_LOOP('',(#13215,#13223,#13224,#13225));
#13215 = ORIENTED_EDGE('',*,*,#13216,.T.);
#13216 = EDGE_CURVE('',#13217,#5730,#13219,.T.);
#13217 = VERTEX_POINT('',#13218);
#13218 = CARTESIAN_POINT('',(10.5,-22.08989998999,0.));
#13219 = LINE('',#13220,#13221);
#13220 = CARTESIAN_POINT('',(10.5,-22.08989998999,55.905302825492));
#13221 = VECTOR('',#13222,1.);
#13222 = DIRECTION('',(0.,0.,1.));
#13223 = ORIENTED_EDGE('',*,*,#5737,.F.);
#13224 = ORIENTED_EDGE('',*,*,#13202,.F.);
#13225 = ORIENTED_EDGE('',*,*,#13226,.T.);
#13226 = EDGE_CURVE('',#13193,#13217,#13227,.T.);
#13227 = CIRCLE('',#13228,0.5);
#13228 = AXIS2_PLACEMENT_3D('',#13229,#13230,#13231);
#13229 = CARTESIAN_POINT('',(10.49,-21.59,0.));
#13230 = DIRECTION('',(0.,0.,1.));
#13231 = DIRECTION('',(-1.,0.,0.));
#13232 = CYLINDRICAL_SURFACE('',#13233,0.5);
#13233 = AXIS2_PLACEMENT_3D('',#13234,#13235,#13236);
#13234 = CARTESIAN_POINT('',(10.49,-21.59,55.905302825492));
#13235 = DIRECTION('',(0.,0.,1.));
#13236 = DIRECTION('',(-1.,0.,0.));
#13237 = ADVANCED_FACE('',(#13238),#13249,.T.);
#13238 = FACE_BOUND('',#13239,.T.);
#13239 = EDGE_LOOP('',(#13240,#13246,#13247,#13248));
#13240 = ORIENTED_EDGE('',*,*,#13241,.F.);
#13241 = EDGE_CURVE('',#13217,#5774,#13242,.T.);
#13242 = LINE('',#13243,#13244);
#13243 = CARTESIAN_POINT('',(10.5,25.,0.));
#13244 = VECTOR('',#13245,1.);
#13245 = DIRECTION('',(0.,-1.,0.));
#13246 = ORIENTED_EDGE('',*,*,#13216,.T.);
#13247 = ORIENTED_EDGE('',*,*,#5729,.T.);
#13248 = ORIENTED_EDGE('',*,*,#5783,.F.);
#13249 = PLANE('',#13250);
#13250 = AXIS2_PLACEMENT_3D('',#13251,#13252,#13253);
#13251 = CARTESIAN_POINT('',(10.5,25.,0.));
#13252 = DIRECTION('',(1.,0.,-0.));
#13253 = DIRECTION('',(0.,-1.,0.));
#13254 = ADVANCED_FACE('',(#13255),#13274,.F.);
#13255 = FACE_BOUND('',#13256,.F.);
#13256 = EDGE_LOOP('',(#13257,#13266,#13272,#13273));
#13257 = ORIENTED_EDGE('',*,*,#13258,.T.);
#13258 = EDGE_CURVE('',#13259,#13259,#13261,.T.);
#13259 = VERTEX_POINT('',#13260);
#13260 = CARTESIAN_POINT('',(9.39,-21.59,4.E-15));
#13261 = CIRCLE('',#13262,0.5);
#13262 = AXIS2_PLACEMENT_3D('',#13263,#13264,#13265);
#13263 = CARTESIAN_POINT('',(8.89,-21.59,7.05E-15));
#13264 = DIRECTION('',(0.,0.,1.));
#13265 = DIRECTION('',(-1.,0.,0.));
#13266 = ORIENTED_EDGE('',*,*,#13267,.F.);
#13267 = EDGE_CURVE('',#5757,#13259,#13268,.T.);
#13268 = LINE('',#13269,#13270);
#13269 = CARTESIAN_POINT('',(9.39,-21.59,55.715027595793));
#13270 = VECTOR('',#13271,1.);
#13271 = DIRECTION('',(2.2E-16,0.,-1.));
#13272 = ORIENTED_EDGE('',*,*,#5756,.F.);
#13273 = ORIENTED_EDGE('',*,*,#13267,.T.);
#13274 = CYLINDRICAL_SURFACE('',#13275,0.5);
#13275 = AXIS2_PLACEMENT_3D('',#13276,#13277,#13278);
#13276 = CARTESIAN_POINT('',(8.89,-21.59,55.715027595793));
#13277 = DIRECTION('',(0.,0.,1.));
#13278 = DIRECTION('',(-1.,0.,0.));
#13279 = ADVANCED_FACE('',(#13280),#13298,.T.);
#13280 = FACE_BOUND('',#13281,.T.);
#13281 = EDGE_LOOP('',(#13282,#13290,#13291,#13292));
#13282 = ORIENTED_EDGE('',*,*,#13283,.F.);
#13283 = EDGE_CURVE('',#5776,#13284,#13286,.T.);
#13284 = VERTEX_POINT('',#13285);
#13285 = CARTESIAN_POINT('',(10.5,-23.63010001,0.));
#13286 = LINE('',#13287,#13288);
#13287 = CARTESIAN_POINT('',(10.5,25.,0.));
#13288 = VECTOR('',#13289,1.);
#13289 = DIRECTION('',(0.,-1.,0.));
#13290 = ORIENTED_EDGE('',*,*,#5790,.T.);
#13291 = ORIENTED_EDGE('',*,*,#5822,.T.);
#13292 = ORIENTED_EDGE('',*,*,#13293,.F.);
#13293 = EDGE_CURVE('',#13284,#5814,#13294,.T.);
#13294 = LINE('',#13295,#13296);
#13295 = CARTESIAN_POINT('',(10.5,-23.63010001,55.905302825492));
#13296 = VECTOR('',#13297,1.);
#13297 = DIRECTION('',(0.,0.,1.));
#13298 = PLANE('',#13299);
#13299 = AXIS2_PLACEMENT_3D('',#13300,#13301,#13302);
#13300 = CARTESIAN_POINT('',(10.5,25.,0.));
#13301 = DIRECTION('',(1.,0.,-0.));
#13302 = DIRECTION('',(0.,-1.,0.));
#13303 = ADVANCED_FACE('',(#13304),#13323,.F.);
#13304 = FACE_BOUND('',#13305,.F.);
#13305 = EDGE_LOOP('',(#13306,#13314,#13315,#13316));
#13306 = ORIENTED_EDGE('',*,*,#13307,.T.);
#13307 = EDGE_CURVE('',#13308,#5806,#13310,.T.);
#13308 = VERTEX_POINT('',#13309);
#13309 = CARTESIAN_POINT('',(10.5,-24.62989998999,0.));
#13310 = LINE('',#13311,#13312);
#13311 = CARTESIAN_POINT('',(10.5,-24.62989998999,55.905302825492));
#13312 = VECTOR('',#13313,1.);
#13313 = DIRECTION('',(0.,0.,1.));
#13314 = ORIENTED_EDGE('',*,*,#5813,.F.);
#13315 = ORIENTED_EDGE('',*,*,#13293,.F.);
#13316 = ORIENTED_EDGE('',*,*,#13317,.T.);
#13317 = EDGE_CURVE('',#13284,#13308,#13318,.T.);
#13318 = CIRCLE('',#13319,0.5);
#13319 = AXIS2_PLACEMENT_3D('',#13320,#13321,#13322);
#13320 = CARTESIAN_POINT('',(10.49,-24.13,0.));
#13321 = DIRECTION('',(0.,0.,1.));
#13322 = DIRECTION('',(-1.,0.,0.));
#13323 = CYLINDRICAL_SURFACE('',#13324,0.5);
#13324 = AXIS2_PLACEMENT_3D('',#13325,#13326,#13327);
#13325 = CARTESIAN_POINT('',(10.49,-24.13,55.905302825492));
#13326 = DIRECTION('',(0.,0.,1.));
#13327 = DIRECTION('',(-1.,0.,0.));
#13328 = ADVANCED_FACE('',(#13329),#13340,.T.);
#13329 = FACE_BOUND('',#13330,.T.);
#13330 = EDGE_LOOP('',(#13331,#13337,#13338,#13339));
#13331 = ORIENTED_EDGE('',*,*,#13332,.F.);
#13332 = EDGE_CURVE('',#13308,#5850,#13333,.T.);
#13333 = LINE('',#13334,#13335);
#13334 = CARTESIAN_POINT('',(10.5,25.,0.));
#13335 = VECTOR('',#13336,1.);
#13336 = DIRECTION('',(0.,-1.,0.));
#13337 = ORIENTED_EDGE('',*,*,#13307,.T.);
#13338 = ORIENTED_EDGE('',*,*,#5805,.T.);
#13339 = ORIENTED_EDGE('',*,*,#5859,.F.);
#13340 = PLANE('',#13341);
#13341 = AXIS2_PLACEMENT_3D('',#13342,#13343,#13344);
#13342 = CARTESIAN_POINT('',(10.5,25.,0.));
#13343 = DIRECTION('',(1.,0.,-0.));
#13344 = DIRECTION('',(0.,-1.,0.));
#13345 = ADVANCED_FACE('',(#13346),#13365,.F.);
#13346 = FACE_BOUND('',#13347,.F.);
#13347 = EDGE_LOOP('',(#13348,#13357,#13363,#13364));
#13348 = ORIENTED_EDGE('',*,*,#13349,.T.);
#13349 = EDGE_CURVE('',#13350,#13350,#13352,.T.);
#13350 = VERTEX_POINT('',#13351);
#13351 = CARTESIAN_POINT('',(9.39,-24.13,4.E-15));
#13352 = CIRCLE('',#13353,0.5);
#13353 = AXIS2_PLACEMENT_3D('',#13354,#13355,#13356);
#13354 = CARTESIAN_POINT('',(8.89,-24.13,7.33E-15));
#13355 = DIRECTION('',(0.,0.,1.));
#13356 = DIRECTION('',(-1.,0.,0.));
#13357 = ORIENTED_EDGE('',*,*,#13358,.F.);
#13358 = EDGE_CURVE('',#5833,#13350,#13359,.T.);
#13359 = LINE('',#13360,#13361);
#13360 = CARTESIAN_POINT('',(9.39,-24.13,55.715027595793));
#13361 = VECTOR('',#13362,1.);
#13362 = DIRECTION('',(2.2E-16,0.,-1.));
#13363 = ORIENTED_EDGE('',*,*,#5832,.F.);
#13364 = ORIENTED_EDGE('',*,*,#13358,.T.);
#13365 = CYLINDRICAL_SURFACE('',#13366,0.5);
#13366 = AXIS2_PLACEMENT_3D('',#13367,#13368,#13369);
#13367 = CARTESIAN_POINT('',(8.89,-24.13,55.715027595793));
#13368 = DIRECTION('',(0.,0.,1.));
#13369 = DIRECTION('',(-1.,0.,0.));
#13370 = ADVANCED_FACE('',(#13371),#13389,.T.);
#13371 = FACE_BOUND('',#13372,.T.);
#13372 = EDGE_LOOP('',(#13373,#13381,#13382,#13383));
#13373 = ORIENTED_EDGE('',*,*,#13374,.F.);
#13374 = EDGE_CURVE('',#5906,#13375,#13377,.T.);
#13375 = VERTEX_POINT('',#13376);
#13376 = CARTESIAN_POINT('',(3.04,-25.5,0.));
#13377 = LINE('',#13378,#13379);
#13378 = CARTESIAN_POINT('',(10.,-25.5,0.));
#13379 = VECTOR('',#13380,1.);
#13380 = DIRECTION('',(-1.,0.,0.));
#13381 = ORIENTED_EDGE('',*,*,#5915,.F.);
#13382 = ORIENTED_EDGE('',*,*,#5947,.T.);
#13383 = ORIENTED_EDGE('',*,*,#13384,.F.);
#13384 = EDGE_CURVE('',#13375,#5939,#13385,.T.);
#13385 = LINE('',#13386,#13387);
#13386 = CARTESIAN_POINT('',(3.04,-25.5,55.715027595793));
#13387 = VECTOR('',#13388,1.);
#13388 = DIRECTION('',(0.,0.,1.));
#13389 = PLANE('',#13390);
#13390 = AXIS2_PLACEMENT_3D('',#13391,#13392,#13393);
#13391 = CARTESIAN_POINT('',(10.,-25.5,0.));
#13392 = DIRECTION('',(0.,-1.,0.));
#13393 = DIRECTION('',(-1.,0.,0.));
#13394 = ADVANCED_FACE('',(#13395),#13414,.F.);
#13395 = FACE_BOUND('',#13396,.F.);
#13396 = EDGE_LOOP('',(#13397,#13398,#13407,#13413));
#13397 = ORIENTED_EDGE('',*,*,#13384,.F.);
#13398 = ORIENTED_EDGE('',*,*,#13399,.T.);
#13399 = EDGE_CURVE('',#13375,#13400,#13402,.T.);
#13400 = VERTEX_POINT('',#13401);
#13401 = CARTESIAN_POINT('',(2.04,-25.5,0.));
#13402 = CIRCLE('',#13403,0.5);
#13403 = AXIS2_PLACEMENT_3D('',#13404,#13405,#13406);
#13404 = CARTESIAN_POINT('',(2.54,-25.5,0.));
#13405 = DIRECTION('',(0.,-0.,1.));
#13406 = DIRECTION('',(0.,1.,0.));
#13407 = ORIENTED_EDGE('',*,*,#13408,.T.);
#13408 = EDGE_CURVE('',#13400,#5931,#13409,.T.);
#13409 = LINE('',#13410,#13411);
#13410 = CARTESIAN_POINT('',(2.04,-25.5,55.715027595793));
#13411 = VECTOR('',#13412,1.);
#13412 = DIRECTION('',(0.,0.,1.));
#13413 = ORIENTED_EDGE('',*,*,#5938,.F.);
#13414 = CYLINDRICAL_SURFACE('',#13415,0.5);
#13415 = AXIS2_PLACEMENT_3D('',#13416,#13417,#13418);
#13416 = CARTESIAN_POINT('',(2.54,-25.5,55.715027595793));
#13417 = DIRECTION('',(0.,0.,1.));
#13418 = DIRECTION('',(0.,1.,0.));
#13419 = ADVANCED_FACE('',(#13420),#13431,.T.);
#13420 = FACE_BOUND('',#13421,.T.);
#13421 = EDGE_LOOP('',(#13422,#13428,#13429,#13430));
#13422 = ORIENTED_EDGE('',*,*,#13423,.F.);
#13423 = EDGE_CURVE('',#13400,#5975,#13424,.T.);
#13424 = LINE('',#13425,#13426);
#13425 = CARTESIAN_POINT('',(10.,-25.5,0.));
#13426 = VECTOR('',#13427,1.);
#13427 = DIRECTION('',(-1.,0.,0.));
#13428 = ORIENTED_EDGE('',*,*,#13408,.T.);
#13429 = ORIENTED_EDGE('',*,*,#5930,.T.);
#13430 = ORIENTED_EDGE('',*,*,#5984,.T.);
#13431 = PLANE('',#13432);
#13432 = AXIS2_PLACEMENT_3D('',#13433,#13434,#13435);
#13433 = CARTESIAN_POINT('',(10.,-25.5,0.));
#13434 = DIRECTION('',(0.,-1.,0.));
#13435 = DIRECTION('',(-1.,0.,0.));
#13436 = ADVANCED_FACE('',(#13437),#13456,.F.);
#13437 = FACE_BOUND('',#13438,.F.);
#13438 = EDGE_LOOP('',(#13439,#13447,#13448,#13449));
#13439 = ORIENTED_EDGE('',*,*,#13440,.F.);
#13440 = EDGE_CURVE('',#5958,#13441,#13443,.T.);
#13441 = VERTEX_POINT('',#13442);
#13442 = CARTESIAN_POINT('',(2.54,-24.4,0.));
#13443 = LINE('',#13444,#13445);
#13444 = CARTESIAN_POINT('',(2.54,-24.4,55.715027595793));
#13445 = VECTOR('',#13446,1.);
#13446 = DIRECTION('',(2.2E-16,0.,-1.));
#13447 = ORIENTED_EDGE('',*,*,#5957,.F.);
#13448 = ORIENTED_EDGE('',*,*,#13440,.T.);
#13449 = ORIENTED_EDGE('',*,*,#13450,.T.);
#13450 = EDGE_CURVE('',#13441,#13441,#13451,.T.);
#13451 = CIRCLE('',#13452,0.5);
#13452 = AXIS2_PLACEMENT_3D('',#13453,#13454,#13455);
#13453 = CARTESIAN_POINT('',(2.54,-23.9,5.6E-16));
#13454 = DIRECTION('',(0.,-0.,1.));
#13455 = DIRECTION('',(0.,1.,0.));
#13456 = CYLINDRICAL_SURFACE('',#13457,0.5);
#13457 = AXIS2_PLACEMENT_3D('',#13458,#13459,#13460);
#13458 = CARTESIAN_POINT('',(2.54,-23.9,55.715027595793));
#13459 = DIRECTION('',(0.,0.,1.));
#13460 = DIRECTION('',(0.,1.,0.));
#13461 = ADVANCED_FACE('',(#13462),#13480,.T.);
#13462 = FACE_BOUND('',#13463,.T.);
#13463 = EDGE_LOOP('',(#13464,#13472,#13473,#13474));
#13464 = ORIENTED_EDGE('',*,*,#13465,.F.);
#13465 = EDGE_CURVE('',#5977,#13466,#13468,.T.);
#13466 = VERTEX_POINT('',#13467);
#13467 = CARTESIAN_POINT('',(0.5,-25.5,0.));
#13468 = LINE('',#13469,#13470);
#13469 = CARTESIAN_POINT('',(10.,-25.5,0.));
#13470 = VECTOR('',#13471,1.);
#13471 = DIRECTION('',(-1.,0.,0.));
#13472 = ORIENTED_EDGE('',*,*,#5991,.F.);
#13473 = ORIENTED_EDGE('',*,*,#6023,.T.);
#13474 = ORIENTED_EDGE('',*,*,#13475,.F.);
#13475 = EDGE_CURVE('',#13466,#6015,#13476,.T.);
#13476 = LINE('',#13477,#13478);
#13477 = CARTESIAN_POINT('',(0.5,-25.5,55.715027595793));
#13478 = VECTOR('',#13479,1.);
#13479 = DIRECTION('',(0.,0.,1.));
#13480 = PLANE('',#13481);
#13481 = AXIS2_PLACEMENT_3D('',#13482,#13483,#13484);
#13482 = CARTESIAN_POINT('',(10.,-25.5,0.));
#13483 = DIRECTION('',(0.,-1.,0.));
#13484 = DIRECTION('',(-1.,0.,0.));
#13485 = ADVANCED_FACE('',(#13486),#13505,.F.);
#13486 = FACE_BOUND('',#13487,.F.);
#13487 = EDGE_LOOP('',(#13488,#13489,#13498,#13504));
#13488 = ORIENTED_EDGE('',*,*,#13475,.F.);
#13489 = ORIENTED_EDGE('',*,*,#13490,.T.);
#13490 = EDGE_CURVE('',#13466,#13491,#13493,.T.);
#13491 = VERTEX_POINT('',#13492);
#13492 = CARTESIAN_POINT('',(-0.5,-25.5,0.));
#13493 = CIRCLE('',#13494,0.5);
#13494 = AXIS2_PLACEMENT_3D('',#13495,#13496,#13497);
#13495 = CARTESIAN_POINT('',(0.,-25.5,0.));
#13496 = DIRECTION('',(0.,-0.,1.));
#13497 = DIRECTION('',(0.,1.,0.));
#13498 = ORIENTED_EDGE('',*,*,#13499,.T.);
#13499 = EDGE_CURVE('',#13491,#6007,#13500,.T.);
#13500 = LINE('',#13501,#13502);
#13501 = CARTESIAN_POINT('',(-0.5,-25.5,55.715027595793));
#13502 = VECTOR('',#13503,1.);
#13503 = DIRECTION('',(0.,0.,1.));
#13504 = ORIENTED_EDGE('',*,*,#6014,.F.);
#13505 = CYLINDRICAL_SURFACE('',#13506,0.5);
#13506 = AXIS2_PLACEMENT_3D('',#13507,#13508,#13509);
#13507 = CARTESIAN_POINT('',(0.,-25.5,55.715027595793));
#13508 = DIRECTION('',(0.,0.,1.));
#13509 = DIRECTION('',(0.,1.,0.));
#13510 = ADVANCED_FACE('',(#13511),#13522,.T.);
#13511 = FACE_BOUND('',#13512,.T.);
#13512 = EDGE_LOOP('',(#13513,#13519,#13520,#13521));
#13513 = ORIENTED_EDGE('',*,*,#13514,.F.);
#13514 = EDGE_CURVE('',#13491,#6053,#13515,.T.);
#13515 = LINE('',#13516,#13517);
#13516 = CARTESIAN_POINT('',(10.,-25.5,0.));
#13517 = VECTOR('',#13518,1.);
#13518 = DIRECTION('',(-1.,0.,0.));
#13519 = ORIENTED_EDGE('',*,*,#13499,.T.);
#13520 = ORIENTED_EDGE('',*,*,#6006,.T.);
#13521 = ORIENTED_EDGE('',*,*,#6062,.T.);
#13522 = PLANE('',#13523);
#13523 = AXIS2_PLACEMENT_3D('',#13524,#13525,#13526);
#13524 = CARTESIAN_POINT('',(10.,-25.5,0.));
#13525 = DIRECTION('',(0.,-1.,0.));
#13526 = DIRECTION('',(-1.,0.,0.));
#13527 = ADVANCED_FACE('',(#13528),#13547,.F.);
#13528 = FACE_BOUND('',#13529,.F.);
#13529 = EDGE_LOOP('',(#13530,#13538,#13539,#13540));
#13530 = ORIENTED_EDGE('',*,*,#13531,.F.);
#13531 = EDGE_CURVE('',#6036,#13532,#13534,.T.);
#13532 = VERTEX_POINT('',#13533);
#13533 = CARTESIAN_POINT('',(0.,-24.4,0.));
#13534 = LINE('',#13535,#13536);
#13535 = CARTESIAN_POINT('',(0.,-24.4,55.715027595793));
#13536 = VECTOR('',#13537,1.);
#13537 = DIRECTION('',(2.2E-16,0.,-1.));
#13538 = ORIENTED_EDGE('',*,*,#6035,.F.);
#13539 = ORIENTED_EDGE('',*,*,#13531,.T.);
#13540 = ORIENTED_EDGE('',*,*,#13541,.T.);
#13541 = EDGE_CURVE('',#13532,#13532,#13542,.T.);
#13542 = CIRCLE('',#13543,0.5);
#13543 = AXIS2_PLACEMENT_3D('',#13544,#13545,#13546);
#13544 = CARTESIAN_POINT('',(0.,-23.9,0.));
#13545 = DIRECTION('',(0.,-0.,1.));
#13546 = DIRECTION('',(0.,1.,0.));
#13547 = CYLINDRICAL_SURFACE('',#13548,0.5);
#13548 = AXIS2_PLACEMENT_3D('',#13549,#13550,#13551);
#13549 = CARTESIAN_POINT('',(0.,-23.9,55.715027595793));
#13550 = DIRECTION('',(0.,0.,1.));
#13551 = DIRECTION('',(0.,1.,0.));
#13552 = ADVANCED_FACE('',(#13553),#13571,.T.);
#13553 = FACE_BOUND('',#13554,.T.);
#13554 = EDGE_LOOP('',(#13555,#13563,#13564,#13565));
#13555 = ORIENTED_EDGE('',*,*,#13556,.F.);
#13556 = EDGE_CURVE('',#6055,#13557,#13559,.T.);
#13557 = VERTEX_POINT('',#13558);
#13558 = CARTESIAN_POINT('',(-2.04,-25.5,0.));
#13559 = LINE('',#13560,#13561);
#13560 = CARTESIAN_POINT('',(10.,-25.5,0.));
#13561 = VECTOR('',#13562,1.);
#13562 = DIRECTION('',(-1.,0.,0.));
#13563 = ORIENTED_EDGE('',*,*,#6069,.F.);
#13564 = ORIENTED_EDGE('',*,*,#6101,.T.);
#13565 = ORIENTED_EDGE('',*,*,#13566,.F.);
#13566 = EDGE_CURVE('',#13557,#6093,#13567,.T.);
#13567 = LINE('',#13568,#13569);
#13568 = CARTESIAN_POINT('',(-2.04,-25.5,55.715027595793));
#13569 = VECTOR('',#13570,1.);
#13570 = DIRECTION('',(0.,0.,1.));
#13571 = PLANE('',#13572);
#13572 = AXIS2_PLACEMENT_3D('',#13573,#13574,#13575);
#13573 = CARTESIAN_POINT('',(10.,-25.5,0.));
#13574 = DIRECTION('',(0.,-1.,0.));
#13575 = DIRECTION('',(-1.,0.,0.));
#13576 = ADVANCED_FACE('',(#13577),#13596,.F.);
#13577 = FACE_BOUND('',#13578,.F.);
#13578 = EDGE_LOOP('',(#13579,#13580,#13589,#13595));
#13579 = ORIENTED_EDGE('',*,*,#13566,.F.);
#13580 = ORIENTED_EDGE('',*,*,#13581,.T.);
#13581 = EDGE_CURVE('',#13557,#13582,#13584,.T.);
#13582 = VERTEX_POINT('',#13583);
#13583 = CARTESIAN_POINT('',(-3.04,-25.5,0.));
#13584 = CIRCLE('',#13585,0.5);
#13585 = AXIS2_PLACEMENT_3D('',#13586,#13587,#13588);
#13586 = CARTESIAN_POINT('',(-2.54,-25.5,0.));
#13587 = DIRECTION('',(0.,-0.,1.));
#13588 = DIRECTION('',(0.,1.,0.));
#13589 = ORIENTED_EDGE('',*,*,#13590,.T.);
#13590 = EDGE_CURVE('',#13582,#6085,#13591,.T.);
#13591 = LINE('',#13592,#13593);
#13592 = CARTESIAN_POINT('',(-3.04,-25.5,55.715027595793));
#13593 = VECTOR('',#13594,1.);
#13594 = DIRECTION('',(0.,0.,1.));
#13595 = ORIENTED_EDGE('',*,*,#6092,.F.);
#13596 = CYLINDRICAL_SURFACE('',#13597,0.5);
#13597 = AXIS2_PLACEMENT_3D('',#13598,#13599,#13600);
#13598 = CARTESIAN_POINT('',(-2.54,-25.5,55.715027595793));
#13599 = DIRECTION('',(0.,0.,1.));
#13600 = DIRECTION('',(0.,1.,0.));
#13601 = ADVANCED_FACE('',(#13602),#13613,.T.);
#13602 = FACE_BOUND('',#13603,.T.);
#13603 = EDGE_LOOP('',(#13604,#13610,#13611,#13612));
#13604 = ORIENTED_EDGE('',*,*,#13605,.F.);
#13605 = EDGE_CURVE('',#13582,#6129,#13606,.T.);
#13606 = LINE('',#13607,#13608);
#13607 = CARTESIAN_POINT('',(10.,-25.5,0.));
#13608 = VECTOR('',#13609,1.);
#13609 = DIRECTION('',(-1.,0.,0.));
#13610 = ORIENTED_EDGE('',*,*,#13590,.T.);
#13611 = ORIENTED_EDGE('',*,*,#6084,.T.);
#13612 = ORIENTED_EDGE('',*,*,#6138,.T.);
#13613 = PLANE('',#13614);
#13614 = AXIS2_PLACEMENT_3D('',#13615,#13616,#13617);
#13615 = CARTESIAN_POINT('',(10.,-25.5,0.));
#13616 = DIRECTION('',(0.,-1.,0.));
#13617 = DIRECTION('',(-1.,0.,0.));
#13618 = ADVANCED_FACE('',(#13619),#13638,.F.);
#13619 = FACE_BOUND('',#13620,.F.);
#13620 = EDGE_LOOP('',(#13621,#13629,#13630,#13631));
#13621 = ORIENTED_EDGE('',*,*,#13622,.F.);
#13622 = EDGE_CURVE('',#6112,#13623,#13625,.T.);
#13623 = VERTEX_POINT('',#13624);
#13624 = CARTESIAN_POINT('',(-2.54,-24.4,0.));
#13625 = LINE('',#13626,#13627);
#13626 = CARTESIAN_POINT('',(-2.54,-24.4,55.715027595793));
#13627 = VECTOR('',#13628,1.);
#13628 = DIRECTION('',(2.2E-16,0.,-1.));
#13629 = ORIENTED_EDGE('',*,*,#6111,.F.);
#13630 = ORIENTED_EDGE('',*,*,#13622,.T.);
#13631 = ORIENTED_EDGE('',*,*,#13632,.T.);
#13632 = EDGE_CURVE('',#13623,#13623,#13633,.T.);
#13633 = CIRCLE('',#13634,0.5);
#13634 = AXIS2_PLACEMENT_3D('',#13635,#13636,#13637);
#13635 = CARTESIAN_POINT('',(-2.54,-23.9,0.));
#13636 = DIRECTION('',(0.,-0.,1.));
#13637 = DIRECTION('',(0.,1.,0.));
#13638 = CYLINDRICAL_SURFACE('',#13639,0.5);
#13639 = AXIS2_PLACEMENT_3D('',#13640,#13641,#13642);
#13640 = CARTESIAN_POINT('',(-2.54,-23.9,55.715027595793));
#13641 = DIRECTION('',(0.,0.,1.));
#13642 = DIRECTION('',(0.,1.,0.));
#13643 = ADVANCED_FACE('',(#13644),#13663,.F.);
#13644 = FACE_BOUND('',#13645,.F.);
#13645 = EDGE_LOOP('',(#13646,#13654,#13661,#13662));
#13646 = ORIENTED_EDGE('',*,*,#13647,.T.);
#13647 = EDGE_CURVE('',#6181,#13648,#13650,.T.);
#13648 = VERTEX_POINT('',#13649);
#13649 = CARTESIAN_POINT('',(-4.65,-23.5,0.));
#13650 = LINE('',#13651,#13652);
#13651 = CARTESIAN_POINT('',(-4.65,-23.5,55.715027595793));
#13652 = VECTOR('',#13653,1.);
#13653 = DIRECTION('',(2.2E-16,0.,-1.));
#13654 = ORIENTED_EDGE('',*,*,#13655,.T.);
#13655 = EDGE_CURVE('',#13648,#13648,#13656,.T.);
#13656 = CIRCLE('',#13657,1.05);
#13657 = AXIS2_PLACEMENT_3D('',#13658,#13659,#13660);
#13658 = CARTESIAN_POINT('',(-5.7,-23.5,0.));
#13659 = DIRECTION('',(0.,0.,1.));
#13660 = DIRECTION('',(1.,0.,-0.));
#13661 = ORIENTED_EDGE('',*,*,#13647,.F.);
#13662 = ORIENTED_EDGE('',*,*,#6180,.F.);
#13663 = CYLINDRICAL_SURFACE('',#13664,1.05);
#13664 = AXIS2_PLACEMENT_3D('',#13665,#13666,#13667);
#13665 = CARTESIAN_POINT('',(-5.7,-23.5,55.715027595793));
#13666 = DIRECTION('',(0.,0.,1.));
#13667 = DIRECTION('',(1.,0.,-0.));
#13668 = ADVANCED_FACE('',(#13669),#13675,.T.);
#13669 = FACE_BOUND('',#13670,.T.);
#13670 = EDGE_LOOP('',(#13671,#13672,#13673,#13674));
#13671 = ORIENTED_EDGE('',*,*,#6214,.F.);
#13672 = ORIENTED_EDGE('',*,*,#6230,.T.);
#13673 = ORIENTED_EDGE('',*,*,#6262,.T.);
#13674 = ORIENTED_EDGE('',*,*,#6278,.F.);
#13675 = PLANE('',#13676);
#13676 = AXIS2_PLACEMENT_3D('',#13677,#13678,#13679);
#13677 = CARTESIAN_POINT('',(-3.9,-10.3,1.6));
#13678 = DIRECTION('',(0.,0.,1.));
#13679 = DIRECTION('',(1.,0.,-0.));
#13680 = ADVANCED_FACE('',(#13681),#13687,.T.);
#13681 = FACE_BOUND('',#13682,.T.);
#13682 = EDGE_LOOP('',(#13683,#13684,#13685,#13686));
#13683 = ORIENTED_EDGE('',*,*,#6310,.F.);
#13684 = ORIENTED_EDGE('',*,*,#6326,.T.);
#13685 = ORIENTED_EDGE('',*,*,#6358,.T.);
#13686 = ORIENTED_EDGE('',*,*,#6374,.F.);
#13687 = PLANE('',#13688);
#13688 = AXIS2_PLACEMENT_3D('',#13689,#13690,#13691);
#13689 = CARTESIAN_POINT('',(-3.5,-4.,1.9));
#13690 = DIRECTION('',(0.,0.,1.));
#13691 = DIRECTION('',(1.,0.,-0.));
#13692 = ADVANCED_FACE('',(#13693),#13712,.F.);
#13693 = FACE_BOUND('',#13694,.F.);
#13694 = EDGE_LOOP('',(#13695,#13696,#13704,#13711));
#13695 = ORIENTED_EDGE('',*,*,#6392,.F.);
#13696 = ORIENTED_EDGE('',*,*,#13697,.T.);
#13697 = EDGE_CURVE('',#6393,#13698,#13700,.T.);
#13698 = VERTEX_POINT('',#13699);
#13699 = CARTESIAN_POINT('',(4.65,-23.5,0.));
#13700 = LINE('',#13701,#13702);
#13701 = CARTESIAN_POINT('',(4.65,-23.5,55.715027595793));
#13702 = VECTOR('',#13703,1.);
#13703 = DIRECTION('',(2.2E-16,0.,-1.));
#13704 = ORIENTED_EDGE('',*,*,#13705,.T.);
#13705 = EDGE_CURVE('',#13698,#13698,#13706,.T.);
#13706 = CIRCLE('',#13707,1.05);
#13707 = AXIS2_PLACEMENT_3D('',#13708,#13709,#13710);
#13708 = CARTESIAN_POINT('',(5.7,-23.5,0.));
#13709 = DIRECTION('',(0.,0.,1.));
#13710 = DIRECTION('',(-1.,0.,0.));
#13711 = ORIENTED_EDGE('',*,*,#13697,.F.);
#13712 = CYLINDRICAL_SURFACE('',#13713,1.05);
#13713 = AXIS2_PLACEMENT_3D('',#13714,#13715,#13716);
#13714 = CARTESIAN_POINT('',(5.7,-23.5,55.715027595793));
#13715 = DIRECTION('',(0.,0.,1.));
#13716 = DIRECTION('',(-1.,0.,0.));
#13717 = ADVANCED_FACE('',(#13718),#13724,.T.);
#13718 = FACE_BOUND('',#13719,.T.);
#13719 = EDGE_LOOP('',(#13720,#13721,#13722,#13723));
#13720 = ORIENTED_EDGE('',*,*,#6426,.F.);
#13721 = ORIENTED_EDGE('',*,*,#6442,.T.);
#13722 = ORIENTED_EDGE('',*,*,#6474,.T.);
#13723 = ORIENTED_EDGE('',*,*,#6490,.F.);
#13724 = PLANE('',#13725);
#13725 = AXIS2_PLACEMENT_3D('',#13726,#13727,#13728);
#13726 = CARTESIAN_POINT('',(-2.8,4.9,1.6));
#13727 = DIRECTION('',(0.,0.,1.));
#13728 = DIRECTION('',(0.,1.,0.));
#13729 = ADVANCED_FACE('',(#13730),#13749,.F.);
#13730 = FACE_BOUND('',#13731,.F.);
#13731 = EDGE_LOOP('',(#13732,#13733,#13741,#13748));
#13732 = ORIENTED_EDGE('',*,*,#6508,.F.);
#13733 = ORIENTED_EDGE('',*,*,#13734,.T.);
#13734 = EDGE_CURVE('',#6509,#13735,#13737,.T.);
#13735 = VERTEX_POINT('',#13736);
#13736 = CARTESIAN_POINT('',(-4.65,23.5,0.));
#13737 = LINE('',#13738,#13739);
#13738 = CARTESIAN_POINT('',(-4.65,23.5,55.715027595793));
#13739 = VECTOR('',#13740,1.);
#13740 = DIRECTION('',(2.2E-16,0.,-1.));
#13741 = ORIENTED_EDGE('',*,*,#13742,.T.);
#13742 = EDGE_CURVE('',#13735,#13735,#13743,.T.);
#13743 = CIRCLE('',#13744,1.05);
#13744 = AXIS2_PLACEMENT_3D('',#13745,#13746,#13747);
#13745 = CARTESIAN_POINT('',(-5.7,23.5,0.));
#13746 = DIRECTION('',(0.,0.,1.));
#13747 = DIRECTION('',(1.,0.,-0.));
#13748 = ORIENTED_EDGE('',*,*,#13734,.F.);
#13749 = CYLINDRICAL_SURFACE('',#13750,1.05);
#13750 = AXIS2_PLACEMENT_3D('',#13751,#13752,#13753);
#13751 = CARTESIAN_POINT('',(-5.7,23.5,55.715027595793));
#13752 = DIRECTION('',(0.,0.,1.));
#13753 = DIRECTION('',(1.,0.,-0.));
#13754 = ADVANCED_FACE('',(#13755,#13761),#13797,.T.);
#13755 = FACE_BOUND('',#13756,.T.);
#13756 = EDGE_LOOP('',(#13757,#13758,#13759,#13760));
#13757 = ORIENTED_EDGE('',*,*,#6542,.F.);
#13758 = ORIENTED_EDGE('',*,*,#6558,.T.);
#13759 = ORIENTED_EDGE('',*,*,#6590,.T.);
#13760 = ORIENTED_EDGE('',*,*,#6606,.F.);
#13761 = FACE_BOUND('',#13762,.T.);
#13762 = EDGE_LOOP('',(#13763,#13774,#13782,#13791));
#13763 = ORIENTED_EDGE('',*,*,#13764,.F.);
#13764 = EDGE_CURVE('',#13765,#13767,#13769,.T.);
#13765 = VERTEX_POINT('',#13766);
#13766 = CARTESIAN_POINT('',(-2.374999999996,14.074999999993,2.6));
#13767 = VERTEX_POINT('',#13768);
#13768 = CARTESIAN_POINT('',(-4.625000000015,14.075000000006,2.6));
#13769 = CIRCLE('',#13770,1.12500000001);
#13770 = AXIS2_PLACEMENT_3D('',#13771,#13772,#13773);
#13771 = CARTESIAN_POINT('',(-3.500000000005,14.074999999995,2.6));
#13772 = DIRECTION('',(0.,0.,1.));
#13773 = DIRECTION('',(1.,0.,-0.));
#13774 = ORIENTED_EDGE('',*,*,#13775,.F.);
#13775 = EDGE_CURVE('',#13776,#13765,#13778,.T.);
#13776 = VERTEX_POINT('',#13777);
#13777 = CARTESIAN_POINT('',(-2.374999999996,12.925000000005,2.6));
#13778 = LINE('',#13779,#13780);
#13779 = CARTESIAN_POINT('',(-2.374999999996,12.925000000005,2.6));
#13780 = VECTOR('',#13781,1.);
#13781 = DIRECTION('',(0.,1.,0.));
#13782 = ORIENTED_EDGE('',*,*,#13783,.F.);
#13783 = EDGE_CURVE('',#13784,#13776,#13786,.T.);
#13784 = VERTEX_POINT('',#13785);
#13785 = CARTESIAN_POINT('',(-4.625000000015,12.925000000006,2.6));
#13786 = CIRCLE('',#13787,1.12500000001);
#13787 = AXIS2_PLACEMENT_3D('',#13788,#13789,#13790);
#13788 = CARTESIAN_POINT('',(-3.500000000006,12.925000000011,2.6));
#13789 = DIRECTION('',(0.,0.,1.));
#13790 = DIRECTION('',(1.,0.,-0.));
#13791 = ORIENTED_EDGE('',*,*,#13792,.F.);
#13792 = EDGE_CURVE('',#13767,#13784,#13793,.T.);
#13793 = LINE('',#13794,#13795);
#13794 = CARTESIAN_POINT('',(-4.625000000015,14.075000000006,2.6));
#13795 = VECTOR('',#13796,1.);
#13796 = DIRECTION('',(0.,-1.,0.));
#13797 = PLANE('',#13798);
#13798 = AXIS2_PLACEMENT_3D('',#13799,#13800,#13801);
#13799 = CARTESIAN_POINT('',(-5.1,11.375,2.6));
#13800 = DIRECTION('',(0.,0.,1.));
#13801 = DIRECTION('',(1.,0.,-0.));
#13802 = ADVANCED_FACE('',(#13803),#13809,.T.);
#13803 = FACE_BOUND('',#13804,.T.);
#13804 = EDGE_LOOP('',(#13805,#13806,#13807,#13808));
#13805 = ORIENTED_EDGE('',*,*,#6638,.F.);
#13806 = ORIENTED_EDGE('',*,*,#6654,.T.);
#13807 = ORIENTED_EDGE('',*,*,#6686,.T.);
#13808 = ORIENTED_EDGE('',*,*,#6702,.F.);
#13809 = PLANE('',#13810);
#13810 = AXIS2_PLACEMENT_3D('',#13811,#13812,#13813);
#13811 = CARTESIAN_POINT('',(1.9,11.475,2.25));
#13812 = DIRECTION('',(0.,0.,1.));
#13813 = DIRECTION('',(1.,0.,-0.));
#13814 = ADVANCED_FACE('',(#13815),#13821,.T.);
#13815 = FACE_BOUND('',#13816,.T.);
#13816 = EDGE_LOOP('',(#13817,#13818,#13819,#13820));
#13817 = ORIENTED_EDGE('',*,*,#6734,.F.);
#13818 = ORIENTED_EDGE('',*,*,#6750,.T.);
#13819 = ORIENTED_EDGE('',*,*,#6782,.T.);
#13820 = ORIENTED_EDGE('',*,*,#6798,.F.);
#13821 = PLANE('',#13822);
#13822 = AXIS2_PLACEMENT_3D('',#13823,#13824,#13825);
#13823 = CARTESIAN_POINT('',(5.6,6.8,1.8));
#13824 = DIRECTION('',(0.,0.,1.));
#13825 = DIRECTION('',(1.,0.,-0.));
#13826 = ADVANCED_FACE('',(#13827),#13833,.T.);
#13827 = FACE_BOUND('',#13828,.T.);
#13828 = EDGE_LOOP('',(#13829,#13830,#13831,#13832));
#13829 = ORIENTED_EDGE('',*,*,#6830,.F.);
#13830 = ORIENTED_EDGE('',*,*,#6846,.T.);
#13831 = ORIENTED_EDGE('',*,*,#6878,.T.);
#13832 = ORIENTED_EDGE('',*,*,#6894,.F.);
#13833 = PLANE('',#13834);
#13834 = AXIS2_PLACEMENT_3D('',#13835,#13836,#13837);
#13835 = CARTESIAN_POINT('',(4.15,15.85,1.75));
#13836 = DIRECTION('',(0.,0.,1.));
#13837 = DIRECTION('',(-1.,0.,0.));
#13838 = ADVANCED_FACE('',(#13839),#13845,.T.);
#13839 = FACE_BOUND('',#13840,.T.);
#13840 = EDGE_LOOP('',(#13841,#13842,#13843,#13844));
#13841 = ORIENTED_EDGE('',*,*,#6926,.F.);
#13842 = ORIENTED_EDGE('',*,*,#6942,.T.);
#13843 = ORIENTED_EDGE('',*,*,#6974,.T.);
#13844 = ORIENTED_EDGE('',*,*,#6990,.F.);
#13845 = PLANE('',#13846);
#13846 = AXIS2_PLACEMENT_3D('',#13847,#13848,#13849);
#13847 = CARTESIAN_POINT('',(1.9,16.475,2.25));
#13848 = DIRECTION('',(0.,0.,1.));
#13849 = DIRECTION('',(1.,0.,-0.));
#13850 = ADVANCED_FACE('',(#13851),#13857,.T.);
#13851 = FACE_BOUND('',#13852,.T.);
#13852 = EDGE_LOOP('',(#13853,#13854,#13855,#13856));
#13853 = ORIENTED_EDGE('',*,*,#7022,.F.);
#13854 = ORIENTED_EDGE('',*,*,#7038,.T.);
#13855 = ORIENTED_EDGE('',*,*,#7070,.T.);
#13856 = ORIENTED_EDGE('',*,*,#7086,.F.);
#13857 = PLANE('',#13858);
#13858 = AXIS2_PLACEMENT_3D('',#13859,#13860,#13861);
#13859 = CARTESIAN_POINT('',(5.,13.35,2.2));
#13860 = DIRECTION('',(0.,0.,1.));
#13861 = DIRECTION('',(1.,0.,-0.));
#13862 = ADVANCED_FACE('',(#13863),#13869,.T.);
#13863 = FACE_BOUND('',#13864,.T.);
#13864 = EDGE_LOOP('',(#13865,#13866,#13867,#13868));
#13865 = ORIENTED_EDGE('',*,*,#7118,.F.);
#13866 = ORIENTED_EDGE('',*,*,#7134,.T.);
#13867 = ORIENTED_EDGE('',*,*,#7272,.T.);
#13868 = ORIENTED_EDGE('',*,*,#7288,.F.);
#13869 = PLANE('',#13870);
#13870 = AXIS2_PLACEMENT_3D('',#13871,#13872,#13873);
#13871 = CARTESIAN_POINT('',(5.175,17.55,1.95));
#13872 = DIRECTION('',(0.,0.,1.));
#13873 = DIRECTION('',(1.,0.,-0.));
#13874 = ADVANCED_FACE('',(#13875),#13881,.T.);
#13875 = FACE_BOUND('',#13876,.T.);
#13876 = EDGE_LOOP('',(#13877,#13878,#13879,#13880));
#13877 = ORIENTED_EDGE('',*,*,#7195,.F.);
#13878 = ORIENTED_EDGE('',*,*,#7229,.T.);
#13879 = ORIENTED_EDGE('',*,*,#7244,.T.);
#13880 = ORIENTED_EDGE('',*,*,#7165,.F.);
#13881 = PLANE('',#13882);
#13882 = AXIS2_PLACEMENT_3D('',#13883,#13884,#13885);
#13883 = CARTESIAN_POINT('',(5.55,17.1,1.15));
#13884 = DIRECTION('',(0.,0.,1.));
#13885 = DIRECTION('',(0.,1.,0.));
#13886 = ADVANCED_FACE('',(#13887),#13893,.T.);
#13887 = FACE_BOUND('',#13888,.F.);
#13888 = EDGE_LOOP('',(#13889,#13890,#13891,#13892));
#13889 = ORIENTED_EDGE('',*,*,#7391,.F.);
#13890 = ORIENTED_EDGE('',*,*,#7369,.T.);
#13891 = ORIENTED_EDGE('',*,*,#7342,.T.);
#13892 = ORIENTED_EDGE('',*,*,#7312,.T.);
#13893 = PLANE('',#13894);
#13894 = AXIS2_PLACEMENT_3D('',#13895,#13896,#13897);
#13895 = CARTESIAN_POINT('',(5.55,20.7,1.15));
#13896 = DIRECTION('',(0.,0.,1.));
#13897 = DIRECTION('',(0.,1.,0.));
#13898 = ADVANCED_FACE('',(#13899),#13918,.F.);
#13899 = FACE_BOUND('',#13900,.F.);
#13900 = EDGE_LOOP('',(#13901,#13909,#13916,#13917));
#13901 = ORIENTED_EDGE('',*,*,#13902,.T.);
#13902 = EDGE_CURVE('',#7413,#13903,#13905,.T.);
#13903 = VERTEX_POINT('',#13904);
#13904 = CARTESIAN_POINT('',(4.65,23.5,0.));
#13905 = LINE('',#13906,#13907);
#13906 = CARTESIAN_POINT('',(4.65,23.5,55.715027595793));
#13907 = VECTOR('',#13908,1.);
#13908 = DIRECTION('',(2.2E-16,0.,-1.));
#13909 = ORIENTED_EDGE('',*,*,#13910,.T.);
#13910 = EDGE_CURVE('',#13903,#13903,#13911,.T.);
#13911 = CIRCLE('',#13912,1.05);
#13912 = AXIS2_PLACEMENT_3D('',#13913,#13914,#13915);
#13913 = CARTESIAN_POINT('',(5.7,23.5,0.));
#13914 = DIRECTION('',(0.,0.,1.));
#13915 = DIRECTION('',(-1.,0.,0.));
#13916 = ORIENTED_EDGE('',*,*,#13902,.F.);
#13917 = ORIENTED_EDGE('',*,*,#7412,.F.);
#13918 = CYLINDRICAL_SURFACE('',#13919,1.05);
#13919 = AXIS2_PLACEMENT_3D('',#13920,#13921,#13922);
#13920 = CARTESIAN_POINT('',(5.7,23.5,55.715027595793));
#13921 = DIRECTION('',(0.,0.,1.));
#13922 = DIRECTION('',(-1.,0.,0.));
#13923 = ADVANCED_FACE('',(#13924,#13932),#13935,.F.);
#13924 = FACE_BOUND('',#13925,.F.);
#13925 = EDGE_LOOP('',(#13926,#13927,#13928,#13929,#13930,#13931));
#13926 = ORIENTED_EDGE('',*,*,#9238,.F.);
#13927 = ORIENTED_EDGE('',*,*,#8616,.F.);
#13928 = ORIENTED_EDGE('',*,*,#8607,.T.);
#13929 = ORIENTED_EDGE('',*,*,#8599,.T.);
#13930 = ORIENTED_EDGE('',*,*,#9287,.F.);
#13931 = ORIENTED_EDGE('',*,*,#9262,.F.);
#13932 = FACE_BOUND('',#13933,.F.);
#13933 = EDGE_LOOP('',(#13934));
#13934 = ORIENTED_EDGE('',*,*,#9314,.F.);
#13935 = PLANE('',#13936);
#13936 = AXIS2_PLACEMENT_3D('',#13937,#13938,#13939);
#13937 = CARTESIAN_POINT('',(0.,0.,0.));
#13938 = DIRECTION('',(0.,0.,1.));
#13939 = DIRECTION('',(1.,0.,-0.));
#13940 = ADVANCED_FACE('',(#13941,#13949),#13952,.F.);
#13941 = FACE_BOUND('',#13942,.F.);
#13942 = EDGE_LOOP('',(#13943,#13944,#13945,#13946,#13947,#13948));
#13943 = ORIENTED_EDGE('',*,*,#9329,.F.);
#13944 = ORIENTED_EDGE('',*,*,#8592,.F.);
#13945 = ORIENTED_EDGE('',*,*,#8583,.T.);
#13946 = ORIENTED_EDGE('',*,*,#8575,.T.);
#13947 = ORIENTED_EDGE('',*,*,#9378,.F.);
#13948 = ORIENTED_EDGE('',*,*,#9353,.F.);
#13949 = FACE_BOUND('',#13950,.F.);
#13950 = EDGE_LOOP('',(#13951));
#13951 = ORIENTED_EDGE('',*,*,#9405,.F.);
#13952 = PLANE('',#13953);
#13953 = AXIS2_PLACEMENT_3D('',#13954,#13955,#13956);
#13954 = CARTESIAN_POINT('',(0.,0.,0.));
#13955 = DIRECTION('',(0.,0.,1.));
#13956 = DIRECTION('',(1.,0.,-0.));
#13957 = ADVANCED_FACE('',(#13958,#13968),#13971,.F.);
#13958 = FACE_BOUND('',#13959,.F.);
#13959 = EDGE_LOOP('',(#13960,#13961,#13962,#13963,#13964,#13965,#13966,
    #13967));
#13960 = ORIENTED_EDGE('',*,*,#9420,.F.);
#13961 = ORIENTED_EDGE('',*,*,#8568,.F.);
#13962 = ORIENTED_EDGE('',*,*,#8559,.T.);
#13963 = ORIENTED_EDGE('',*,*,#8551,.F.);
#13964 = ORIENTED_EDGE('',*,*,#8542,.T.);
#13965 = ORIENTED_EDGE('',*,*,#8534,.T.);
#13966 = ORIENTED_EDGE('',*,*,#9469,.F.);
#13967 = ORIENTED_EDGE('',*,*,#9444,.F.);
#13968 = FACE_BOUND('',#13969,.F.);
#13969 = EDGE_LOOP('',(#13970));
#13970 = ORIENTED_EDGE('',*,*,#9496,.F.);
#13971 = PLANE('',#13972);
#13972 = AXIS2_PLACEMENT_3D('',#13973,#13974,#13975);
#13973 = CARTESIAN_POINT('',(0.,0.,0.));
#13974 = DIRECTION('',(0.,0.,1.));
#13975 = DIRECTION('',(1.,0.,-0.));
#13976 = ADVANCED_FACE('',(#13977,#13985),#13988,.F.);
#13977 = FACE_BOUND('',#13978,.F.);
#13978 = EDGE_LOOP('',(#13979,#13980,#13981,#13982,#13983,#13984));
#13979 = ORIENTED_EDGE('',*,*,#9511,.F.);
#13980 = ORIENTED_EDGE('',*,*,#8527,.F.);
#13981 = ORIENTED_EDGE('',*,*,#8518,.T.);
#13982 = ORIENTED_EDGE('',*,*,#8510,.T.);
#13983 = ORIENTED_EDGE('',*,*,#9560,.F.);
#13984 = ORIENTED_EDGE('',*,*,#9535,.F.);
#13985 = FACE_BOUND('',#13986,.F.);
#13986 = EDGE_LOOP('',(#13987));
#13987 = ORIENTED_EDGE('',*,*,#9587,.F.);
#13988 = PLANE('',#13989);
#13989 = AXIS2_PLACEMENT_3D('',#13990,#13991,#13992);
#13990 = CARTESIAN_POINT('',(0.,0.,0.));
#13991 = DIRECTION('',(0.,0.,1.));
#13992 = DIRECTION('',(1.,0.,-0.));
#13993 = ADVANCED_FACE('',(#13994,#14002),#14005,.F.);
#13994 = FACE_BOUND('',#13995,.F.);
#13995 = EDGE_LOOP('',(#13996,#13997,#13998,#13999,#14000,#14001));
#13996 = ORIENTED_EDGE('',*,*,#9602,.F.);
#13997 = ORIENTED_EDGE('',*,*,#8503,.F.);
#13998 = ORIENTED_EDGE('',*,*,#8494,.T.);
#13999 = ORIENTED_EDGE('',*,*,#8486,.T.);
#14000 = ORIENTED_EDGE('',*,*,#9651,.F.);
#14001 = ORIENTED_EDGE('',*,*,#9626,.F.);
#14002 = FACE_BOUND('',#14003,.F.);
#14003 = EDGE_LOOP('',(#14004));
#14004 = ORIENTED_EDGE('',*,*,#9678,.F.);
#14005 = PLANE('',#14006);
#14006 = AXIS2_PLACEMENT_3D('',#14007,#14008,#14009);
#14007 = CARTESIAN_POINT('',(0.,0.,0.));
#14008 = DIRECTION('',(0.,0.,1.));
#14009 = DIRECTION('',(1.,0.,-0.));
#14010 = ADVANCED_FACE('',(#14011,#14019),#14022,.F.);
#14011 = FACE_BOUND('',#14012,.F.);
#14012 = EDGE_LOOP('',(#14013,#14014,#14015,#14016,#14017,#14018));
#14013 = ORIENTED_EDGE('',*,*,#9693,.F.);
#14014 = ORIENTED_EDGE('',*,*,#8479,.F.);
#14015 = ORIENTED_EDGE('',*,*,#8470,.T.);
#14016 = ORIENTED_EDGE('',*,*,#8462,.T.);
#14017 = ORIENTED_EDGE('',*,*,#9742,.F.);
#14018 = ORIENTED_EDGE('',*,*,#9717,.F.);
#14019 = FACE_BOUND('',#14020,.F.);
#14020 = EDGE_LOOP('',(#14021));
#14021 = ORIENTED_EDGE('',*,*,#9769,.F.);
#14022 = PLANE('',#14023);
#14023 = AXIS2_PLACEMENT_3D('',#14024,#14025,#14026);
#14024 = CARTESIAN_POINT('',(0.,0.,0.));
#14025 = DIRECTION('',(0.,0.,1.));
#14026 = DIRECTION('',(1.,0.,-0.));
#14027 = ADVANCED_FACE('',(#14028,#14036),#14039,.F.);
#14028 = FACE_BOUND('',#14029,.F.);
#14029 = EDGE_LOOP('',(#14030,#14031,#14032,#14033,#14034,#14035));
#14030 = ORIENTED_EDGE('',*,*,#9784,.F.);
#14031 = ORIENTED_EDGE('',*,*,#8455,.F.);
#14032 = ORIENTED_EDGE('',*,*,#8446,.T.);
#14033 = ORIENTED_EDGE('',*,*,#8438,.T.);
#14034 = ORIENTED_EDGE('',*,*,#9833,.F.);
#14035 = ORIENTED_EDGE('',*,*,#9808,.F.);
#14036 = FACE_BOUND('',#14037,.F.);
#14037 = EDGE_LOOP('',(#14038));
#14038 = ORIENTED_EDGE('',*,*,#9860,.F.);
#14039 = PLANE('',#14040);
#14040 = AXIS2_PLACEMENT_3D('',#14041,#14042,#14043);
#14041 = CARTESIAN_POINT('',(0.,0.,0.));
#14042 = DIRECTION('',(0.,0.,1.));
#14043 = DIRECTION('',(1.,0.,-0.));
#14044 = ADVANCED_FACE('',(#14045,#14055),#14058,.F.);
#14045 = FACE_BOUND('',#14046,.F.);
#14046 = EDGE_LOOP('',(#14047,#14048,#14049,#14050,#14051,#14052,#14053,
    #14054));
#14047 = ORIENTED_EDGE('',*,*,#9875,.F.);
#14048 = ORIENTED_EDGE('',*,*,#8431,.F.);
#14049 = ORIENTED_EDGE('',*,*,#8422,.T.);
#14050 = ORIENTED_EDGE('',*,*,#8414,.F.);
#14051 = ORIENTED_EDGE('',*,*,#8405,.T.);
#14052 = ORIENTED_EDGE('',*,*,#8397,.T.);
#14053 = ORIENTED_EDGE('',*,*,#9924,.F.);
#14054 = ORIENTED_EDGE('',*,*,#9899,.F.);
#14055 = FACE_BOUND('',#14056,.F.);
#14056 = EDGE_LOOP('',(#14057));
#14057 = ORIENTED_EDGE('',*,*,#9951,.F.);
#14058 = PLANE('',#14059);
#14059 = AXIS2_PLACEMENT_3D('',#14060,#14061,#14062);
#14060 = CARTESIAN_POINT('',(0.,0.,0.));
#14061 = DIRECTION('',(0.,0.,1.));
#14062 = DIRECTION('',(1.,0.,-0.));
#14063 = ADVANCED_FACE('',(#14064,#14072),#14075,.F.);
#14064 = FACE_BOUND('',#14065,.F.);
#14065 = EDGE_LOOP('',(#14066,#14067,#14068,#14069,#14070,#14071));
#14066 = ORIENTED_EDGE('',*,*,#9966,.F.);
#14067 = ORIENTED_EDGE('',*,*,#8390,.F.);
#14068 = ORIENTED_EDGE('',*,*,#8381,.T.);
#14069 = ORIENTED_EDGE('',*,*,#8373,.T.);
#14070 = ORIENTED_EDGE('',*,*,#10015,.F.);
#14071 = ORIENTED_EDGE('',*,*,#9990,.F.);
#14072 = FACE_BOUND('',#14073,.F.);
#14073 = EDGE_LOOP('',(#14074));
#14074 = ORIENTED_EDGE('',*,*,#10042,.F.);
#14075 = PLANE('',#14076);
#14076 = AXIS2_PLACEMENT_3D('',#14077,#14078,#14079);
#14077 = CARTESIAN_POINT('',(0.,0.,0.));
#14078 = DIRECTION('',(0.,0.,1.));
#14079 = DIRECTION('',(1.,0.,-0.));
#14080 = ADVANCED_FACE('',(#14081,#14089),#14092,.F.);
#14081 = FACE_BOUND('',#14082,.F.);
#14082 = EDGE_LOOP('',(#14083,#14084,#14085,#14086,#14087,#14088));
#14083 = ORIENTED_EDGE('',*,*,#10057,.F.);
#14084 = ORIENTED_EDGE('',*,*,#8366,.F.);
#14085 = ORIENTED_EDGE('',*,*,#8357,.T.);
#14086 = ORIENTED_EDGE('',*,*,#8349,.T.);
#14087 = ORIENTED_EDGE('',*,*,#10106,.F.);
#14088 = ORIENTED_EDGE('',*,*,#10081,.F.);
#14089 = FACE_BOUND('',#14090,.F.);
#14090 = EDGE_LOOP('',(#14091));
#14091 = ORIENTED_EDGE('',*,*,#10133,.F.);
#14092 = PLANE('',#14093);
#14093 = AXIS2_PLACEMENT_3D('',#14094,#14095,#14096);
#14094 = CARTESIAN_POINT('',(0.,0.,0.));
#14095 = DIRECTION('',(0.,0.,1.));
#14096 = DIRECTION('',(1.,0.,-0.));
#14097 = ADVANCED_FACE('',(#14098,#14106),#14109,.F.);
#14098 = FACE_BOUND('',#14099,.F.);
#14099 = EDGE_LOOP('',(#14100,#14101,#14102,#14103,#14104,#14105));
#14100 = ORIENTED_EDGE('',*,*,#10148,.F.);
#14101 = ORIENTED_EDGE('',*,*,#8342,.F.);
#14102 = ORIENTED_EDGE('',*,*,#8333,.T.);
#14103 = ORIENTED_EDGE('',*,*,#8325,.T.);
#14104 = ORIENTED_EDGE('',*,*,#10197,.F.);
#14105 = ORIENTED_EDGE('',*,*,#10172,.F.);
#14106 = FACE_BOUND('',#14107,.F.);
#14107 = EDGE_LOOP('',(#14108));
#14108 = ORIENTED_EDGE('',*,*,#10224,.F.);
#14109 = PLANE('',#14110);
#14110 = AXIS2_PLACEMENT_3D('',#14111,#14112,#14113);
#14111 = CARTESIAN_POINT('',(0.,0.,0.));
#14112 = DIRECTION('',(0.,0.,1.));
#14113 = DIRECTION('',(1.,0.,-0.));
#14114 = ADVANCED_FACE('',(#14115,#14123),#14126,.F.);
#14115 = FACE_BOUND('',#14116,.F.);
#14116 = EDGE_LOOP('',(#14117,#14118,#14119,#14120,#14121,#14122));
#14117 = ORIENTED_EDGE('',*,*,#10239,.F.);
#14118 = ORIENTED_EDGE('',*,*,#8318,.F.);
#14119 = ORIENTED_EDGE('',*,*,#8309,.T.);
#14120 = ORIENTED_EDGE('',*,*,#8301,.T.);
#14121 = ORIENTED_EDGE('',*,*,#10288,.F.);
#14122 = ORIENTED_EDGE('',*,*,#10263,.F.);
#14123 = FACE_BOUND('',#14124,.F.);
#14124 = EDGE_LOOP('',(#14125));
#14125 = ORIENTED_EDGE('',*,*,#10315,.F.);
#14126 = PLANE('',#14127);
#14127 = AXIS2_PLACEMENT_3D('',#14128,#14129,#14130);
#14128 = CARTESIAN_POINT('',(0.,0.,0.));
#14129 = DIRECTION('',(0.,0.,1.));
#14130 = DIRECTION('',(1.,0.,-0.));
#14131 = ADVANCED_FACE('',(#14132,#14142),#14145,.F.);
#14132 = FACE_BOUND('',#14133,.F.);
#14133 = EDGE_LOOP('',(#14134,#14135,#14136,#14137,#14138,#14139,#14140,
    #14141));
#14134 = ORIENTED_EDGE('',*,*,#10330,.F.);
#14135 = ORIENTED_EDGE('',*,*,#8294,.F.);
#14136 = ORIENTED_EDGE('',*,*,#8285,.T.);
#14137 = ORIENTED_EDGE('',*,*,#8277,.F.);
#14138 = ORIENTED_EDGE('',*,*,#8268,.T.);
#14139 = ORIENTED_EDGE('',*,*,#8260,.T.);
#14140 = ORIENTED_EDGE('',*,*,#10379,.F.);
#14141 = ORIENTED_EDGE('',*,*,#10354,.F.);
#14142 = FACE_BOUND('',#14143,.F.);
#14143 = EDGE_LOOP('',(#14144));
#14144 = ORIENTED_EDGE('',*,*,#10406,.F.);
#14145 = PLANE('',#14146);
#14146 = AXIS2_PLACEMENT_3D('',#14147,#14148,#14149);
#14147 = CARTESIAN_POINT('',(0.,0.,0.));
#14148 = DIRECTION('',(0.,0.,1.));
#14149 = DIRECTION('',(1.,0.,-0.));
#14150 = ADVANCED_FACE('',(#14151,#14159),#14162,.F.);
#14151 = FACE_BOUND('',#14152,.F.);
#14152 = EDGE_LOOP('',(#14153,#14154,#14155,#14156,#14157,#14158));
#14153 = ORIENTED_EDGE('',*,*,#10421,.F.);
#14154 = ORIENTED_EDGE('',*,*,#8253,.F.);
#14155 = ORIENTED_EDGE('',*,*,#8244,.T.);
#14156 = ORIENTED_EDGE('',*,*,#8236,.T.);
#14157 = ORIENTED_EDGE('',*,*,#10470,.F.);
#14158 = ORIENTED_EDGE('',*,*,#10445,.F.);
#14159 = FACE_BOUND('',#14160,.F.);
#14160 = EDGE_LOOP('',(#14161));
#14161 = ORIENTED_EDGE('',*,*,#10497,.F.);
#14162 = PLANE('',#14163);
#14163 = AXIS2_PLACEMENT_3D('',#14164,#14165,#14166);
#14164 = CARTESIAN_POINT('',(0.,0.,0.));
#14165 = DIRECTION('',(0.,0.,1.));
#14166 = DIRECTION('',(1.,0.,-0.));
#14167 = ADVANCED_FACE('',(#14168,#14176),#14179,.F.);
#14168 = FACE_BOUND('',#14169,.F.);
#14169 = EDGE_LOOP('',(#14170,#14171,#14172,#14173,#14174,#14175));
#14170 = ORIENTED_EDGE('',*,*,#10512,.F.);
#14171 = ORIENTED_EDGE('',*,*,#8229,.F.);
#14172 = ORIENTED_EDGE('',*,*,#8220,.T.);
#14173 = ORIENTED_EDGE('',*,*,#8212,.T.);
#14174 = ORIENTED_EDGE('',*,*,#10561,.F.);
#14175 = ORIENTED_EDGE('',*,*,#10536,.F.);
#14176 = FACE_BOUND('',#14177,.F.);
#14177 = EDGE_LOOP('',(#14178));
#14178 = ORIENTED_EDGE('',*,*,#10588,.F.);
#14179 = PLANE('',#14180);
#14180 = AXIS2_PLACEMENT_3D('',#14181,#14182,#14183);
#14181 = CARTESIAN_POINT('',(0.,0.,0.));
#14182 = DIRECTION('',(0.,0.,1.));
#14183 = DIRECTION('',(1.,0.,-0.));
#14184 = ADVANCED_FACE('',(#14185,#14193),#14196,.F.);
#14185 = FACE_BOUND('',#14186,.F.);
#14186 = EDGE_LOOP('',(#14187,#14188,#14189,#14190,#14191,#14192));
#14187 = ORIENTED_EDGE('',*,*,#10603,.F.);
#14188 = ORIENTED_EDGE('',*,*,#8205,.F.);
#14189 = ORIENTED_EDGE('',*,*,#8196,.T.);
#14190 = ORIENTED_EDGE('',*,*,#8188,.T.);
#14191 = ORIENTED_EDGE('',*,*,#10652,.F.);
#14192 = ORIENTED_EDGE('',*,*,#10627,.F.);
#14193 = FACE_BOUND('',#14194,.F.);
#14194 = EDGE_LOOP('',(#14195));
#14195 = ORIENTED_EDGE('',*,*,#10679,.F.);
#14196 = PLANE('',#14197);
#14197 = AXIS2_PLACEMENT_3D('',#14198,#14199,#14200);
#14198 = CARTESIAN_POINT('',(0.,0.,0.));
#14199 = DIRECTION('',(0.,0.,1.));
#14200 = DIRECTION('',(1.,0.,-0.));
#14201 = ADVANCED_FACE('',(#14202,#14210),#14213,.F.);
#14202 = FACE_BOUND('',#14203,.F.);
#14203 = EDGE_LOOP('',(#14204,#14205,#14206,#14207,#14208,#14209));
#14204 = ORIENTED_EDGE('',*,*,#10694,.F.);
#14205 = ORIENTED_EDGE('',*,*,#8181,.F.);
#14206 = ORIENTED_EDGE('',*,*,#8172,.T.);
#14207 = ORIENTED_EDGE('',*,*,#8164,.T.);
#14208 = ORIENTED_EDGE('',*,*,#10743,.F.);
#14209 = ORIENTED_EDGE('',*,*,#10718,.F.);
#14210 = FACE_BOUND('',#14211,.F.);
#14211 = EDGE_LOOP('',(#14212));
#14212 = ORIENTED_EDGE('',*,*,#10770,.F.);
#14213 = PLANE('',#14214);
#14214 = AXIS2_PLACEMENT_3D('',#14215,#14216,#14217);
#14215 = CARTESIAN_POINT('',(0.,0.,0.));
#14216 = DIRECTION('',(0.,0.,1.));
#14217 = DIRECTION('',(1.,0.,-0.));
#14218 = ADVANCED_FACE('',(#14219,#14229),#14232,.F.);
#14219 = FACE_BOUND('',#14220,.F.);
#14220 = EDGE_LOOP('',(#14221,#14222,#14223,#14224,#14225,#14226,#14227,
    #14228));
#14221 = ORIENTED_EDGE('',*,*,#10785,.F.);
#14222 = ORIENTED_EDGE('',*,*,#8157,.F.);
#14223 = ORIENTED_EDGE('',*,*,#8148,.T.);
#14224 = ORIENTED_EDGE('',*,*,#8140,.F.);
#14225 = ORIENTED_EDGE('',*,*,#8131,.T.);
#14226 = ORIENTED_EDGE('',*,*,#8123,.T.);
#14227 = ORIENTED_EDGE('',*,*,#10834,.F.);
#14228 = ORIENTED_EDGE('',*,*,#10809,.F.);
#14229 = FACE_BOUND('',#14230,.F.);
#14230 = EDGE_LOOP('',(#14231));
#14231 = ORIENTED_EDGE('',*,*,#10861,.F.);
#14232 = PLANE('',#14233);
#14233 = AXIS2_PLACEMENT_3D('',#14234,#14235,#14236);
#14234 = CARTESIAN_POINT('',(0.,0.,0.));
#14235 = DIRECTION('',(0.,0.,1.));
#14236 = DIRECTION('',(1.,0.,-0.));
#14237 = ADVANCED_FACE('',(#14238,#14246),#14249,.F.);
#14238 = FACE_BOUND('',#14239,.F.);
#14239 = EDGE_LOOP('',(#14240,#14241,#14242,#14243,#14244,#14245));
#14240 = ORIENTED_EDGE('',*,*,#10876,.F.);
#14241 = ORIENTED_EDGE('',*,*,#8116,.F.);
#14242 = ORIENTED_EDGE('',*,*,#8107,.T.);
#14243 = ORIENTED_EDGE('',*,*,#8099,.T.);
#14244 = ORIENTED_EDGE('',*,*,#10925,.F.);
#14245 = ORIENTED_EDGE('',*,*,#10900,.F.);
#14246 = FACE_BOUND('',#14247,.F.);
#14247 = EDGE_LOOP('',(#14248));
#14248 = ORIENTED_EDGE('',*,*,#10952,.F.);
#14249 = PLANE('',#14250);
#14250 = AXIS2_PLACEMENT_3D('',#14251,#14252,#14253);
#14251 = CARTESIAN_POINT('',(0.,0.,0.));
#14252 = DIRECTION('',(0.,0.,1.));
#14253 = DIRECTION('',(1.,0.,-0.));
#14254 = ADVANCED_FACE('',(#14255,#14263),#14266,.F.);
#14255 = FACE_BOUND('',#14256,.F.);
#14256 = EDGE_LOOP('',(#14257,#14258,#14259,#14260,#14261,#14262));
#14257 = ORIENTED_EDGE('',*,*,#10967,.F.);
#14258 = ORIENTED_EDGE('',*,*,#8092,.F.);
#14259 = ORIENTED_EDGE('',*,*,#8083,.T.);
#14260 = ORIENTED_EDGE('',*,*,#8075,.T.);
#14261 = ORIENTED_EDGE('',*,*,#11016,.F.);
#14262 = ORIENTED_EDGE('',*,*,#10991,.F.);
#14263 = FACE_BOUND('',#14264,.F.);
#14264 = EDGE_LOOP('',(#14265));
#14265 = ORIENTED_EDGE('',*,*,#11043,.F.);
#14266 = PLANE('',#14267);
#14267 = AXIS2_PLACEMENT_3D('',#14268,#14269,#14270);
#14268 = CARTESIAN_POINT('',(0.,0.,0.));
#14269 = DIRECTION('',(0.,0.,1.));
#14270 = DIRECTION('',(1.,0.,-0.));
#14271 = ADVANCED_FACE('',(#14272,#14280),#14283,.F.);
#14272 = FACE_BOUND('',#14273,.F.);
#14273 = EDGE_LOOP('',(#14274,#14275,#14276,#14277,#14278,#14279));
#14274 = ORIENTED_EDGE('',*,*,#11554,.F.);
#14275 = ORIENTED_EDGE('',*,*,#8064,.F.);
#14276 = ORIENTED_EDGE('',*,*,#8055,.F.);
#14277 = ORIENTED_EDGE('',*,*,#8047,.T.);
#14278 = ORIENTED_EDGE('',*,*,#11603,.F.);
#14279 = ORIENTED_EDGE('',*,*,#11588,.F.);
#14280 = FACE_BOUND('',#14281,.F.);
#14281 = EDGE_LOOP('',(#14282));
#14282 = ORIENTED_EDGE('',*,*,#11620,.F.);
#14283 = PLANE('',#14284);
#14284 = AXIS2_PLACEMENT_3D('',#14285,#14286,#14287);
#14285 = CARTESIAN_POINT('',(0.,0.,0.));
#14286 = DIRECTION('',(0.,0.,1.));
#14287 = DIRECTION('',(1.,0.,-0.));
#14288 = ADVANCED_FACE('',(#14289,#14297),#14300,.F.);
#14289 = FACE_BOUND('',#14290,.F.);
#14290 = EDGE_LOOP('',(#14291,#14292,#14293,#14294,#14295,#14296));
#14291 = ORIENTED_EDGE('',*,*,#8023,.T.);
#14292 = ORIENTED_EDGE('',*,*,#11694,.F.);
#14293 = ORIENTED_EDGE('',*,*,#11679,.F.);
#14294 = ORIENTED_EDGE('',*,*,#11645,.F.);
#14295 = ORIENTED_EDGE('',*,*,#8040,.F.);
#14296 = ORIENTED_EDGE('',*,*,#8031,.F.);
#14297 = FACE_BOUND('',#14298,.F.);
#14298 = EDGE_LOOP('',(#14299));
#14299 = ORIENTED_EDGE('',*,*,#11711,.F.);
#14300 = PLANE('',#14301);
#14301 = AXIS2_PLACEMENT_3D('',#14302,#14303,#14304);
#14302 = CARTESIAN_POINT('',(0.,0.,0.));
#14303 = DIRECTION('',(0.,0.,1.));
#14304 = DIRECTION('',(1.,0.,-0.));
#14305 = ADVANCED_FACE('',(#14306,#14316),#14319,.F.);
#14306 = FACE_BOUND('',#14307,.F.);
#14307 = EDGE_LOOP('',(#14308,#14309,#14310,#14311,#14312,#14313,#14314,
    #14315));
#14308 = ORIENTED_EDGE('',*,*,#7982,.T.);
#14309 = ORIENTED_EDGE('',*,*,#11785,.F.);
#14310 = ORIENTED_EDGE('',*,*,#11770,.F.);
#14311 = ORIENTED_EDGE('',*,*,#11736,.F.);
#14312 = ORIENTED_EDGE('',*,*,#8016,.F.);
#14313 = ORIENTED_EDGE('',*,*,#8007,.F.);
#14314 = ORIENTED_EDGE('',*,*,#7999,.T.);
#14315 = ORIENTED_EDGE('',*,*,#7990,.F.);
#14316 = FACE_BOUND('',#14317,.F.);
#14317 = EDGE_LOOP('',(#14318));
#14318 = ORIENTED_EDGE('',*,*,#11802,.F.);
#14319 = PLANE('',#14320);
#14320 = AXIS2_PLACEMENT_3D('',#14321,#14322,#14323);
#14321 = CARTESIAN_POINT('',(0.,0.,0.));
#14322 = DIRECTION('',(0.,0.,1.));
#14323 = DIRECTION('',(1.,0.,-0.));
#14324 = ADVANCED_FACE('',(#14325,#14333),#14336,.F.);
#14325 = FACE_BOUND('',#14326,.F.);
#14326 = EDGE_LOOP('',(#14327,#14328,#14329,#14330,#14331,#14332));
#14327 = ORIENTED_EDGE('',*,*,#7958,.T.);
#14328 = ORIENTED_EDGE('',*,*,#11876,.F.);
#14329 = ORIENTED_EDGE('',*,*,#11861,.F.);
#14330 = ORIENTED_EDGE('',*,*,#11827,.F.);
#14331 = ORIENTED_EDGE('',*,*,#7975,.F.);
#14332 = ORIENTED_EDGE('',*,*,#7966,.F.);
#14333 = FACE_BOUND('',#14334,.F.);
#14334 = EDGE_LOOP('',(#14335));
#14335 = ORIENTED_EDGE('',*,*,#11893,.F.);
#14336 = PLANE('',#14337);
#14337 = AXIS2_PLACEMENT_3D('',#14338,#14339,#14340);
#14338 = CARTESIAN_POINT('',(0.,0.,0.));
#14339 = DIRECTION('',(0.,0.,1.));
#14340 = DIRECTION('',(1.,0.,-0.));
#14341 = ADVANCED_FACE('',(#14342,#14350),#14353,.F.);
#14342 = FACE_BOUND('',#14343,.F.);
#14343 = EDGE_LOOP('',(#14344,#14345,#14346,#14347,#14348,#14349));
#14344 = ORIENTED_EDGE('',*,*,#7934,.T.);
#14345 = ORIENTED_EDGE('',*,*,#11967,.F.);
#14346 = ORIENTED_EDGE('',*,*,#11952,.F.);
#14347 = ORIENTED_EDGE('',*,*,#11918,.F.);
#14348 = ORIENTED_EDGE('',*,*,#7951,.F.);
#14349 = ORIENTED_EDGE('',*,*,#7942,.F.);
#14350 = FACE_BOUND('',#14351,.F.);
#14351 = EDGE_LOOP('',(#14352));
#14352 = ORIENTED_EDGE('',*,*,#11984,.F.);
#14353 = PLANE('',#14354);
#14354 = AXIS2_PLACEMENT_3D('',#14355,#14356,#14357);
#14355 = CARTESIAN_POINT('',(0.,0.,0.));
#14356 = DIRECTION('',(0.,0.,1.));
#14357 = DIRECTION('',(1.,0.,-0.));
#14358 = ADVANCED_FACE('',(#14359,#14367),#14370,.F.);
#14359 = FACE_BOUND('',#14360,.F.);
#14360 = EDGE_LOOP('',(#14361,#14362,#14363,#14364,#14365,#14366));
#14361 = ORIENTED_EDGE('',*,*,#7910,.T.);
#14362 = ORIENTED_EDGE('',*,*,#12058,.F.);
#14363 = ORIENTED_EDGE('',*,*,#12043,.F.);
#14364 = ORIENTED_EDGE('',*,*,#12009,.F.);
#14365 = ORIENTED_EDGE('',*,*,#7927,.F.);
#14366 = ORIENTED_EDGE('',*,*,#7918,.F.);
#14367 = FACE_BOUND('',#14368,.F.);
#14368 = EDGE_LOOP('',(#14369));
#14369 = ORIENTED_EDGE('',*,*,#12075,.F.);
#14370 = PLANE('',#14371);
#14371 = AXIS2_PLACEMENT_3D('',#14372,#14373,#14374);
#14372 = CARTESIAN_POINT('',(0.,0.,0.));
#14373 = DIRECTION('',(0.,0.,1.));
#14374 = DIRECTION('',(1.,0.,-0.));
#14375 = ADVANCED_FACE('',(#14376,#14384),#14387,.F.);
#14376 = FACE_BOUND('',#14377,.F.);
#14377 = EDGE_LOOP('',(#14378,#14379,#14380,#14381,#14382,#14383));
#14378 = ORIENTED_EDGE('',*,*,#7886,.T.);
#14379 = ORIENTED_EDGE('',*,*,#12149,.F.);
#14380 = ORIENTED_EDGE('',*,*,#12134,.F.);
#14381 = ORIENTED_EDGE('',*,*,#12100,.F.);
#14382 = ORIENTED_EDGE('',*,*,#7903,.F.);
#14383 = ORIENTED_EDGE('',*,*,#7894,.F.);
#14384 = FACE_BOUND('',#14385,.F.);
#14385 = EDGE_LOOP('',(#14386));
#14386 = ORIENTED_EDGE('',*,*,#12166,.F.);
#14387 = PLANE('',#14388);
#14388 = AXIS2_PLACEMENT_3D('',#14389,#14390,#14391);
#14389 = CARTESIAN_POINT('',(0.,0.,0.));
#14390 = DIRECTION('',(0.,0.,1.));
#14391 = DIRECTION('',(1.,0.,-0.));
#14392 = ADVANCED_FACE('',(#14393,#14403),#14406,.F.);
#14393 = FACE_BOUND('',#14394,.F.);
#14394 = EDGE_LOOP('',(#14395,#14396,#14397,#14398,#14399,#14400,#14401,
    #14402));
#14395 = ORIENTED_EDGE('',*,*,#7845,.T.);
#14396 = ORIENTED_EDGE('',*,*,#12240,.F.);
#14397 = ORIENTED_EDGE('',*,*,#12225,.F.);
#14398 = ORIENTED_EDGE('',*,*,#12191,.F.);
#14399 = ORIENTED_EDGE('',*,*,#7879,.F.);
#14400 = ORIENTED_EDGE('',*,*,#7870,.F.);
#14401 = ORIENTED_EDGE('',*,*,#7862,.T.);
#14402 = ORIENTED_EDGE('',*,*,#7853,.F.);
#14403 = FACE_BOUND('',#14404,.F.);
#14404 = EDGE_LOOP('',(#14405));
#14405 = ORIENTED_EDGE('',*,*,#12257,.F.);
#14406 = PLANE('',#14407);
#14407 = AXIS2_PLACEMENT_3D('',#14408,#14409,#14410);
#14408 = CARTESIAN_POINT('',(0.,0.,0.));
#14409 = DIRECTION('',(0.,0.,1.));
#14410 = DIRECTION('',(1.,0.,-0.));
#14411 = ADVANCED_FACE('',(#14412,#14420),#14423,.F.);
#14412 = FACE_BOUND('',#14413,.F.);
#14413 = EDGE_LOOP('',(#14414,#14415,#14416,#14417,#14418,#14419));
#14414 = ORIENTED_EDGE('',*,*,#7821,.T.);
#14415 = ORIENTED_EDGE('',*,*,#12331,.F.);
#14416 = ORIENTED_EDGE('',*,*,#12316,.F.);
#14417 = ORIENTED_EDGE('',*,*,#12282,.F.);
#14418 = ORIENTED_EDGE('',*,*,#7838,.F.);
#14419 = ORIENTED_EDGE('',*,*,#7829,.F.);
#14420 = FACE_BOUND('',#14421,.F.);
#14421 = EDGE_LOOP('',(#14422));
#14422 = ORIENTED_EDGE('',*,*,#12348,.F.);
#14423 = PLANE('',#14424);
#14424 = AXIS2_PLACEMENT_3D('',#14425,#14426,#14427);
#14425 = CARTESIAN_POINT('',(0.,0.,0.));
#14426 = DIRECTION('',(0.,0.,1.));
#14427 = DIRECTION('',(1.,0.,-0.));
#14428 = ADVANCED_FACE('',(#14429,#14437),#14440,.F.);
#14429 = FACE_BOUND('',#14430,.F.);
#14430 = EDGE_LOOP('',(#14431,#14432,#14433,#14434,#14435,#14436));
#14431 = ORIENTED_EDGE('',*,*,#7797,.T.);
#14432 = ORIENTED_EDGE('',*,*,#12422,.F.);
#14433 = ORIENTED_EDGE('',*,*,#12407,.F.);
#14434 = ORIENTED_EDGE('',*,*,#12373,.F.);
#14435 = ORIENTED_EDGE('',*,*,#7814,.F.);
#14436 = ORIENTED_EDGE('',*,*,#7805,.F.);
#14437 = FACE_BOUND('',#14438,.F.);
#14438 = EDGE_LOOP('',(#14439));
#14439 = ORIENTED_EDGE('',*,*,#12439,.F.);
#14440 = PLANE('',#14441);
#14441 = AXIS2_PLACEMENT_3D('',#14442,#14443,#14444);
#14442 = CARTESIAN_POINT('',(0.,0.,0.));
#14443 = DIRECTION('',(0.,0.,1.));
#14444 = DIRECTION('',(1.,0.,-0.));
#14445 = ADVANCED_FACE('',(#14446,#14454),#14457,.F.);
#14446 = FACE_BOUND('',#14447,.F.);
#14447 = EDGE_LOOP('',(#14448,#14449,#14450,#14451,#14452,#14453));
#14448 = ORIENTED_EDGE('',*,*,#7773,.T.);
#14449 = ORIENTED_EDGE('',*,*,#12513,.F.);
#14450 = ORIENTED_EDGE('',*,*,#12498,.F.);
#14451 = ORIENTED_EDGE('',*,*,#12464,.F.);
#14452 = ORIENTED_EDGE('',*,*,#7790,.F.);
#14453 = ORIENTED_EDGE('',*,*,#7781,.F.);
#14454 = FACE_BOUND('',#14455,.F.);
#14455 = EDGE_LOOP('',(#14456));
#14456 = ORIENTED_EDGE('',*,*,#12530,.F.);
#14457 = PLANE('',#14458);
#14458 = AXIS2_PLACEMENT_3D('',#14459,#14460,#14461);
#14459 = CARTESIAN_POINT('',(0.,0.,0.));
#14460 = DIRECTION('',(0.,0.,1.));
#14461 = DIRECTION('',(1.,0.,-0.));
#14462 = ADVANCED_FACE('',(#14463,#14471),#14474,.F.);
#14463 = FACE_BOUND('',#14464,.F.);
#14464 = EDGE_LOOP('',(#14465,#14466,#14467,#14468,#14469,#14470));
#14465 = ORIENTED_EDGE('',*,*,#7749,.T.);
#14466 = ORIENTED_EDGE('',*,*,#12604,.F.);
#14467 = ORIENTED_EDGE('',*,*,#12589,.F.);
#14468 = ORIENTED_EDGE('',*,*,#12555,.F.);
#14469 = ORIENTED_EDGE('',*,*,#7766,.F.);
#14470 = ORIENTED_EDGE('',*,*,#7757,.F.);
#14471 = FACE_BOUND('',#14472,.F.);
#14472 = EDGE_LOOP('',(#14473));
#14473 = ORIENTED_EDGE('',*,*,#12621,.F.);
#14474 = PLANE('',#14475);
#14475 = AXIS2_PLACEMENT_3D('',#14476,#14477,#14478);
#14476 = CARTESIAN_POINT('',(0.,0.,0.));
#14477 = DIRECTION('',(0.,0.,1.));
#14478 = DIRECTION('',(1.,0.,-0.));
#14479 = ADVANCED_FACE('',(#14480,#14490),#14493,.F.);
#14480 = FACE_BOUND('',#14481,.F.);
#14481 = EDGE_LOOP('',(#14482,#14483,#14484,#14485,#14486,#14487,#14488,
    #14489));
#14482 = ORIENTED_EDGE('',*,*,#7708,.T.);
#14483 = ORIENTED_EDGE('',*,*,#12695,.F.);
#14484 = ORIENTED_EDGE('',*,*,#12680,.F.);
#14485 = ORIENTED_EDGE('',*,*,#12646,.F.);
#14486 = ORIENTED_EDGE('',*,*,#7742,.F.);
#14487 = ORIENTED_EDGE('',*,*,#7733,.F.);
#14488 = ORIENTED_EDGE('',*,*,#7725,.T.);
#14489 = ORIENTED_EDGE('',*,*,#7716,.F.);
#14490 = FACE_BOUND('',#14491,.F.);
#14491 = EDGE_LOOP('',(#14492));
#14492 = ORIENTED_EDGE('',*,*,#12712,.F.);
#14493 = PLANE('',#14494);
#14494 = AXIS2_PLACEMENT_3D('',#14495,#14496,#14497);
#14495 = CARTESIAN_POINT('',(0.,0.,0.));
#14496 = DIRECTION('',(0.,0.,1.));
#14497 = DIRECTION('',(1.,0.,-0.));
#14498 = ADVANCED_FACE('',(#14499,#14507),#14510,.F.);
#14499 = FACE_BOUND('',#14500,.F.);
#14500 = EDGE_LOOP('',(#14501,#14502,#14503,#14504,#14505,#14506));
#14501 = ORIENTED_EDGE('',*,*,#7684,.T.);
#14502 = ORIENTED_EDGE('',*,*,#12786,.F.);
#14503 = ORIENTED_EDGE('',*,*,#12771,.F.);
#14504 = ORIENTED_EDGE('',*,*,#12737,.F.);
#14505 = ORIENTED_EDGE('',*,*,#7701,.F.);
#14506 = ORIENTED_EDGE('',*,*,#7692,.F.);
#14507 = FACE_BOUND('',#14508,.F.);
#14508 = EDGE_LOOP('',(#14509));
#14509 = ORIENTED_EDGE('',*,*,#12803,.F.);
#14510 = PLANE('',#14511);
#14511 = AXIS2_PLACEMENT_3D('',#14512,#14513,#14514);
#14512 = CARTESIAN_POINT('',(0.,0.,0.));
#14513 = DIRECTION('',(0.,0.,1.));
#14514 = DIRECTION('',(1.,0.,-0.));
#14515 = ADVANCED_FACE('',(#14516,#14524),#14527,.F.);
#14516 = FACE_BOUND('',#14517,.F.);
#14517 = EDGE_LOOP('',(#14518,#14519,#14520,#14521,#14522,#14523));
#14518 = ORIENTED_EDGE('',*,*,#7660,.T.);
#14519 = ORIENTED_EDGE('',*,*,#12877,.F.);
#14520 = ORIENTED_EDGE('',*,*,#12862,.F.);
#14521 = ORIENTED_EDGE('',*,*,#12828,.F.);
#14522 = ORIENTED_EDGE('',*,*,#7677,.F.);
#14523 = ORIENTED_EDGE('',*,*,#7668,.F.);
#14524 = FACE_BOUND('',#14525,.F.);
#14525 = EDGE_LOOP('',(#14526));
#14526 = ORIENTED_EDGE('',*,*,#12894,.F.);
#14527 = PLANE('',#14528);
#14528 = AXIS2_PLACEMENT_3D('',#14529,#14530,#14531);
#14529 = CARTESIAN_POINT('',(0.,0.,0.));
#14530 = DIRECTION('',(0.,0.,1.));
#14531 = DIRECTION('',(1.,0.,-0.));
#14532 = ADVANCED_FACE('',(#14533,#14541),#14544,.F.);
#14533 = FACE_BOUND('',#14534,.F.);
#14534 = EDGE_LOOP('',(#14535,#14536,#14537,#14538,#14539,#14540));
#14535 = ORIENTED_EDGE('',*,*,#7636,.T.);
#14536 = ORIENTED_EDGE('',*,*,#12968,.F.);
#14537 = ORIENTED_EDGE('',*,*,#12953,.F.);
#14538 = ORIENTED_EDGE('',*,*,#12919,.F.);
#14539 = ORIENTED_EDGE('',*,*,#7653,.F.);
#14540 = ORIENTED_EDGE('',*,*,#7644,.F.);
#14541 = FACE_BOUND('',#14542,.F.);
#14542 = EDGE_LOOP('',(#14543));
#14543 = ORIENTED_EDGE('',*,*,#12985,.F.);
#14544 = PLANE('',#14545);
#14545 = AXIS2_PLACEMENT_3D('',#14546,#14547,#14548);
#14546 = CARTESIAN_POINT('',(0.,0.,0.));
#14547 = DIRECTION('',(0.,0.,1.));
#14548 = DIRECTION('',(1.,0.,-0.));
#14549 = ADVANCED_FACE('',(#14550,#14558),#14561,.F.);
#14550 = FACE_BOUND('',#14551,.F.);
#14551 = EDGE_LOOP('',(#14552,#14553,#14554,#14555,#14556,#14557));
#14552 = ORIENTED_EDGE('',*,*,#7612,.T.);
#14553 = ORIENTED_EDGE('',*,*,#13059,.F.);
#14554 = ORIENTED_EDGE('',*,*,#13044,.F.);
#14555 = ORIENTED_EDGE('',*,*,#13010,.F.);
#14556 = ORIENTED_EDGE('',*,*,#7629,.F.);
#14557 = ORIENTED_EDGE('',*,*,#7620,.F.);
#14558 = FACE_BOUND('',#14559,.F.);
#14559 = EDGE_LOOP('',(#14560));
#14560 = ORIENTED_EDGE('',*,*,#13076,.F.);
#14561 = PLANE('',#14562);
#14562 = AXIS2_PLACEMENT_3D('',#14563,#14564,#14565);
#14563 = CARTESIAN_POINT('',(0.,0.,0.));
#14564 = DIRECTION('',(0.,0.,1.));
#14565 = DIRECTION('',(1.,0.,-0.));
#14566 = ADVANCED_FACE('',(#14567,#14577),#14580,.F.);
#14567 = FACE_BOUND('',#14568,.F.);
#14568 = EDGE_LOOP('',(#14569,#14570,#14571,#14572,#14573,#14574,#14575,
    #14576));
#14569 = ORIENTED_EDGE('',*,*,#7571,.T.);
#14570 = ORIENTED_EDGE('',*,*,#13150,.F.);
#14571 = ORIENTED_EDGE('',*,*,#13135,.F.);
#14572 = ORIENTED_EDGE('',*,*,#13101,.F.);
#14573 = ORIENTED_EDGE('',*,*,#7605,.F.);
#14574 = ORIENTED_EDGE('',*,*,#7596,.F.);
#14575 = ORIENTED_EDGE('',*,*,#7588,.T.);
#14576 = ORIENTED_EDGE('',*,*,#7579,.F.);
#14577 = FACE_BOUND('',#14578,.F.);
#14578 = EDGE_LOOP('',(#14579));
#14579 = ORIENTED_EDGE('',*,*,#13167,.F.);
#14580 = PLANE('',#14581);
#14581 = AXIS2_PLACEMENT_3D('',#14582,#14583,#14584);
#14582 = CARTESIAN_POINT('',(0.,0.,0.));
#14583 = DIRECTION('',(0.,0.,1.));
#14584 = DIRECTION('',(1.,0.,-0.));
#14585 = ADVANCED_FACE('',(#14586,#14594),#14597,.F.);
#14586 = FACE_BOUND('',#14587,.F.);
#14587 = EDGE_LOOP('',(#14588,#14589,#14590,#14591,#14592,#14593));
#14588 = ORIENTED_EDGE('',*,*,#7547,.T.);
#14589 = ORIENTED_EDGE('',*,*,#13241,.F.);
#14590 = ORIENTED_EDGE('',*,*,#13226,.F.);
#14591 = ORIENTED_EDGE('',*,*,#13192,.F.);
#14592 = ORIENTED_EDGE('',*,*,#7564,.F.);
#14593 = ORIENTED_EDGE('',*,*,#7555,.F.);
#14594 = FACE_BOUND('',#14595,.F.);
#14595 = EDGE_LOOP('',(#14596));
#14596 = ORIENTED_EDGE('',*,*,#13258,.F.);
#14597 = PLANE('',#14598);
#14598 = AXIS2_PLACEMENT_3D('',#14599,#14600,#14601);
#14599 = CARTESIAN_POINT('',(0.,0.,0.));
#14600 = DIRECTION('',(0.,0.,1.));
#14601 = DIRECTION('',(1.,0.,-0.));
#14602 = ADVANCED_FACE('',(#14603,#14611),#14614,.F.);
#14603 = FACE_BOUND('',#14604,.F.);
#14604 = EDGE_LOOP('',(#14605,#14606,#14607,#14608,#14609,#14610));
#14605 = ORIENTED_EDGE('',*,*,#7523,.T.);
#14606 = ORIENTED_EDGE('',*,*,#13332,.F.);
#14607 = ORIENTED_EDGE('',*,*,#13317,.F.);
#14608 = ORIENTED_EDGE('',*,*,#13283,.F.);
#14609 = ORIENTED_EDGE('',*,*,#7540,.F.);
#14610 = ORIENTED_EDGE('',*,*,#7531,.F.);
#14611 = FACE_BOUND('',#14612,.F.);
#14612 = EDGE_LOOP('',(#14613));
#14613 = ORIENTED_EDGE('',*,*,#13349,.F.);
#14614 = PLANE('',#14615);
#14615 = AXIS2_PLACEMENT_3D('',#14616,#14617,#14618);
#14616 = CARTESIAN_POINT('',(0.,0.,0.));
#14617 = DIRECTION('',(0.,0.,1.));
#14618 = DIRECTION('',(1.,0.,-0.));
#14619 = ADVANCED_FACE('',(#14620,#14628),#14631,.F.);
#14620 = FACE_BOUND('',#14621,.F.);
#14621 = EDGE_LOOP('',(#14622,#14623,#14624,#14625,#14626,#14627));
#14622 = ORIENTED_EDGE('',*,*,#7497,.T.);
#14623 = ORIENTED_EDGE('',*,*,#13423,.F.);
#14624 = ORIENTED_EDGE('',*,*,#13399,.F.);
#14625 = ORIENTED_EDGE('',*,*,#13374,.F.);
#14626 = ORIENTED_EDGE('',*,*,#7514,.F.);
#14627 = ORIENTED_EDGE('',*,*,#7505,.F.);
#14628 = FACE_BOUND('',#14629,.F.);
#14629 = EDGE_LOOP('',(#14630));
#14630 = ORIENTED_EDGE('',*,*,#13450,.F.);
#14631 = PLANE('',#14632);
#14632 = AXIS2_PLACEMENT_3D('',#14633,#14634,#14635);
#14633 = CARTESIAN_POINT('',(0.,0.,0.));
#14634 = DIRECTION('',(0.,0.,1.));
#14635 = DIRECTION('',(1.,0.,-0.));
#14636 = ADVANCED_FACE('',(#14637,#14647),#14650,.F.);
#14637 = FACE_BOUND('',#14638,.F.);
#14638 = EDGE_LOOP('',(#14639,#14640,#14641,#14642,#14643,#14644,#14645,
    #14646));
#14639 = ORIENTED_EDGE('',*,*,#7456,.T.);
#14640 = ORIENTED_EDGE('',*,*,#13514,.F.);
#14641 = ORIENTED_EDGE('',*,*,#13490,.F.);
#14642 = ORIENTED_EDGE('',*,*,#13465,.F.);
#14643 = ORIENTED_EDGE('',*,*,#7490,.F.);
#14644 = ORIENTED_EDGE('',*,*,#7481,.T.);
#14645 = ORIENTED_EDGE('',*,*,#7473,.F.);
#14646 = ORIENTED_EDGE('',*,*,#7464,.T.);
#14647 = FACE_BOUND('',#14648,.F.);
#14648 = EDGE_LOOP('',(#14649));
#14649 = ORIENTED_EDGE('',*,*,#13541,.F.);
#14650 = PLANE('',#14651);
#14651 = AXIS2_PLACEMENT_3D('',#14652,#14653,#14654);
#14652 = CARTESIAN_POINT('',(0.,0.,0.));
#14653 = DIRECTION('',(0.,0.,1.));
#14654 = DIRECTION('',(1.,0.,-0.));
#14655 = ADVANCED_FACE('',(#14656,#14664),#14667,.F.);
#14656 = FACE_BOUND('',#14657,.F.);
#14657 = EDGE_LOOP('',(#14658,#14659,#14660,#14661,#14662,#14663));
#14658 = ORIENTED_EDGE('',*,*,#7432,.T.);
#14659 = ORIENTED_EDGE('',*,*,#13605,.F.);
#14660 = ORIENTED_EDGE('',*,*,#13581,.F.);
#14661 = ORIENTED_EDGE('',*,*,#13556,.F.);
#14662 = ORIENTED_EDGE('',*,*,#7449,.F.);
#14663 = ORIENTED_EDGE('',*,*,#7440,.T.);
#14664 = FACE_BOUND('',#14665,.F.);
#14665 = EDGE_LOOP('',(#14666));
#14666 = ORIENTED_EDGE('',*,*,#13632,.F.);
#14667 = PLANE('',#14668);
#14668 = AXIS2_PLACEMENT_3D('',#14669,#14670,#14671);
#14669 = CARTESIAN_POINT('',(0.,0.,0.));
#14670 = DIRECTION('',(0.,0.,1.));
#14671 = DIRECTION('',(1.,0.,-0.));
#14672 = ADVANCED_FACE('',(#14673,#14676),#14679,.F.);
#14673 = FACE_BOUND('',#14674,.F.);
#14674 = EDGE_LOOP('',(#14675));
#14675 = ORIENTED_EDGE('',*,*,#8624,.T.);
#14676 = FACE_BOUND('',#14677,.F.);
#14677 = EDGE_LOOP('',(#14678));
#14678 = ORIENTED_EDGE('',*,*,#13655,.F.);
#14679 = PLANE('',#14680);
#14680 = AXIS2_PLACEMENT_3D('',#14681,#14682,#14683);
#14681 = CARTESIAN_POINT('',(0.,0.,0.));
#14682 = DIRECTION('',(0.,0.,1.));
#14683 = DIRECTION('',(1.,0.,-0.));
#14684 = ADVANCED_FACE('',(#14685,#14688),#14691,.F.);
#14685 = FACE_BOUND('',#14686,.F.);
#14686 = EDGE_LOOP('',(#14687));
#14687 = ORIENTED_EDGE('',*,*,#8635,.T.);
#14688 = FACE_BOUND('',#14689,.F.);
#14689 = EDGE_LOOP('',(#14690));
#14690 = ORIENTED_EDGE('',*,*,#13705,.F.);
#14691 = PLANE('',#14692);
#14692 = AXIS2_PLACEMENT_3D('',#14693,#14694,#14695);
#14693 = CARTESIAN_POINT('',(0.,0.,0.));
#14694 = DIRECTION('',(0.,0.,1.));
#14695 = DIRECTION('',(1.,0.,-0.));
#14696 = ADVANCED_FACE('',(#14697),#14707,.F.);
#14697 = FACE_BOUND('',#14698,.T.);
#14698 = EDGE_LOOP('',(#14699,#14700,#14701,#14702,#14703,#14704,#14705,
    #14706));
#14699 = ORIENTED_EDGE('',*,*,#8657,.T.);
#14700 = ORIENTED_EDGE('',*,*,#8665,.F.);
#14701 = ORIENTED_EDGE('',*,*,#8674,.T.);
#14702 = ORIENTED_EDGE('',*,*,#8682,.F.);
#14703 = ORIENTED_EDGE('',*,*,#8691,.T.);
#14704 = ORIENTED_EDGE('',*,*,#8699,.F.);
#14705 = ORIENTED_EDGE('',*,*,#8708,.T.);
#14706 = ORIENTED_EDGE('',*,*,#8646,.F.);
#14707 = PLANE('',#14708);
#14708 = AXIS2_PLACEMENT_3D('',#14709,#14710,#14711);
#14709 = CARTESIAN_POINT('',(-2.5,12.5,1.E-15));
#14710 = DIRECTION('',(0.,0.,1.));
#14711 = DIRECTION('',(1.,0.,-0.));
#14712 = ADVANCED_FACE('',(#14713,#14716),#14719,.F.);
#14713 = FACE_BOUND('',#14714,.F.);
#14714 = EDGE_LOOP('',(#14715));
#14715 = ORIENTED_EDGE('',*,*,#8716,.T.);
#14716 = FACE_BOUND('',#14717,.F.);
#14717 = EDGE_LOOP('',(#14718));
#14718 = ORIENTED_EDGE('',*,*,#13742,.F.);
#14719 = PLANE('',#14720);
#14720 = AXIS2_PLACEMENT_3D('',#14721,#14722,#14723);
#14721 = CARTESIAN_POINT('',(0.,0.,0.));
#14722 = DIRECTION('',(0.,0.,1.));
#14723 = DIRECTION('',(1.,0.,-0.));
#14724 = ADVANCED_FACE('',(#14725),#14735,.F.);
#14725 = FACE_BOUND('',#14726,.T.);
#14726 = EDGE_LOOP('',(#14727,#14728,#14729,#14730,#14731,#14732,#14733,
    #14734));
#14727 = ORIENTED_EDGE('',*,*,#8738,.T.);
#14728 = ORIENTED_EDGE('',*,*,#8746,.F.);
#14729 = ORIENTED_EDGE('',*,*,#8755,.T.);
#14730 = ORIENTED_EDGE('',*,*,#8763,.F.);
#14731 = ORIENTED_EDGE('',*,*,#8772,.T.);
#14732 = ORIENTED_EDGE('',*,*,#8780,.F.);
#14733 = ORIENTED_EDGE('',*,*,#8789,.T.);
#14734 = ORIENTED_EDGE('',*,*,#8727,.F.);
#14735 = PLANE('',#14736);
#14736 = AXIS2_PLACEMENT_3D('',#14737,#14738,#14739);
#14737 = CARTESIAN_POINT('',(-2.5,15.,0.));
#14738 = DIRECTION('',(0.,0.,1.));
#14739 = DIRECTION('',(1.,0.,-0.));
#14740 = ADVANCED_FACE('',(#14741),#14751,.F.);
#14741 = FACE_BOUND('',#14742,.T.);
#14742 = EDGE_LOOP('',(#14743,#14744,#14745,#14746,#14747,#14748,#14749,
    #14750));
#14743 = ORIENTED_EDGE('',*,*,#8808,.T.);
#14744 = ORIENTED_EDGE('',*,*,#8816,.F.);
#14745 = ORIENTED_EDGE('',*,*,#8825,.T.);
#14746 = ORIENTED_EDGE('',*,*,#8833,.F.);
#14747 = ORIENTED_EDGE('',*,*,#8842,.T.);
#14748 = ORIENTED_EDGE('',*,*,#8850,.F.);
#14749 = ORIENTED_EDGE('',*,*,#8859,.T.);
#14750 = ORIENTED_EDGE('',*,*,#8797,.F.);
#14751 = PLANE('',#14752);
#14752 = AXIS2_PLACEMENT_3D('',#14753,#14754,#14755);
#14753 = CARTESIAN_POINT('',(-2.5,17.5,0.));
#14754 = DIRECTION('',(0.,0.,1.));
#14755 = DIRECTION('',(1.,0.,-0.));
#14756 = ADVANCED_FACE('',(#14757),#14763,.F.);
#14757 = FACE_BOUND('',#14758,.F.);
#14758 = EDGE_LOOP('',(#14759,#14760,#14761,#14762));
#14759 = ORIENTED_EDGE('',*,*,#8867,.T.);
#14760 = ORIENTED_EDGE('',*,*,#8895,.T.);
#14761 = ORIENTED_EDGE('',*,*,#8886,.T.);
#14762 = ORIENTED_EDGE('',*,*,#8878,.T.);
#14763 = PLANE('',#14764);
#14764 = AXIS2_PLACEMENT_3D('',#14765,#14766,#14767);
#14765 = CARTESIAN_POINT('',(-2.588005780347,22.616358381503,0.));
#14766 = DIRECTION('',(0.,0.,1.));
#14767 = DIRECTION('',(1.,0.,-0.));
#14768 = ADVANCED_FACE('',(#14769),#14775,.F.);
#14769 = FACE_BOUND('',#14770,.F.);
#14770 = EDGE_LOOP('',(#14771,#14772,#14773,#14774));
#14771 = ORIENTED_EDGE('',*,*,#8922,.T.);
#14772 = ORIENTED_EDGE('',*,*,#8914,.T.);
#14773 = ORIENTED_EDGE('',*,*,#8903,.T.);
#14774 = ORIENTED_EDGE('',*,*,#8931,.T.);
#14775 = PLANE('',#14776);
#14776 = AXIS2_PLACEMENT_3D('',#14777,#14778,#14779);
#14777 = CARTESIAN_POINT('',(-2.588005780347,22.616358381503,0.));
#14778 = DIRECTION('',(0.,0.,1.));
#14779 = DIRECTION('',(1.,0.,-0.));
#14780 = ADVANCED_FACE('',(#14781),#14791,.F.);
#14781 = FACE_BOUND('',#14782,.T.);
#14782 = EDGE_LOOP('',(#14783,#14784,#14785,#14786,#14787,#14788,#14789,
    #14790));
#14783 = ORIENTED_EDGE('',*,*,#8967,.T.);
#14784 = ORIENTED_EDGE('',*,*,#8975,.F.);
#14785 = ORIENTED_EDGE('',*,*,#8984,.T.);
#14786 = ORIENTED_EDGE('',*,*,#8992,.F.);
#14787 = ORIENTED_EDGE('',*,*,#9001,.T.);
#14788 = ORIENTED_EDGE('',*,*,#8939,.F.);
#14789 = ORIENTED_EDGE('',*,*,#8950,.T.);
#14790 = ORIENTED_EDGE('',*,*,#8958,.F.);
#14791 = PLANE('',#14792);
#14792 = AXIS2_PLACEMENT_3D('',#14793,#14794,#14795);
#14793 = CARTESIAN_POINT('',(-1.,24.3,0.));
#14794 = DIRECTION('',(0.,0.,1.));
#14795 = DIRECTION('',(1.,0.,-0.));
#14796 = ADVANCED_FACE('',(#14797),#14807,.F.);
#14797 = FACE_BOUND('',#14798,.T.);
#14798 = EDGE_LOOP('',(#14799,#14800,#14801,#14802,#14803,#14804,#14805,
    #14806));
#14799 = ORIENTED_EDGE('',*,*,#9020,.T.);
#14800 = ORIENTED_EDGE('',*,*,#9028,.F.);
#14801 = ORIENTED_EDGE('',*,*,#9037,.T.);
#14802 = ORIENTED_EDGE('',*,*,#9045,.F.);
#14803 = ORIENTED_EDGE('',*,*,#9054,.T.);
#14804 = ORIENTED_EDGE('',*,*,#9062,.F.);
#14805 = ORIENTED_EDGE('',*,*,#9071,.T.);
#14806 = ORIENTED_EDGE('',*,*,#9009,.F.);
#14807 = PLANE('',#14808);
#14808 = AXIS2_PLACEMENT_3D('',#14809,#14810,#14811);
#14809 = CARTESIAN_POINT('',(0.,21.,0.));
#14810 = DIRECTION('',(0.,0.,1.));
#14811 = DIRECTION('',(1.,0.,-0.));
#14812 = ADVANCED_FACE('',(#14813),#14823,.F.);
#14813 = FACE_BOUND('',#14814,.F.);
#14814 = EDGE_LOOP('',(#14815,#14816,#14817,#14818,#14819,#14820,#14821,
    #14822));
#14815 = ORIENTED_EDGE('',*,*,#9079,.T.);
#14816 = ORIENTED_EDGE('',*,*,#9140,.F.);
#14817 = ORIENTED_EDGE('',*,*,#9132,.T.);
#14818 = ORIENTED_EDGE('',*,*,#9123,.F.);
#14819 = ORIENTED_EDGE('',*,*,#9115,.T.);
#14820 = ORIENTED_EDGE('',*,*,#9106,.F.);
#14821 = ORIENTED_EDGE('',*,*,#9098,.T.);
#14822 = ORIENTED_EDGE('',*,*,#9089,.F.);
#14823 = PLANE('',#14824);
#14824 = AXIS2_PLACEMENT_3D('',#14825,#14826,#14827);
#14825 = CARTESIAN_POINT('',(1.,24.3,2.2E-16));
#14826 = DIRECTION('',(0.,0.,1.));
#14827 = DIRECTION('',(1.,0.,-0.));
#14828 = ADVANCED_FACE('',(#14829),#14835,.F.);
#14829 = FACE_BOUND('',#14830,.T.);
#14830 = EDGE_LOOP('',(#14831,#14832,#14833,#14834));
#14831 = ORIENTED_EDGE('',*,*,#9159,.T.);
#14832 = ORIENTED_EDGE('',*,*,#9168,.T.);
#14833 = ORIENTED_EDGE('',*,*,#9176,.T.);
#14834 = ORIENTED_EDGE('',*,*,#9149,.T.);
#14835 = PLANE('',#14836);
#14836 = AXIS2_PLACEMENT_3D('',#14837,#14838,#14839);
#14837 = CARTESIAN_POINT('',(2.588005780347,22.616358381503,5.7E-16));
#14838 = DIRECTION('',(0.,0.,1.));
#14839 = DIRECTION('',(1.,0.,-0.));
#14840 = ADVANCED_FACE('',(#14841),#14847,.F.);
#14841 = FACE_BOUND('',#14842,.T.);
#14842 = EDGE_LOOP('',(#14843,#14844,#14845,#14846));
#14843 = ORIENTED_EDGE('',*,*,#9212,.T.);
#14844 = ORIENTED_EDGE('',*,*,#9185,.T.);
#14845 = ORIENTED_EDGE('',*,*,#9195,.T.);
#14846 = ORIENTED_EDGE('',*,*,#9204,.T.);
#14847 = PLANE('',#14848);
#14848 = AXIS2_PLACEMENT_3D('',#14849,#14850,#14851);
#14849 = CARTESIAN_POINT('',(2.588005780347,22.616358381503,5.7E-16));
#14850 = DIRECTION('',(0.,0.,1.));
#14851 = DIRECTION('',(1.,0.,-0.));
#14852 = ADVANCED_FACE('',(#14853,#14856),#14859,.F.);
#14853 = FACE_BOUND('',#14854,.F.);
#14854 = EDGE_LOOP('',(#14855));
#14855 = ORIENTED_EDGE('',*,*,#9221,.T.);
#14856 = FACE_BOUND('',#14857,.F.);
#14857 = EDGE_LOOP('',(#14858));
#14858 = ORIENTED_EDGE('',*,*,#13910,.F.);
#14859 = PLANE('',#14860);
#14860 = AXIS2_PLACEMENT_3D('',#14861,#14862,#14863);
#14861 = CARTESIAN_POINT('',(0.,0.,0.));
#14862 = DIRECTION('',(0.,0.,1.));
#14863 = DIRECTION('',(1.,0.,-0.));
#14864 = ADVANCED_FACE('',(#14865),#14908,.T.);
#14865 = FACE_BOUND('',#14866,.T.);
#14866 = EDGE_LOOP('',(#14867,#14877,#14886,#14892,#14893,#14901));
#14867 = ORIENTED_EDGE('',*,*,#14868,.F.);
#14868 = EDGE_CURVE('',#14869,#14871,#14873,.T.);
#14869 = VERTEX_POINT('',#14870);
#14870 = CARTESIAN_POINT('',(2.375,26.634168760482,0.75));
#14871 = VERTEX_POINT('',#14872);
#14872 = CARTESIAN_POINT('',(-2.375,26.634168760482,0.75));
#14873 = LINE('',#14874,#14875);
#14874 = CARTESIAN_POINT('',(2.575,26.634168760482,0.75));
#14875 = VECTOR('',#14876,1.);
#14876 = DIRECTION('',(-1.,0.,0.));
#14877 = ORIENTED_EDGE('',*,*,#14878,.F.);
#14878 = EDGE_CURVE('',#14879,#14869,#14881,.T.);
#14879 = VERTEX_POINT('',#14880);
#14880 = CARTESIAN_POINT('',(2.575,26.467502093816,0.860554159679));
#14881 = CIRCLE('',#14882,0.2);
#14882 = AXIS2_PLACEMENT_3D('',#14883,#14884,#14885);
#14883 = CARTESIAN_POINT('',(2.375,26.467502093816,0.860554159679));
#14884 = DIRECTION('',(-3.7E-16,0.552770798393,0.833333333333));
#14885 = DIRECTION('',(4.930380657631E-32,-0.833333333333,0.552770798393
    ));
#14886 = ORIENTED_EDGE('',*,*,#14887,.F.);
#14887 = EDGE_CURVE('',#11059,#14879,#14888,.T.);
#14888 = LINE('',#14889,#14890);
#14889 = CARTESIAN_POINT('',(2.575,26.257279579762,1.));
#14890 = VECTOR('',#14891,1.);
#14891 = DIRECTION('',(0.,0.833333333332,-0.552770798395));
#14892 = ORIENTED_EDGE('',*,*,#11058,.T.);
#14893 = ORIENTED_EDGE('',*,*,#14894,.T.);
#14894 = EDGE_CURVE('',#11061,#14895,#14897,.T.);
#14895 = VERTEX_POINT('',#14896);
#14896 = CARTESIAN_POINT('',(-2.575,26.467502093816,0.860554159679));
#14897 = LINE('',#14898,#14899);
#14898 = CARTESIAN_POINT('',(-2.575,26.257279579762,1.));
#14899 = VECTOR('',#14900,1.);
#14900 = DIRECTION('',(0.,0.833333333332,-0.552770798395));
#14901 = ORIENTED_EDGE('',*,*,#14902,.T.);
#14902 = EDGE_CURVE('',#14895,#14871,#14903,.T.);
#14903 = CIRCLE('',#14904,0.2);
#14904 = AXIS2_PLACEMENT_3D('',#14905,#14906,#14907);
#14905 = CARTESIAN_POINT('',(-2.375,26.467502093816,0.860554159679));
#14906 = DIRECTION('',(3.7E-16,-0.552770798393,-0.833333333333));
#14907 = DIRECTION('',(4.930380657631E-32,-0.833333333333,0.552770798393
    ));
#14908 = PLANE('',#14909);
#14909 = AXIS2_PLACEMENT_3D('',#14910,#14911,#14912);
#14910 = CARTESIAN_POINT('',(2.575,26.257279579762,1.));
#14911 = DIRECTION('',(3.7E-16,-0.552770798393,-0.833333333333));
#14912 = DIRECTION('',(-8.211548985285E-28,0.833333333333,
    -0.552770798393));
#14913 = ADVANCED_FACE('',(#14914),#14950,.F.);
#14914 = FACE_BOUND('',#14915,.F.);
#14915 = EDGE_LOOP('',(#14916,#14917,#14925,#14933,#14942,#14948,#14949)
  );
#14916 = ORIENTED_EDGE('',*,*,#14894,.T.);
#14917 = ORIENTED_EDGE('',*,*,#14918,.T.);
#14918 = EDGE_CURVE('',#14895,#14919,#14921,.T.);
#14919 = VERTEX_POINT('',#14920);
#14920 = CARTESIAN_POINT('',(-2.575,26.633333333332,1.110554159676));
#14921 = LINE('',#14922,#14923);
#14922 = CARTESIAN_POINT('',(-2.575,26.467502093816,0.860554159679));
#14923 = VECTOR('',#14924,1.);
#14924 = DIRECTION('',(-3.7E-16,0.552770798393,0.833333333333));
#14925 = ORIENTED_EDGE('',*,*,#14926,.F.);
#14926 = EDGE_CURVE('',#14927,#14919,#14929,.T.);
#14927 = VERTEX_POINT('',#14928);
#14928 = CARTESIAN_POINT('',(-2.575,26.423110819263,1.250000000002));
#14929 = LINE('',#14930,#14931);
#14930 = CARTESIAN_POINT('',(-2.575,26.423110819263,1.250000000002));
#14931 = VECTOR('',#14932,1.);
#14932 = DIRECTION('',(0.,0.833333333332,-0.552770798395));
#14933 = ORIENTED_EDGE('',*,*,#14934,.F.);
#14934 = EDGE_CURVE('',#14935,#14927,#14937,.T.);
#14935 = VERTEX_POINT('',#14936);
#14936 = CARTESIAN_POINT('',(-2.575,26.257279579748,1.3));
#14937 = CIRCLE('',#14938,0.3);
#14938 = AXIS2_PLACEMENT_3D('',#14939,#14940,#14941);
#14939 = CARTESIAN_POINT('',(-2.575,26.257279579762,1.));
#14940 = DIRECTION('',(-1.,0.,0.));
#14941 = DIRECTION('',(0.,1.,0.));
#14942 = ORIENTED_EDGE('',*,*,#14943,.F.);
#14943 = EDGE_CURVE('',#11177,#14935,#14944,.T.);
#14944 = LINE('',#14945,#14946);
#14945 = CARTESIAN_POINT('',(-2.575,26.2,1.3));
#14946 = VECTOR('',#14947,1.);
#14947 = DIRECTION('',(0.,1.,0.));
#14948 = ORIENTED_EDGE('',*,*,#11184,.T.);
#14949 = ORIENTED_EDGE('',*,*,#11093,.T.);
#14950 = PLANE('',#14951);
#14951 = AXIS2_PLACEMENT_3D('',#14952,#14953,#14954);
#14952 = CARTESIAN_POINT('',(-2.575,26.467842718664,1.041346107238));
#14953 = DIRECTION('',(1.,0.,-0.));
#14954 = DIRECTION('',(0.,0.,1.));
#14955 = ADVANCED_FACE('',(#14956),#14992,.T.);
#14956 = FACE_BOUND('',#14957,.T.);
#14957 = EDGE_LOOP('',(#14958,#14959,#14967,#14975,#14984,#14990,#14991)
  );
#14958 = ORIENTED_EDGE('',*,*,#14887,.T.);
#14959 = ORIENTED_EDGE('',*,*,#14960,.T.);
#14960 = EDGE_CURVE('',#14879,#14961,#14963,.T.);
#14961 = VERTEX_POINT('',#14962);
#14962 = CARTESIAN_POINT('',(2.575,26.633333333332,1.110554159676));
#14963 = LINE('',#14964,#14965);
#14964 = CARTESIAN_POINT('',(2.575,26.467502093816,0.860554159679));
#14965 = VECTOR('',#14966,1.);
#14966 = DIRECTION('',(-3.7E-16,0.552770798393,0.833333333333));
#14967 = ORIENTED_EDGE('',*,*,#14968,.F.);
#14968 = EDGE_CURVE('',#14969,#14961,#14971,.T.);
#14969 = VERTEX_POINT('',#14970);
#14970 = CARTESIAN_POINT('',(2.575,26.423110819263,1.250000000002));
#14971 = LINE('',#14972,#14973);
#14972 = CARTESIAN_POINT('',(2.575,26.423110819263,1.250000000002));
#14973 = VECTOR('',#14974,1.);
#14974 = DIRECTION('',(0.,0.833333333332,-0.552770798395));
#14975 = ORIENTED_EDGE('',*,*,#14976,.F.);
#14976 = EDGE_CURVE('',#14977,#14969,#14979,.T.);
#14977 = VERTEX_POINT('',#14978);
#14978 = CARTESIAN_POINT('',(2.575,26.257279579748,1.3));
#14979 = CIRCLE('',#14980,0.3);
#14980 = AXIS2_PLACEMENT_3D('',#14981,#14982,#14983);
#14981 = CARTESIAN_POINT('',(2.575,26.257279579762,1.));
#14982 = DIRECTION('',(-1.,0.,0.));
#14983 = DIRECTION('',(0.,1.,0.));
#14984 = ORIENTED_EDGE('',*,*,#14985,.F.);
#14985 = EDGE_CURVE('',#11487,#14977,#14986,.T.);
#14986 = LINE('',#14987,#14988);
#14987 = CARTESIAN_POINT('',(2.575,26.2,1.3));
#14988 = VECTOR('',#14989,1.);
#14989 = DIRECTION('',(0.,1.,0.));
#14990 = ORIENTED_EDGE('',*,*,#11486,.T.);
#14991 = ORIENTED_EDGE('',*,*,#11068,.T.);
#14992 = PLANE('',#14993);
#14993 = AXIS2_PLACEMENT_3D('',#14994,#14995,#14996);
#14994 = CARTESIAN_POINT('',(2.575,26.467842718664,1.041346107238));
#14995 = DIRECTION('',(1.,0.,-0.));
#14996 = DIRECTION('',(0.,0.,1.));
#14997 = ADVANCED_FACE('',(#14998),#15032,.T.);
#14998 = FACE_BOUND('',#14999,.T.);
#14999 = EDGE_LOOP('',(#15000,#15006,#15007,#15008,#15016,#15024,#15030,
    #15031));
#15000 = ORIENTED_EDGE('',*,*,#15001,.T.);
#15001 = EDGE_CURVE('',#14977,#14935,#15002,.T.);
#15002 = LINE('',#15003,#15004);
#15003 = CARTESIAN_POINT('',(2.575,26.257279579748,1.3));
#15004 = VECTOR('',#15005,1.);
#15005 = DIRECTION('',(-1.,0.,0.));
#15006 = ORIENTED_EDGE('',*,*,#14943,.F.);
#15007 = ORIENTED_EDGE('',*,*,#11176,.F.);
#15008 = ORIENTED_EDGE('',*,*,#15009,.T.);
#15009 = EDGE_CURVE('',#11168,#15010,#15012,.T.);
#15010 = VERTEX_POINT('',#15011);
#15011 = CARTESIAN_POINT('',(-2.660723304703,21.5,1.3));
#15012 = LINE('',#15013,#15014);
#15013 = CARTESIAN_POINT('',(-2.660723304703,26.2,1.3));
#15014 = VECTOR('',#15015,1.);
#15015 = DIRECTION('',(0.,-1.,0.));
#15016 = ORIENTED_EDGE('',*,*,#15017,.F.);
#15017 = EDGE_CURVE('',#15018,#15010,#15020,.T.);
#15018 = VERTEX_POINT('',#15019);
#15019 = CARTESIAN_POINT('',(2.660723304703,21.5,1.3));
#15020 = LINE('',#15021,#15022);
#15021 = CARTESIAN_POINT('',(-1.418382034356,21.5,1.3));
#15022 = VECTOR('',#15023,1.);
#15023 = DIRECTION('',(-1.,0.,0.));
#15024 = ORIENTED_EDGE('',*,*,#15025,.F.);
#15025 = EDGE_CURVE('',#11495,#15018,#15026,.T.);
#15026 = LINE('',#15027,#15028);
#15027 = CARTESIAN_POINT('',(2.660723304703,26.2,1.3));
#15028 = VECTOR('',#15029,1.);
#15029 = DIRECTION('',(0.,-1.,0.));
#15030 = ORIENTED_EDGE('',*,*,#11494,.F.);
#15031 = ORIENTED_EDGE('',*,*,#14985,.T.);
#15032 = PLANE('',#15033);
#15033 = AXIS2_PLACEMENT_3D('',#15034,#15035,#15036);
#15034 = CARTESIAN_POINT('',(8.E-17,23.878152605802,1.3));
#15035 = DIRECTION('',(0.,0.,1.));
#15036 = DIRECTION('',(1.,0.,-0.));
#15037 = ADVANCED_FACE('',(#15038),#15057,.F.);
#15038 = FACE_BOUND('',#15039,.F.);
#15039 = EDGE_LOOP('',(#15040,#15041,#15050,#15056));
#15040 = ORIENTED_EDGE('',*,*,#15009,.T.);
#15041 = ORIENTED_EDGE('',*,*,#15042,.F.);
#15042 = EDGE_CURVE('',#15043,#15010,#15045,.T.);
#15043 = VERTEX_POINT('',#15044);
#15044 = CARTESIAN_POINT('',(-2.749111652352,21.5,1.336611652352));
#15045 = CIRCLE('',#15046,0.125);
#15046 = AXIS2_PLACEMENT_3D('',#15047,#15048,#15049);
#15047 = CARTESIAN_POINT('',(-2.660723304703,21.5,1.425));
#15048 = DIRECTION('',(0.,-1.,0.));
#15049 = DIRECTION('',(2.2E-16,0.,-1.));
#15050 = ORIENTED_EDGE('',*,*,#15051,.F.);
#15051 = EDGE_CURVE('',#11160,#15043,#15052,.T.);
#15052 = LINE('',#15053,#15054);
#15053 = CARTESIAN_POINT('',(-2.749111652352,26.2,1.336611652352));
#15054 = VECTOR('',#15055,1.);
#15055 = DIRECTION('',(0.,-1.,0.));
#15056 = ORIENTED_EDGE('',*,*,#11167,.F.);
#15057 = CYLINDRICAL_SURFACE('',#15058,0.125);
#15058 = AXIS2_PLACEMENT_3D('',#15059,#15060,#15061);
#15059 = CARTESIAN_POINT('',(-2.660723304703,26.2,1.425));
#15060 = DIRECTION('',(0.,-1.,0.));
#15061 = DIRECTION('',(2.2E-16,0.,-1.));
#15062 = ADVANCED_FACE('',(#15063),#15081,.F.);
#15063 = FACE_BOUND('',#15064,.F.);
#15064 = EDGE_LOOP('',(#15065,#15066,#15067,#15075));
#15065 = ORIENTED_EDGE('',*,*,#11159,.F.);
#15066 = ORIENTED_EDGE('',*,*,#15051,.T.);
#15067 = ORIENTED_EDGE('',*,*,#15068,.F.);
#15068 = EDGE_CURVE('',#15069,#15043,#15071,.T.);
#15069 = VERTEX_POINT('',#15070);
#15070 = CARTESIAN_POINT('',(-3.413388347648,21.5,2.000888347648));
#15071 = LINE('',#15072,#15073);
#15072 = CARTESIAN_POINT('',(-2.243678566711,21.5,0.831178566711));
#15073 = VECTOR('',#15074,1.);
#15074 = DIRECTION('',(0.707106781187,0.,-0.707106781187));
#15075 = ORIENTED_EDGE('',*,*,#15076,.F.);
#15076 = EDGE_CURVE('',#11151,#15069,#15077,.T.);
#15077 = LINE('',#15078,#15079);
#15078 = CARTESIAN_POINT('',(-3.413388347648,26.2,2.000888347648));
#15079 = VECTOR('',#15080,1.);
#15080 = DIRECTION('',(0.,-1.,0.));
#15081 = PLANE('',#15082);
#15082 = AXIS2_PLACEMENT_3D('',#15083,#15084,#15085);
#15083 = CARTESIAN_POINT('',(-2.624632034356,26.2,1.212132034356));
#15084 = DIRECTION('',(-0.707106781187,-0.,-0.707106781187));
#15085 = DIRECTION('',(-0.707106781187,0.,0.707106781187));
#15086 = ADVANCED_FACE('',(#15087),#15106,.F.);
#15087 = FACE_BOUND('',#15088,.F.);
#15088 = EDGE_LOOP('',(#15089,#15090,#15091,#15100));
#15089 = ORIENTED_EDGE('',*,*,#11150,.T.);
#15090 = ORIENTED_EDGE('',*,*,#15076,.T.);
#15091 = ORIENTED_EDGE('',*,*,#15092,.F.);
#15092 = EDGE_CURVE('',#15093,#15069,#15095,.T.);
#15093 = VERTEX_POINT('',#15094);
#15094 = CARTESIAN_POINT('',(-3.45,21.5,2.089276695297));
#15095 = CIRCLE('',#15096,0.125);
#15096 = AXIS2_PLACEMENT_3D('',#15097,#15098,#15099);
#15097 = CARTESIAN_POINT('',(-3.325,21.5,2.089276695297));
#15098 = DIRECTION('',(0.,-1.,0.));
#15099 = DIRECTION('',(-1.,0.,0.));
#15100 = ORIENTED_EDGE('',*,*,#15101,.F.);
#15101 = EDGE_CURVE('',#11143,#15093,#15102,.T.);
#15102 = LINE('',#15103,#15104);
#15103 = CARTESIAN_POINT('',(-3.45,26.2,2.089276695297));
#15104 = VECTOR('',#15105,1.);
#15105 = DIRECTION('',(0.,-1.,0.));
#15106 = CYLINDRICAL_SURFACE('',#15107,0.125);
#15107 = AXIS2_PLACEMENT_3D('',#15108,#15109,#15110);
#15108 = CARTESIAN_POINT('',(-3.325,26.2,2.089276695297));
#15109 = DIRECTION('',(0.,-1.,0.));
#15110 = DIRECTION('',(-1.,0.,0.));
#15111 = ADVANCED_FACE('',(#15112),#15162,.T.);
#15112 = FACE_BOUND('',#15113,.T.);
#15113 = EDGE_LOOP('',(#15114,#15115,#15123,#15131,#15139,#15147,#15155,
    #15161));
#15114 = ORIENTED_EDGE('',*,*,#11142,.T.);
#15115 = ORIENTED_EDGE('',*,*,#15116,.T.);
#15116 = EDGE_CURVE('',#11135,#15117,#15119,.T.);
#15117 = VERTEX_POINT('',#15118);
#15118 = CARTESIAN_POINT('',(-3.45,26.257279579748,2.107138347648));
#15119 = LINE('',#15120,#15121);
#15120 = CARTESIAN_POINT('',(-3.45,26.2,2.107138347648));
#15121 = VECTOR('',#15122,1.);
#15122 = DIRECTION('',(0.,1.,0.));
#15123 = ORIENTED_EDGE('',*,*,#15124,.T.);
#15124 = EDGE_CURVE('',#15117,#15125,#15127,.T.);
#15125 = VERTEX_POINT('',#15126);
#15126 = CARTESIAN_POINT('',(-3.45,26.257279579748,3.007138347648));
#15127 = LINE('',#15128,#15129);
#15128 = CARTESIAN_POINT('',(-3.45,26.257279579748,2.107138347648));
#15129 = VECTOR('',#15130,1.);
#15130 = DIRECTION('',(0.,0.,1.));
#15131 = ORIENTED_EDGE('',*,*,#15132,.F.);
#15132 = EDGE_CURVE('',#15133,#15125,#15135,.T.);
#15133 = VERTEX_POINT('',#15134);
#15134 = CARTESIAN_POINT('',(-3.45,26.2,3.007138347648));
#15135 = LINE('',#15136,#15137);
#15136 = CARTESIAN_POINT('',(-3.45,26.2,3.007138347648));
#15137 = VECTOR('',#15138,1.);
#15138 = DIRECTION('',(0.,1.,0.));
#15139 = ORIENTED_EDGE('',*,*,#15140,.T.);
#15140 = EDGE_CURVE('',#15133,#15141,#15143,.T.);
#15141 = VERTEX_POINT('',#15142);
#15142 = CARTESIAN_POINT('',(-3.45,26.2,3.025));
#15143 = LINE('',#15144,#15145);
#15144 = CARTESIAN_POINT('',(-3.45,26.2,1.913235931288));
#15145 = VECTOR('',#15146,1.);
#15146 = DIRECTION('',(0.,0.,1.));
#15147 = ORIENTED_EDGE('',*,*,#15148,.T.);
#15148 = EDGE_CURVE('',#15141,#15149,#15151,.T.);
#15149 = VERTEX_POINT('',#15150);
#15150 = CARTESIAN_POINT('',(-3.45,21.5,3.025));
#15151 = LINE('',#15152,#15153);
#15152 = CARTESIAN_POINT('',(-3.45,26.2,3.025));
#15153 = VECTOR('',#15154,1.);
#15154 = DIRECTION('',(0.,-1.,0.));
#15155 = ORIENTED_EDGE('',*,*,#15156,.T.);
#15156 = EDGE_CURVE('',#15149,#15093,#15157,.T.);
#15157 = LINE('',#15158,#15159);
#15158 = CARTESIAN_POINT('',(-3.45,21.5,2.113093064709));
#15159 = VECTOR('',#15160,1.);
#15160 = DIRECTION('',(2.2E-16,0.,-1.));
#15161 = ORIENTED_EDGE('',*,*,#15101,.F.);
#15162 = PLANE('',#15163);
#15163 = AXIS2_PLACEMENT_3D('',#15164,#15165,#15166);
#15164 = CARTESIAN_POINT('',(-3.45,23.878460076643,2.557138347648));
#15165 = DIRECTION('',(1.,0.,-0.));
#15166 = DIRECTION('',(0.,0.,1.));
#15167 = ADVANCED_FACE('',(#15168),#15204,.F.);
#15168 = FACE_BOUND('',#15169,.F.);
#15169 = EDGE_LOOP('',(#15170,#15178,#15179,#15180,#15181,#15190,#15198)
  );
#15170 = ORIENTED_EDGE('',*,*,#15171,.F.);
#15171 = EDGE_CURVE('',#11309,#15172,#15174,.T.);
#15172 = VERTEX_POINT('',#15173);
#15173 = CARTESIAN_POINT('',(-3.889445840321,26.467502093816,
    2.107138347648));
#15174 = LINE('',#15175,#15176);
#15175 = CARTESIAN_POINT('',(-3.75,26.257279579762,2.107138347648));
#15176 = VECTOR('',#15177,1.);
#15177 = DIRECTION('',(-0.552770798395,0.833333333332,0.));
#15178 = ORIENTED_EDGE('',*,*,#11316,.F.);
#15179 = ORIENTED_EDGE('',*,*,#11134,.F.);
#15180 = ORIENTED_EDGE('',*,*,#15116,.T.);
#15181 = ORIENTED_EDGE('',*,*,#15182,.T.);
#15182 = EDGE_CURVE('',#15117,#15183,#15185,.T.);
#15183 = VERTEX_POINT('',#15184);
#15184 = CARTESIAN_POINT('',(-3.499999999998,26.423110819263,
    2.107138347648));
#15185 = CIRCLE('',#15186,0.3);
#15186 = AXIS2_PLACEMENT_3D('',#15187,#15188,#15189);
#15187 = CARTESIAN_POINT('',(-3.75,26.257279579762,2.107138347648));
#15188 = DIRECTION('',(0.,-0.,1.));
#15189 = DIRECTION('',(0.,1.,0.));
#15190 = ORIENTED_EDGE('',*,*,#15191,.T.);
#15191 = EDGE_CURVE('',#15183,#15192,#15194,.T.);
#15192 = VERTEX_POINT('',#15193);
#15193 = CARTESIAN_POINT('',(-3.639445840324,26.633333333332,
    2.107138347648));
#15194 = LINE('',#15195,#15196);
#15195 = CARTESIAN_POINT('',(-3.499999999998,26.423110819263,
    2.107138347648));
#15196 = VECTOR('',#15197,1.);
#15197 = DIRECTION('',(-0.552770798395,0.833333333332,0.));
#15198 = ORIENTED_EDGE('',*,*,#15199,.F.);
#15199 = EDGE_CURVE('',#15172,#15192,#15200,.T.);
#15200 = LINE('',#15201,#15202);
#15201 = CARTESIAN_POINT('',(-3.889445840321,26.467502093816,
    2.107138347648));
#15202 = VECTOR('',#15203,1.);
#15203 = DIRECTION('',(0.833333333333,0.552770798393,0.));
#15204 = PLANE('',#15205);
#15205 = AXIS2_PLACEMENT_3D('',#15206,#15207,#15208);
#15206 = CARTESIAN_POINT('',(-3.708653892762,26.467842718664,
    2.107138347648));
#15207 = DIRECTION('',(0.,0.,1.));
#15208 = DIRECTION('',(1.,0.,-0.));
#15209 = ADVANCED_FACE('',(#15210),#15245,.T.);
#15210 = FACE_BOUND('',#15211,.T.);
#15211 = EDGE_LOOP('',(#15212,#15218,#15219,#15220,#15221,#15229,#15237,
    #15244));
#15212 = ORIENTED_EDGE('',*,*,#15213,.T.);
#15213 = EDGE_CURVE('',#15133,#11293,#15214,.T.);
#15214 = LINE('',#15215,#15216);
#15215 = CARTESIAN_POINT('',(-3.45,26.2,3.007138347648));
#15216 = VECTOR('',#15217,1.);
#15217 = DIRECTION('',(-1.,0.,0.));
#15218 = ORIENTED_EDGE('',*,*,#11292,.T.);
#15219 = ORIENTED_EDGE('',*,*,#11386,.F.);
#15220 = ORIENTED_EDGE('',*,*,#11436,.T.);
#15221 = ORIENTED_EDGE('',*,*,#15222,.F.);
#15222 = EDGE_CURVE('',#15223,#11437,#15225,.T.);
#15223 = VERTEX_POINT('',#15224);
#15224 = CARTESIAN_POINT('',(-3.2,26.2,3.15));
#15225 = LINE('',#15226,#15227);
#15226 = CARTESIAN_POINT('',(-3.2,26.2,3.15));
#15227 = VECTOR('',#15228,1.);
#15228 = DIRECTION('',(0.,0.,1.));
#15229 = ORIENTED_EDGE('',*,*,#15230,.F.);
#15230 = EDGE_CURVE('',#15231,#15223,#15233,.T.);
#15231 = VERTEX_POINT('',#15232);
#15232 = CARTESIAN_POINT('',(-3.325,26.2,3.15));
#15233 = LINE('',#15234,#15235);
#15234 = CARTESIAN_POINT('',(-3.75,26.2,3.15));
#15235 = VECTOR('',#15236,1.);
#15236 = DIRECTION('',(1.,0.,-0.));
#15237 = ORIENTED_EDGE('',*,*,#15238,.T.);
#15238 = EDGE_CURVE('',#15231,#15141,#15239,.T.);
#15239 = CIRCLE('',#15240,0.125);
#15240 = AXIS2_PLACEMENT_3D('',#15241,#15242,#15243);
#15241 = CARTESIAN_POINT('',(-3.325,26.2,3.025));
#15242 = DIRECTION('',(0.,-1.,0.));
#15243 = DIRECTION('',(2.2E-16,0.,-1.));
#15244 = ORIENTED_EDGE('',*,*,#15140,.F.);
#15245 = PLANE('',#15246);
#15246 = AXIS2_PLACEMENT_3D('',#15247,#15248,#15249);
#15247 = CARTESIAN_POINT('',(0.,26.2,2.312950198131));
#15248 = DIRECTION('',(0.,1.,0.));
#15249 = DIRECTION('',(0.,-0.,1.));
#15250 = ADVANCED_FACE('',(#15251),#15287,.T.);
#15251 = FACE_BOUND('',#15252,.T.);
#15252 = EDGE_LOOP('',(#15253,#15261,#15262,#15263,#15264,#15273,#15281)
  );
#15253 = ORIENTED_EDGE('',*,*,#15254,.F.);
#15254 = EDGE_CURVE('',#11301,#15255,#15257,.T.);
#15255 = VERTEX_POINT('',#15256);
#15256 = CARTESIAN_POINT('',(-3.889445840321,26.467502093816,
    3.007138347648));
#15257 = LINE('',#15258,#15259);
#15258 = CARTESIAN_POINT('',(-3.75,26.257279579762,3.007138347648));
#15259 = VECTOR('',#15260,1.);
#15260 = DIRECTION('',(-0.552770798395,0.833333333332,0.));
#15261 = ORIENTED_EDGE('',*,*,#11300,.F.);
#15262 = ORIENTED_EDGE('',*,*,#15213,.F.);
#15263 = ORIENTED_EDGE('',*,*,#15132,.T.);
#15264 = ORIENTED_EDGE('',*,*,#15265,.T.);
#15265 = EDGE_CURVE('',#15125,#15266,#15268,.T.);
#15266 = VERTEX_POINT('',#15267);
#15267 = CARTESIAN_POINT('',(-3.499999999998,26.423110819263,
    3.007138347648));
#15268 = CIRCLE('',#15269,0.3);
#15269 = AXIS2_PLACEMENT_3D('',#15270,#15271,#15272);
#15270 = CARTESIAN_POINT('',(-3.75,26.257279579762,3.007138347648));
#15271 = DIRECTION('',(0.,-0.,1.));
#15272 = DIRECTION('',(0.,1.,0.));
#15273 = ORIENTED_EDGE('',*,*,#15274,.T.);
#15274 = EDGE_CURVE('',#15266,#15275,#15277,.T.);
#15275 = VERTEX_POINT('',#15276);
#15276 = CARTESIAN_POINT('',(-3.639445840324,26.633333333332,
    3.007138347648));
#15277 = LINE('',#15278,#15279);
#15278 = CARTESIAN_POINT('',(-3.499999999998,26.423110819263,
    3.007138347648));
#15279 = VECTOR('',#15280,1.);
#15280 = DIRECTION('',(-0.552770798395,0.833333333332,0.));
#15281 = ORIENTED_EDGE('',*,*,#15282,.F.);
#15282 = EDGE_CURVE('',#15255,#15275,#15283,.T.);
#15283 = LINE('',#15284,#15285);
#15284 = CARTESIAN_POINT('',(-3.889445840321,26.467502093816,
    3.007138347648));
#15285 = VECTOR('',#15286,1.);
#15286 = DIRECTION('',(0.833333333333,0.552770798393,0.));
#15287 = PLANE('',#15288);
#15288 = AXIS2_PLACEMENT_3D('',#15289,#15290,#15291);
#15289 = CARTESIAN_POINT('',(-3.708653892762,26.467842718664,
    3.007138347648));
#15290 = DIRECTION('',(0.,0.,1.));
#15291 = DIRECTION('',(1.,0.,-0.));
#15292 = ADVANCED_FACE('',(#15293),#15322,.T.);
#15293 = FACE_BOUND('',#15294,.T.);
#15294 = EDGE_LOOP('',(#15295,#15305,#15312,#15313,#15314,#15315));
#15295 = ORIENTED_EDGE('',*,*,#15296,.F.);
#15296 = EDGE_CURVE('',#15297,#15299,#15301,.T.);
#15297 = VERTEX_POINT('',#15298);
#15298 = CARTESIAN_POINT('',(-4.,26.634168760482,2.307138347648));
#15299 = VERTEX_POINT('',#15300);
#15300 = CARTESIAN_POINT('',(-4.,26.634168760482,2.807138347648));
#15301 = LINE('',#15302,#15303);
#15302 = CARTESIAN_POINT('',(-4.,26.634168760482,2.107138347648));
#15303 = VECTOR('',#15304,1.);
#15304 = DIRECTION('',(0.,0.,1.));
#15305 = ORIENTED_EDGE('',*,*,#15306,.F.);
#15306 = EDGE_CURVE('',#15172,#15297,#15307,.T.);
#15307 = CIRCLE('',#15308,0.2);
#15308 = AXIS2_PLACEMENT_3D('',#15309,#15310,#15311);
#15309 = CARTESIAN_POINT('',(-3.889445840321,26.467502093816,
    2.307138347648));
#15310 = DIRECTION('',(0.833333333333,0.552770798393,0.));
#15311 = DIRECTION('',(-0.552770798393,0.833333333333,0.));
#15312 = ORIENTED_EDGE('',*,*,#15171,.F.);
#15313 = ORIENTED_EDGE('',*,*,#11308,.T.);
#15314 = ORIENTED_EDGE('',*,*,#15254,.T.);
#15315 = ORIENTED_EDGE('',*,*,#15316,.F.);
#15316 = EDGE_CURVE('',#15299,#15255,#15317,.T.);
#15317 = CIRCLE('',#15318,0.2);
#15318 = AXIS2_PLACEMENT_3D('',#15319,#15320,#15321);
#15319 = CARTESIAN_POINT('',(-3.889445840321,26.467502093816,
    2.807138347648));
#15320 = DIRECTION('',(0.833333333333,0.552770798393,0.));
#15321 = DIRECTION('',(-0.552770798393,0.833333333333,0.));
#15322 = PLANE('',#15323);
#15323 = AXIS2_PLACEMENT_3D('',#15324,#15325,#15326);
#15324 = CARTESIAN_POINT('',(-3.75,26.257279579762,2.107138347648));
#15325 = DIRECTION('',(-0.833333333332,-0.552770798395,0.));
#15326 = DIRECTION('',(-0.552770798395,0.833333333332,0.));
#15327 = ADVANCED_FACE('',(#15328),#15372,.T.);
#15328 = FACE_BOUND('',#15329,.T.);
#15329 = EDGE_LOOP('',(#15330,#15331,#15339,#15347,#15356,#15364,#15370,
    #15371));
#15330 = ORIENTED_EDGE('',*,*,#11330,.T.);
#15331 = ORIENTED_EDGE('',*,*,#15332,.F.);
#15332 = EDGE_CURVE('',#15333,#11333,#15335,.T.);
#15333 = VERTEX_POINT('',#15334);
#15334 = CARTESIAN_POINT('',(3.45,26.2,3.007138347648));
#15335 = LINE('',#15336,#15337);
#15336 = CARTESIAN_POINT('',(3.45,26.2,3.007138347648));
#15337 = VECTOR('',#15338,1.);
#15338 = DIRECTION('',(1.,0.,-0.));
#15339 = ORIENTED_EDGE('',*,*,#15340,.F.);
#15340 = EDGE_CURVE('',#15341,#15333,#15343,.T.);
#15341 = VERTEX_POINT('',#15342);
#15342 = CARTESIAN_POINT('',(3.45,26.2,3.025));
#15343 = LINE('',#15344,#15345);
#15344 = CARTESIAN_POINT('',(3.45,26.2,3.45));
#15345 = VECTOR('',#15346,1.);
#15346 = DIRECTION('',(2.2E-16,0.,-1.));
#15347 = ORIENTED_EDGE('',*,*,#15348,.T.);
#15348 = EDGE_CURVE('',#15341,#15349,#15351,.T.);
#15349 = VERTEX_POINT('',#15350);
#15350 = CARTESIAN_POINT('',(3.325,26.2,3.15));
#15351 = CIRCLE('',#15352,0.125);
#15352 = AXIS2_PLACEMENT_3D('',#15353,#15354,#15355);
#15353 = CARTESIAN_POINT('',(3.325,26.2,3.025));
#15354 = DIRECTION('',(0.,-1.,0.));
#15355 = DIRECTION('',(2.2E-16,0.,-1.));
#15356 = ORIENTED_EDGE('',*,*,#15357,.F.);
#15357 = EDGE_CURVE('',#15358,#15349,#15360,.T.);
#15358 = VERTEX_POINT('',#15359);
#15359 = CARTESIAN_POINT('',(3.2,26.2,3.15));
#15360 = LINE('',#15361,#15362);
#15361 = CARTESIAN_POINT('',(-3.75,26.2,3.15));
#15362 = VECTOR('',#15363,1.);
#15363 = DIRECTION('',(1.,0.,-0.));
#15364 = ORIENTED_EDGE('',*,*,#15365,.T.);
#15365 = EDGE_CURVE('',#15358,#11448,#15366,.T.);
#15366 = LINE('',#15367,#15368);
#15367 = CARTESIAN_POINT('',(3.2,26.2,3.15));
#15368 = VECTOR('',#15369,1.);
#15369 = DIRECTION('',(0.,0.,1.));
#15370 = ORIENTED_EDGE('',*,*,#11447,.T.);
#15371 = ORIENTED_EDGE('',*,*,#11411,.F.);
#15372 = PLANE('',#15373);
#15373 = AXIS2_PLACEMENT_3D('',#15374,#15375,#15376);
#15374 = CARTESIAN_POINT('',(0.,26.2,2.312950198131));
#15375 = DIRECTION('',(0.,1.,0.));
#15376 = DIRECTION('',(0.,-0.,1.));
#15377 = ADVANCED_FACE('',(#15378),#15421,.F.);
#15378 = FACE_BOUND('',#15379,.T.);
#15379 = EDGE_LOOP('',(#15380,#15388,#15389,#15390,#15398,#15407,#15415)
  );
#15380 = ORIENTED_EDGE('',*,*,#15381,.F.);
#15381 = EDGE_CURVE('',#11357,#15382,#15384,.T.);
#15382 = VERTEX_POINT('',#15383);
#15383 = CARTESIAN_POINT('',(3.889445840321,26.467502093816,
    2.107138347648));
#15384 = LINE('',#15385,#15386);
#15385 = CARTESIAN_POINT('',(3.75,26.257279579762,2.107138347648));
#15386 = VECTOR('',#15387,1.);
#15387 = DIRECTION('',(0.552770798395,0.833333333332,1.2E-16));
#15388 = ORIENTED_EDGE('',*,*,#11356,.F.);
#15389 = ORIENTED_EDGE('',*,*,#11536,.F.);
#15390 = ORIENTED_EDGE('',*,*,#15391,.T.);
#15391 = EDGE_CURVE('',#11529,#15392,#15394,.T.);
#15392 = VERTEX_POINT('',#15393);
#15393 = CARTESIAN_POINT('',(3.45,26.257279579748,2.107138347648));
#15394 = LINE('',#15395,#15396);
#15395 = CARTESIAN_POINT('',(3.45,26.2,2.107138347648));
#15396 = VECTOR('',#15397,1.);
#15397 = DIRECTION('',(0.,1.,0.));
#15398 = ORIENTED_EDGE('',*,*,#15399,.T.);
#15399 = EDGE_CURVE('',#15392,#15400,#15402,.T.);
#15400 = VERTEX_POINT('',#15401);
#15401 = CARTESIAN_POINT('',(3.499999999998,26.423110819263,
    2.107138347648));
#15402 = CIRCLE('',#15403,0.3);
#15403 = AXIS2_PLACEMENT_3D('',#15404,#15405,#15406);
#15404 = CARTESIAN_POINT('',(3.75,26.257279579762,2.107138347648));
#15405 = DIRECTION('',(2.2E-16,0.,-1.));
#15406 = DIRECTION('',(0.,1.,0.));
#15407 = ORIENTED_EDGE('',*,*,#15408,.T.);
#15408 = EDGE_CURVE('',#15400,#15409,#15411,.T.);
#15409 = VERTEX_POINT('',#15410);
#15410 = CARTESIAN_POINT('',(3.639445840324,26.633333333332,
    2.107138347648));
#15411 = LINE('',#15412,#15413);
#15412 = CARTESIAN_POINT('',(3.499999999998,26.423110819263,
    2.107138347648));
#15413 = VECTOR('',#15414,1.);
#15414 = DIRECTION('',(0.552770798395,0.833333333332,1.2E-16));
#15415 = ORIENTED_EDGE('',*,*,#15416,.F.);
#15416 = EDGE_CURVE('',#15382,#15409,#15417,.T.);
#15417 = LINE('',#15418,#15419);
#15418 = CARTESIAN_POINT('',(3.889445840321,26.467502093816,
    2.107138347648));
#15419 = VECTOR('',#15420,1.);
#15420 = DIRECTION('',(-0.833333333333,0.552770798393,-1.9E-16));
#15421 = PLANE('',#15422);
#15422 = AXIS2_PLACEMENT_3D('',#15423,#15424,#15425);
#15423 = CARTESIAN_POINT('',(3.708653892762,26.467842718664,
    2.107138347648));
#15424 = DIRECTION('',(0.,0.,1.));
#15425 = DIRECTION('',(1.,0.,-0.));
#15426 = ADVANCED_FACE('',(#15427),#15463,.T.);
#15427 = FACE_BOUND('',#15428,.F.);
#15428 = EDGE_LOOP('',(#15429,#15439,#15446,#15447,#15448,#15456));
#15429 = ORIENTED_EDGE('',*,*,#15430,.F.);
#15430 = EDGE_CURVE('',#15431,#15433,#15435,.T.);
#15431 = VERTEX_POINT('',#15432);
#15432 = CARTESIAN_POINT('',(4.,26.634168760482,2.307138347648));
#15433 = VERTEX_POINT('',#15434);
#15434 = CARTESIAN_POINT('',(4.,26.634168760482,2.807138347648));
#15435 = LINE('',#15436,#15437);
#15436 = CARTESIAN_POINT('',(4.,26.634168760482,2.107138347648));
#15437 = VECTOR('',#15438,1.);
#15438 = DIRECTION('',(0.,0.,1.));
#15439 = ORIENTED_EDGE('',*,*,#15440,.F.);
#15440 = EDGE_CURVE('',#15382,#15431,#15441,.T.);
#15441 = CIRCLE('',#15442,0.2);
#15442 = AXIS2_PLACEMENT_3D('',#15443,#15444,#15445);
#15443 = CARTESIAN_POINT('',(3.889445840321,26.467502093816,
    2.307138347648));
#15444 = DIRECTION('',(0.833333333333,-0.552770798393,1.9E-16));
#15445 = DIRECTION('',(-0.552770798393,-0.833333333333,
    -1.232595164408E-32));
#15446 = ORIENTED_EDGE('',*,*,#15381,.F.);
#15447 = ORIENTED_EDGE('',*,*,#11364,.T.);
#15448 = ORIENTED_EDGE('',*,*,#15449,.T.);
#15449 = EDGE_CURVE('',#11365,#15450,#15452,.T.);
#15450 = VERTEX_POINT('',#15451);
#15451 = CARTESIAN_POINT('',(3.889445840321,26.467502093816,
    3.007138347648));
#15452 = LINE('',#15453,#15454);
#15453 = CARTESIAN_POINT('',(3.75,26.257279579762,3.007138347648));
#15454 = VECTOR('',#15455,1.);
#15455 = DIRECTION('',(0.552770798395,0.833333333332,1.2E-16));
#15456 = ORIENTED_EDGE('',*,*,#15457,.F.);
#15457 = EDGE_CURVE('',#15433,#15450,#15458,.T.);
#15458 = CIRCLE('',#15459,0.2);
#15459 = AXIS2_PLACEMENT_3D('',#15460,#15461,#15462);
#15460 = CARTESIAN_POINT('',(3.889445840321,26.467502093816,
    2.807138347648));
#15461 = DIRECTION('',(0.833333333333,-0.552770798393,1.9E-16));
#15462 = DIRECTION('',(-0.552770798393,-0.833333333333,
    -1.232595164408E-32));
#15463 = PLANE('',#15464);
#15464 = AXIS2_PLACEMENT_3D('',#15465,#15466,#15467);
#15465 = CARTESIAN_POINT('',(3.75,26.257279579762,2.107138347648));
#15466 = DIRECTION('',(0.833333333333,-0.552770798393,1.9E-16));
#15467 = DIRECTION('',(-0.552770798393,-0.833333333333,
    -1.232595164408E-32));
#15468 = ADVANCED_FACE('',(#15469),#15505,.T.);
#15469 = FACE_BOUND('',#15470,.F.);
#15470 = EDGE_LOOP('',(#15471,#15472,#15473,#15474,#15482,#15491,#15499)
  );
#15471 = ORIENTED_EDGE('',*,*,#15449,.F.);
#15472 = ORIENTED_EDGE('',*,*,#11372,.F.);
#15473 = ORIENTED_EDGE('',*,*,#15332,.F.);
#15474 = ORIENTED_EDGE('',*,*,#15475,.T.);
#15475 = EDGE_CURVE('',#15333,#15476,#15478,.T.);
#15476 = VERTEX_POINT('',#15477);
#15477 = CARTESIAN_POINT('',(3.45,26.257279579748,3.007138347648));
#15478 = LINE('',#15479,#15480);
#15479 = CARTESIAN_POINT('',(3.45,26.2,3.007138347648));
#15480 = VECTOR('',#15481,1.);
#15481 = DIRECTION('',(0.,1.,0.));
#15482 = ORIENTED_EDGE('',*,*,#15483,.T.);
#15483 = EDGE_CURVE('',#15476,#15484,#15486,.T.);
#15484 = VERTEX_POINT('',#15485);
#15485 = CARTESIAN_POINT('',(3.499999999998,26.423110819263,
    3.007138347648));
#15486 = CIRCLE('',#15487,0.3);
#15487 = AXIS2_PLACEMENT_3D('',#15488,#15489,#15490);
#15488 = CARTESIAN_POINT('',(3.75,26.257279579762,3.007138347648));
#15489 = DIRECTION('',(2.2E-16,0.,-1.));
#15490 = DIRECTION('',(0.,1.,0.));
#15491 = ORIENTED_EDGE('',*,*,#15492,.T.);
#15492 = EDGE_CURVE('',#15484,#15493,#15495,.T.);
#15493 = VERTEX_POINT('',#15494);
#15494 = CARTESIAN_POINT('',(3.639445840324,26.633333333332,
    3.007138347648));
#15495 = LINE('',#15496,#15497);
#15496 = CARTESIAN_POINT('',(3.499999999998,26.423110819263,
    3.007138347648));
#15497 = VECTOR('',#15498,1.);
#15498 = DIRECTION('',(0.552770798395,0.833333333332,1.2E-16));
#15499 = ORIENTED_EDGE('',*,*,#15500,.F.);
#15500 = EDGE_CURVE('',#15450,#15493,#15501,.T.);
#15501 = LINE('',#15502,#15503);
#15502 = CARTESIAN_POINT('',(3.889445840321,26.467502093816,
    3.007138347648));
#15503 = VECTOR('',#15504,1.);
#15504 = DIRECTION('',(-0.833333333333,0.552770798393,-1.9E-16));
#15505 = PLANE('',#15506);
#15506 = AXIS2_PLACEMENT_3D('',#15507,#15508,#15509);
#15507 = CARTESIAN_POINT('',(3.708653892762,26.467842718664,
    3.007138347648));
#15508 = DIRECTION('',(0.,0.,1.));
#15509 = DIRECTION('',(1.,0.,-0.));
#15510 = ADVANCED_FACE('',(#15511),#15554,.T.);
#15511 = FACE_BOUND('',#15512,.T.);
#15512 = EDGE_LOOP('',(#15513,#15521,#15522,#15523,#15531,#15540,#15548)
  );
#15513 = ORIENTED_EDGE('',*,*,#15514,.F.);
#15514 = EDGE_CURVE('',#11456,#15515,#15517,.T.);
#15515 = VERTEX_POINT('',#15516);
#15516 = CARTESIAN_POINT('',(3.2,26.467502093816,3.589445840321));
#15517 = LINE('',#15518,#15519);
#15518 = CARTESIAN_POINT('',(3.2,26.257279579762,3.45));
#15519 = VECTOR('',#15520,1.);
#15520 = DIRECTION('',(0.,0.833333333332,0.552770798395));
#15521 = ORIENTED_EDGE('',*,*,#11455,.F.);
#15522 = ORIENTED_EDGE('',*,*,#15365,.F.);
#15523 = ORIENTED_EDGE('',*,*,#15524,.T.);
#15524 = EDGE_CURVE('',#15358,#15525,#15527,.T.);
#15525 = VERTEX_POINT('',#15526);
#15526 = CARTESIAN_POINT('',(3.2,26.257279579748,3.15));
#15527 = LINE('',#15528,#15529);
#15528 = CARTESIAN_POINT('',(3.2,26.2,3.15));
#15529 = VECTOR('',#15530,1.);
#15530 = DIRECTION('',(0.,1.,0.));
#15531 = ORIENTED_EDGE('',*,*,#15532,.T.);
#15532 = EDGE_CURVE('',#15525,#15533,#15535,.T.);
#15533 = VERTEX_POINT('',#15534);
#15534 = CARTESIAN_POINT('',(3.2,26.423110819263,3.199999999998));
#15535 = CIRCLE('',#15536,0.3);
#15536 = AXIS2_PLACEMENT_3D('',#15537,#15538,#15539);
#15537 = CARTESIAN_POINT('',(3.2,26.257279579762,3.45));
#15538 = DIRECTION('',(1.,0.,-0.));
#15539 = DIRECTION('',(0.,1.,0.));
#15540 = ORIENTED_EDGE('',*,*,#15541,.T.);
#15541 = EDGE_CURVE('',#15533,#15542,#15544,.T.);
#15542 = VERTEX_POINT('',#15543);
#15543 = CARTESIAN_POINT('',(3.2,26.633333333332,3.339445840324));
#15544 = LINE('',#15545,#15546);
#15545 = CARTESIAN_POINT('',(3.2,26.423110819263,3.199999999998));
#15546 = VECTOR('',#15547,1.);
#15547 = DIRECTION('',(0.,0.833333333332,0.552770798395));
#15548 = ORIENTED_EDGE('',*,*,#15549,.F.);
#15549 = EDGE_CURVE('',#15515,#15542,#15550,.T.);
#15550 = LINE('',#15551,#15552);
#15551 = CARTESIAN_POINT('',(3.2,26.467502093816,3.589445840321));
#15552 = VECTOR('',#15553,1.);
#15553 = DIRECTION('',(3.1E-16,0.552770798393,-0.833333333333));
#15554 = PLANE('',#15555);
#15555 = AXIS2_PLACEMENT_3D('',#15556,#15557,#15558);
#15556 = CARTESIAN_POINT('',(3.2,26.467842718664,3.408653892762));
#15557 = DIRECTION('',(1.,0.,-0.));
#15558 = DIRECTION('',(0.,0.,1.));
#15559 = ADVANCED_FACE('',(#15560),#15596,.T.);
#15560 = FACE_BOUND('',#15561,.T.);
#15561 = EDGE_LOOP('',(#15562,#15572,#15581,#15587,#15588,#15589));
#15562 = ORIENTED_EDGE('',*,*,#15563,.F.);
#15563 = EDGE_CURVE('',#15564,#15566,#15568,.T.);
#15564 = VERTEX_POINT('',#15565);
#15565 = CARTESIAN_POINT('',(-3.,26.634168760482,3.7));
#15566 = VERTEX_POINT('',#15567);
#15567 = CARTESIAN_POINT('',(3.,26.634168760482,3.7));
#15568 = LINE('',#15569,#15570);
#15569 = CARTESIAN_POINT('',(-3.2,26.634168760482,3.7));
#15570 = VECTOR('',#15571,1.);
#15571 = DIRECTION('',(1.,0.,-0.));
#15572 = ORIENTED_EDGE('',*,*,#15573,.F.);
#15573 = EDGE_CURVE('',#15574,#15564,#15576,.T.);
#15574 = VERTEX_POINT('',#15575);
#15575 = CARTESIAN_POINT('',(-3.2,26.467502093816,3.589445840321));
#15576 = CIRCLE('',#15577,0.2);
#15577 = AXIS2_PLACEMENT_3D('',#15578,#15579,#15580);
#15578 = CARTESIAN_POINT('',(-3.,26.467502093816,3.589445840321));
#15579 = DIRECTION('',(3.1E-16,0.552770798393,-0.833333333333));
#15580 = DIRECTION('',(6.880346207725E-28,0.833333333333,0.552770798393)
  );
#15581 = ORIENTED_EDGE('',*,*,#15582,.F.);
#15582 = EDGE_CURVE('',#11464,#15574,#15583,.T.);
#15583 = LINE('',#15584,#15585);
#15584 = CARTESIAN_POINT('',(-3.2,26.257279579762,3.45));
#15585 = VECTOR('',#15586,1.);
#15586 = DIRECTION('',(0.,0.833333333332,0.552770798395));
#15587 = ORIENTED_EDGE('',*,*,#11463,.T.);
#15588 = ORIENTED_EDGE('',*,*,#15514,.T.);
#15589 = ORIENTED_EDGE('',*,*,#15590,.T.);
#15590 = EDGE_CURVE('',#15515,#15566,#15591,.T.);
#15591 = CIRCLE('',#15592,0.2);
#15592 = AXIS2_PLACEMENT_3D('',#15593,#15594,#15595);
#15593 = CARTESIAN_POINT('',(3.,26.467502093816,3.589445840321));
#15594 = DIRECTION('',(-3.1E-16,-0.552770798393,0.833333333333));
#15595 = DIRECTION('',(6.880346207725E-28,0.833333333333,0.552770798393)
  );
#15596 = PLANE('',#15597);
#15597 = AXIS2_PLACEMENT_3D('',#15598,#15599,#15600);
#15598 = CARTESIAN_POINT('',(-3.2,26.257279579762,3.45));
#15599 = DIRECTION('',(-3.1E-16,-0.552770798393,0.833333333333));
#15600 = DIRECTION('',(6.880346207725E-28,0.833333333333,0.552770798393)
  );
#15601 = ADVANCED_FACE('',(#15602),#15638,.F.);
#15602 = FACE_BOUND('',#15603,.F.);
#15603 = EDGE_LOOP('',(#15604,#15605,#15606,#15607,#15615,#15624,#15632)
  );
#15604 = ORIENTED_EDGE('',*,*,#15582,.F.);
#15605 = ORIENTED_EDGE('',*,*,#11471,.F.);
#15606 = ORIENTED_EDGE('',*,*,#15222,.F.);
#15607 = ORIENTED_EDGE('',*,*,#15608,.T.);
#15608 = EDGE_CURVE('',#15223,#15609,#15611,.T.);
#15609 = VERTEX_POINT('',#15610);
#15610 = CARTESIAN_POINT('',(-3.2,26.257279579748,3.15));
#15611 = LINE('',#15612,#15613);
#15612 = CARTESIAN_POINT('',(-3.2,26.2,3.15));
#15613 = VECTOR('',#15614,1.);
#15614 = DIRECTION('',(0.,1.,0.));
#15615 = ORIENTED_EDGE('',*,*,#15616,.T.);
#15616 = EDGE_CURVE('',#15609,#15617,#15619,.T.);
#15617 = VERTEX_POINT('',#15618);
#15618 = CARTESIAN_POINT('',(-3.2,26.423110819263,3.199999999998));
#15619 = CIRCLE('',#15620,0.3);
#15620 = AXIS2_PLACEMENT_3D('',#15621,#15622,#15623);
#15621 = CARTESIAN_POINT('',(-3.2,26.257279579762,3.45));
#15622 = DIRECTION('',(1.,0.,-0.));
#15623 = DIRECTION('',(0.,1.,0.));
#15624 = ORIENTED_EDGE('',*,*,#15625,.T.);
#15625 = EDGE_CURVE('',#15617,#15626,#15628,.T.);
#15626 = VERTEX_POINT('',#15627);
#15627 = CARTESIAN_POINT('',(-3.2,26.633333333332,3.339445840324));
#15628 = LINE('',#15629,#15630);
#15629 = CARTESIAN_POINT('',(-3.2,26.423110819263,3.199999999998));
#15630 = VECTOR('',#15631,1.);
#15631 = DIRECTION('',(0.,0.833333333332,0.552770798395));
#15632 = ORIENTED_EDGE('',*,*,#15633,.F.);
#15633 = EDGE_CURVE('',#15574,#15626,#15634,.T.);
#15634 = LINE('',#15635,#15636);
#15635 = CARTESIAN_POINT('',(-3.2,26.467502093816,3.589445840321));
#15636 = VECTOR('',#15637,1.);
#15637 = DIRECTION('',(3.1E-16,0.552770798393,-0.833333333333));
#15638 = PLANE('',#15639);
#15639 = AXIS2_PLACEMENT_3D('',#15640,#15641,#15642);
#15640 = CARTESIAN_POINT('',(-3.2,26.467842718664,3.408653892762));
#15641 = DIRECTION('',(1.,0.,-0.));
#15642 = DIRECTION('',(0.,0.,1.));
#15643 = ADVANCED_FACE('',(#15644),#15678,.T.);
#15644 = FACE_BOUND('',#15645,.T.);
#15645 = EDGE_LOOP('',(#15646,#15647,#15648,#15654,#15655,#15656,#15664,
    #15672));
#15646 = ORIENTED_EDGE('',*,*,#15340,.T.);
#15647 = ORIENTED_EDGE('',*,*,#15475,.T.);
#15648 = ORIENTED_EDGE('',*,*,#15649,.F.);
#15649 = EDGE_CURVE('',#15392,#15476,#15650,.T.);
#15650 = LINE('',#15651,#15652);
#15651 = CARTESIAN_POINT('',(3.45,26.257279579748,2.107138347648));
#15652 = VECTOR('',#15653,1.);
#15653 = DIRECTION('',(0.,0.,1.));
#15654 = ORIENTED_EDGE('',*,*,#15391,.F.);
#15655 = ORIENTED_EDGE('',*,*,#11528,.T.);
#15656 = ORIENTED_EDGE('',*,*,#15657,.T.);
#15657 = EDGE_CURVE('',#11520,#15658,#15660,.T.);
#15658 = VERTEX_POINT('',#15659);
#15659 = CARTESIAN_POINT('',(3.45,21.5,2.089276695297));
#15660 = LINE('',#15661,#15662);
#15661 = CARTESIAN_POINT('',(3.45,26.2,2.089276695297));
#15662 = VECTOR('',#15663,1.);
#15663 = DIRECTION('',(0.,-1.,0.));
#15664 = ORIENTED_EDGE('',*,*,#15665,.T.);
#15665 = EDGE_CURVE('',#15658,#15666,#15668,.T.);
#15666 = VERTEX_POINT('',#15667);
#15667 = CARTESIAN_POINT('',(3.45,21.5,3.025));
#15668 = LINE('',#15669,#15670);
#15669 = CARTESIAN_POINT('',(3.45,21.5,2.881475099065));
#15670 = VECTOR('',#15671,1.);
#15671 = DIRECTION('',(0.,0.,1.));
#15672 = ORIENTED_EDGE('',*,*,#15673,.F.);
#15673 = EDGE_CURVE('',#15341,#15666,#15674,.T.);
#15674 = LINE('',#15675,#15676);
#15675 = CARTESIAN_POINT('',(3.45,26.2,3.025));
#15676 = VECTOR('',#15677,1.);
#15677 = DIRECTION('',(0.,-1.,0.));
#15678 = PLANE('',#15679);
#15679 = AXIS2_PLACEMENT_3D('',#15680,#15681,#15682);
#15680 = CARTESIAN_POINT('',(3.45,23.878460076643,2.557138347648));
#15681 = DIRECTION('',(-1.,0.,0.));
#15682 = DIRECTION('',(0.,-1.,0.));
#15683 = ADVANCED_FACE('',(#15684),#15703,.F.);
#15684 = FACE_BOUND('',#15685,.F.);
#15685 = EDGE_LOOP('',(#15686,#15687,#15688,#15697));
#15686 = ORIENTED_EDGE('',*,*,#11519,.T.);
#15687 = ORIENTED_EDGE('',*,*,#15657,.T.);
#15688 = ORIENTED_EDGE('',*,*,#15689,.F.);
#15689 = EDGE_CURVE('',#15690,#15658,#15692,.T.);
#15690 = VERTEX_POINT('',#15691);
#15691 = CARTESIAN_POINT('',(3.413388347648,21.5,2.000888347648));
#15692 = CIRCLE('',#15693,0.125);
#15693 = AXIS2_PLACEMENT_3D('',#15694,#15695,#15696);
#15694 = CARTESIAN_POINT('',(3.325,21.5,2.089276695297));
#15695 = DIRECTION('',(0.,-1.,0.));
#15696 = DIRECTION('',(0.707106781187,0.,-0.707106781187));
#15697 = ORIENTED_EDGE('',*,*,#15698,.F.);
#15698 = EDGE_CURVE('',#11512,#15690,#15699,.T.);
#15699 = LINE('',#15700,#15701);
#15700 = CARTESIAN_POINT('',(3.413388347648,26.2,2.000888347648));
#15701 = VECTOR('',#15702,1.);
#15702 = DIRECTION('',(0.,-1.,0.));
#15703 = CYLINDRICAL_SURFACE('',#15704,0.125);
#15704 = AXIS2_PLACEMENT_3D('',#15705,#15706,#15707);
#15705 = CARTESIAN_POINT('',(3.325,26.2,2.089276695297));
#15706 = DIRECTION('',(0.,-1.,0.));
#15707 = DIRECTION('',(0.707106781187,0.,-0.707106781187));
#15708 = ADVANCED_FACE('',(#15709),#15727,.F.);
#15709 = FACE_BOUND('',#15710,.F.);
#15710 = EDGE_LOOP('',(#15711,#15712,#15713,#15721));
#15711 = ORIENTED_EDGE('',*,*,#11511,.F.);
#15712 = ORIENTED_EDGE('',*,*,#15698,.T.);
#15713 = ORIENTED_EDGE('',*,*,#15714,.F.);
#15714 = EDGE_CURVE('',#15715,#15690,#15717,.T.);
#15715 = VERTEX_POINT('',#15716);
#15716 = CARTESIAN_POINT('',(2.749111652352,21.5,1.336611652352));
#15717 = LINE('',#15718,#15719);
#15718 = CARTESIAN_POINT('',(2.700296532355,21.5,1.287796532355));
#15719 = VECTOR('',#15720,1.);
#15720 = DIRECTION('',(0.707106781187,-1.599999999999E-16,0.707106781187
    ));
#15721 = ORIENTED_EDGE('',*,*,#15722,.F.);
#15722 = EDGE_CURVE('',#11503,#15715,#15723,.T.);
#15723 = LINE('',#15724,#15725);
#15724 = CARTESIAN_POINT('',(2.749111652352,26.2,1.336611652352));
#15725 = VECTOR('',#15726,1.);
#15726 = DIRECTION('',(0.,-1.,0.));
#15727 = PLANE('',#15728);
#15728 = AXIS2_PLACEMENT_3D('',#15729,#15730,#15731);
#15729 = CARTESIAN_POINT('',(3.537867965644,26.2,2.125367965644));
#15730 = DIRECTION('',(0.707106781187,0.,-0.707106781187));
#15731 = DIRECTION('',(-0.707106781187,-0.,-0.707106781187));
#15732 = ADVANCED_FACE('',(#15733),#15745,.F.);
#15733 = FACE_BOUND('',#15734,.F.);
#15734 = EDGE_LOOP('',(#15735,#15736,#15737,#15744));
#15735 = ORIENTED_EDGE('',*,*,#11502,.T.);
#15736 = ORIENTED_EDGE('',*,*,#15722,.T.);
#15737 = ORIENTED_EDGE('',*,*,#15738,.F.);
#15738 = EDGE_CURVE('',#15018,#15715,#15739,.T.);
#15739 = CIRCLE('',#15740,0.125);
#15740 = AXIS2_PLACEMENT_3D('',#15741,#15742,#15743);
#15741 = CARTESIAN_POINT('',(2.660723304703,21.5,1.425));
#15742 = DIRECTION('',(0.,-1.,0.));
#15743 = DIRECTION('',(2.2E-16,0.,-1.));
#15744 = ORIENTED_EDGE('',*,*,#15025,.F.);
#15745 = CYLINDRICAL_SURFACE('',#15746,0.125);
#15746 = AXIS2_PLACEMENT_3D('',#15747,#15748,#15749);
#15747 = CARTESIAN_POINT('',(2.660723304703,26.2,1.425));
#15748 = DIRECTION('',(0.,-1.,0.));
#15749 = DIRECTION('',(2.2E-16,0.,-1.));
#15750 = ADVANCED_FACE('',(#15751),#15777,.T.);
#15751 = FACE_BOUND('',#15752,.T.);
#15752 = EDGE_LOOP('',(#15753,#15754,#15762,#15771));
#15753 = ORIENTED_EDGE('',*,*,#13764,.T.);
#15754 = ORIENTED_EDGE('',*,*,#15755,.T.);
#15755 = EDGE_CURVE('',#13767,#15756,#15758,.T.);
#15756 = VERTEX_POINT('',#15757);
#15757 = CARTESIAN_POINT('',(-4.625000000015,14.075000000006,3.));
#15758 = LINE('',#15759,#15760);
#15759 = CARTESIAN_POINT('',(-4.625000000015,14.075000000006,2.6));
#15760 = VECTOR('',#15761,1.);
#15761 = DIRECTION('',(0.,0.,1.));
#15762 = ORIENTED_EDGE('',*,*,#15763,.F.);
#15763 = EDGE_CURVE('',#15764,#15756,#15766,.T.);
#15764 = VERTEX_POINT('',#15765);
#15765 = CARTESIAN_POINT('',(-2.374999999996,14.074999999993,3.));
#15766 = CIRCLE('',#15767,1.12500000001);
#15767 = AXIS2_PLACEMENT_3D('',#15768,#15769,#15770);
#15768 = CARTESIAN_POINT('',(-3.500000000005,14.074999999995,3.));
#15769 = DIRECTION('',(0.,0.,1.));
#15770 = DIRECTION('',(1.,0.,-0.));
#15771 = ORIENTED_EDGE('',*,*,#15772,.F.);
#15772 = EDGE_CURVE('',#13765,#15764,#15773,.T.);
#15773 = LINE('',#15774,#15775);
#15774 = CARTESIAN_POINT('',(-2.374999999996,14.074999999993,2.6));
#15775 = VECTOR('',#15776,1.);
#15776 = DIRECTION('',(0.,0.,1.));
#15777 = CYLINDRICAL_SURFACE('',#15778,1.12500000001);
#15778 = AXIS2_PLACEMENT_3D('',#15779,#15780,#15781);
#15779 = CARTESIAN_POINT('',(-3.500000000005,14.074999999995,2.6));
#15780 = DIRECTION('',(2.2E-16,0.,-1.));
#15781 = DIRECTION('',(1.,-0.,2.2E-16));
#15782 = ADVANCED_FACE('',(#15783),#15801,.F.);
#15783 = FACE_BOUND('',#15784,.F.);
#15784 = EDGE_LOOP('',(#15785,#15786,#15794,#15800));
#15785 = ORIENTED_EDGE('',*,*,#15755,.T.);
#15786 = ORIENTED_EDGE('',*,*,#15787,.T.);
#15787 = EDGE_CURVE('',#15756,#15788,#15790,.T.);
#15788 = VERTEX_POINT('',#15789);
#15789 = CARTESIAN_POINT('',(-4.625000000015,12.925000000006,3.));
#15790 = LINE('',#15791,#15792);
#15791 = CARTESIAN_POINT('',(-4.625000000015,14.075000000006,3.));
#15792 = VECTOR('',#15793,1.);
#15793 = DIRECTION('',(0.,-1.,0.));
#15794 = ORIENTED_EDGE('',*,*,#15795,.F.);
#15795 = EDGE_CURVE('',#13784,#15788,#15796,.T.);
#15796 = LINE('',#15797,#15798);
#15797 = CARTESIAN_POINT('',(-4.625000000015,12.925000000006,2.6));
#15798 = VECTOR('',#15799,1.);
#15799 = DIRECTION('',(0.,0.,1.));
#15800 = ORIENTED_EDGE('',*,*,#13792,.F.);
#15801 = PLANE('',#15802);
#15802 = AXIS2_PLACEMENT_3D('',#15803,#15804,#15805);
#15803 = CARTESIAN_POINT('',(-4.625000000015,14.075000000006,2.6));
#15804 = DIRECTION('',(1.,0.,-0.));
#15805 = DIRECTION('',(0.,-1.,0.));
#15806 = ADVANCED_FACE('',(#15807),#15826,.T.);
#15807 = FACE_BOUND('',#15808,.T.);
#15808 = EDGE_LOOP('',(#15809,#15810,#15818,#15825));
#15809 = ORIENTED_EDGE('',*,*,#13783,.T.);
#15810 = ORIENTED_EDGE('',*,*,#15811,.T.);
#15811 = EDGE_CURVE('',#13776,#15812,#15814,.T.);
#15812 = VERTEX_POINT('',#15813);
#15813 = CARTESIAN_POINT('',(-2.374999999996,12.925000000005,3.));
#15814 = LINE('',#15815,#15816);
#15815 = CARTESIAN_POINT('',(-2.374999999996,12.925000000005,2.6));
#15816 = VECTOR('',#15817,1.);
#15817 = DIRECTION('',(0.,0.,1.));
#15818 = ORIENTED_EDGE('',*,*,#15819,.F.);
#15819 = EDGE_CURVE('',#15788,#15812,#15820,.T.);
#15820 = CIRCLE('',#15821,1.12500000001);
#15821 = AXIS2_PLACEMENT_3D('',#15822,#15823,#15824);
#15822 = CARTESIAN_POINT('',(-3.500000000006,12.925000000011,3.));
#15823 = DIRECTION('',(0.,0.,1.));
#15824 = DIRECTION('',(-1.,0.,0.));
#15825 = ORIENTED_EDGE('',*,*,#15795,.F.);
#15826 = CYLINDRICAL_SURFACE('',#15827,1.12500000001);
#15827 = AXIS2_PLACEMENT_3D('',#15828,#15829,#15830);
#15828 = CARTESIAN_POINT('',(-3.500000000006,12.925000000011,2.6));
#15829 = DIRECTION('',(2.2E-16,0.,-1.));
#15830 = DIRECTION('',(1.,-0.,2.2E-16));
#15831 = ADVANCED_FACE('',(#15832),#15843,.F.);
#15832 = FACE_BOUND('',#15833,.F.);
#15833 = EDGE_LOOP('',(#15834,#15835,#15841,#15842));
#15834 = ORIENTED_EDGE('',*,*,#15811,.T.);
#15835 = ORIENTED_EDGE('',*,*,#15836,.T.);
#15836 = EDGE_CURVE('',#15812,#15764,#15837,.T.);
#15837 = LINE('',#15838,#15839);
#15838 = CARTESIAN_POINT('',(-2.374999999996,12.925000000005,3.));
#15839 = VECTOR('',#15840,1.);
#15840 = DIRECTION('',(0.,1.,0.));
#15841 = ORIENTED_EDGE('',*,*,#15772,.F.);
#15842 = ORIENTED_EDGE('',*,*,#13775,.F.);
#15843 = PLANE('',#15844);
#15844 = AXIS2_PLACEMENT_3D('',#15845,#15846,#15847);
#15845 = CARTESIAN_POINT('',(-2.374999999996,12.925000000005,2.6));
#15846 = DIRECTION('',(-1.,0.,0.));
#15847 = DIRECTION('',(0.,1.,0.));
#15848 = ADVANCED_FACE('',(#15849),#15874,.T.);
#15849 = FACE_BOUND('',#15850,.T.);
#15850 = EDGE_LOOP('',(#15851,#15852,#15860,#15868));
#15851 = ORIENTED_EDGE('',*,*,#14868,.T.);
#15852 = ORIENTED_EDGE('',*,*,#15853,.T.);
#15853 = EDGE_CURVE('',#14871,#15854,#15856,.T.);
#15854 = VERTEX_POINT('',#15855);
#15855 = CARTESIAN_POINT('',(-2.375,26.8,1.));
#15856 = LINE('',#15857,#15858);
#15857 = CARTESIAN_POINT('',(-2.375,26.634168760482,0.75));
#15858 = VECTOR('',#15859,1.);
#15859 = DIRECTION('',(-3.7E-16,0.552770798393,0.833333333333));
#15860 = ORIENTED_EDGE('',*,*,#15861,.F.);
#15861 = EDGE_CURVE('',#15862,#15854,#15864,.T.);
#15862 = VERTEX_POINT('',#15863);
#15863 = CARTESIAN_POINT('',(2.375,26.8,1.));
#15864 = LINE('',#15865,#15866);
#15865 = CARTESIAN_POINT('',(2.575,26.8,1.));
#15866 = VECTOR('',#15867,1.);
#15867 = DIRECTION('',(-1.,0.,0.));
#15868 = ORIENTED_EDGE('',*,*,#15869,.F.);
#15869 = EDGE_CURVE('',#14869,#15862,#15870,.T.);
#15870 = LINE('',#15871,#15872);
#15871 = CARTESIAN_POINT('',(2.375,26.634168760482,0.75));
#15872 = VECTOR('',#15873,1.);
#15873 = DIRECTION('',(-3.7E-16,0.552770798393,0.833333333333));
#15874 = PLANE('',#15875);
#15875 = AXIS2_PLACEMENT_3D('',#15876,#15877,#15878);
#15876 = CARTESIAN_POINT('',(2.575,26.634168760482,0.75));
#15877 = DIRECTION('',(0.,0.833333333332,-0.552770798395));
#15878 = DIRECTION('',(-3.7E-16,0.552770798395,0.833333333332));
#15879 = ADVANCED_FACE('',(#15880),#15892,.T.);
#15880 = FACE_BOUND('',#15881,.T.);
#15881 = EDGE_LOOP('',(#15882,#15883,#15884,#15891));
#15882 = ORIENTED_EDGE('',*,*,#14878,.T.);
#15883 = ORIENTED_EDGE('',*,*,#15869,.T.);
#15884 = ORIENTED_EDGE('',*,*,#15885,.F.);
#15885 = EDGE_CURVE('',#14961,#15862,#15886,.T.);
#15886 = CIRCLE('',#15887,0.2);
#15887 = AXIS2_PLACEMENT_3D('',#15888,#15889,#15890);
#15888 = CARTESIAN_POINT('',(2.375,26.633333333332,1.110554159676));
#15889 = DIRECTION('',(-3.7E-16,0.552770798393,0.833333333333));
#15890 = DIRECTION('',(4.930380657631E-32,-0.833333333333,0.552770798393
    ));
#15891 = ORIENTED_EDGE('',*,*,#14960,.F.);
#15892 = CYLINDRICAL_SURFACE('',#15893,0.2);
#15893 = AXIS2_PLACEMENT_3D('',#15894,#15895,#15896);
#15894 = CARTESIAN_POINT('',(2.375,26.467502093816,0.860554159679));
#15895 = DIRECTION('',(-3.7E-16,0.552770798393,0.833333333333));
#15896 = DIRECTION('',(1.,2.045251954054E-16,3.083333333332E-16));
#15897 = ADVANCED_FACE('',(#15898),#15910,.T.);
#15898 = FACE_BOUND('',#15899,.T.);
#15899 = EDGE_LOOP('',(#15900,#15901,#15908,#15909));
#15900 = ORIENTED_EDGE('',*,*,#14918,.T.);
#15901 = ORIENTED_EDGE('',*,*,#15902,.T.);
#15902 = EDGE_CURVE('',#14919,#15854,#15903,.T.);
#15903 = CIRCLE('',#15904,0.2);
#15904 = AXIS2_PLACEMENT_3D('',#15905,#15906,#15907);
#15905 = CARTESIAN_POINT('',(-2.375,26.633333333332,1.110554159676));
#15906 = DIRECTION('',(3.7E-16,-0.552770798393,-0.833333333333));
#15907 = DIRECTION('',(4.930380657631E-32,-0.833333333333,0.552770798393
    ));
#15908 = ORIENTED_EDGE('',*,*,#15853,.F.);
#15909 = ORIENTED_EDGE('',*,*,#14902,.F.);
#15910 = CYLINDRICAL_SURFACE('',#15911,0.2);
#15911 = AXIS2_PLACEMENT_3D('',#15912,#15913,#15914);
#15912 = CARTESIAN_POINT('',(-2.375,26.467502093816,0.860554159679));
#15913 = DIRECTION('',(-3.7E-16,0.552770798393,0.833333333333));
#15914 = DIRECTION('',(-1.,-2.045251954054E-16,-3.083333333332E-16));
#15915 = ADVANCED_FACE('',(#15916),#15929,.F.);
#15916 = FACE_BOUND('',#15917,.F.);
#15917 = EDGE_LOOP('',(#15918,#15919,#15920,#15921,#15927,#15928));
#15918 = ORIENTED_EDGE('',*,*,#15861,.F.);
#15919 = ORIENTED_EDGE('',*,*,#15885,.F.);
#15920 = ORIENTED_EDGE('',*,*,#14968,.F.);
#15921 = ORIENTED_EDGE('',*,*,#15922,.T.);
#15922 = EDGE_CURVE('',#14969,#14927,#15923,.T.);
#15923 = LINE('',#15924,#15925);
#15924 = CARTESIAN_POINT('',(2.575,26.423110819263,1.250000000002));
#15925 = VECTOR('',#15926,1.);
#15926 = DIRECTION('',(-1.,0.,0.));
#15927 = ORIENTED_EDGE('',*,*,#14926,.T.);
#15928 = ORIENTED_EDGE('',*,*,#15902,.T.);
#15929 = PLANE('',#15930);
#15930 = AXIS2_PLACEMENT_3D('',#15931,#15932,#15933);
#15931 = CARTESIAN_POINT('',(2.575,26.423110819263,1.250000000002));
#15932 = DIRECTION('',(3.7E-16,-0.552770798393,-0.833333333333));
#15933 = DIRECTION('',(-8.211548985285E-28,0.833333333333,
    -0.552770798393));
#15934 = ADVANCED_FACE('',(#15935),#15941,.T.);
#15935 = FACE_BOUND('',#15936,.T.);
#15936 = EDGE_LOOP('',(#15937,#15938,#15939,#15940));
#15937 = ORIENTED_EDGE('',*,*,#14976,.T.);
#15938 = ORIENTED_EDGE('',*,*,#15922,.T.);
#15939 = ORIENTED_EDGE('',*,*,#14934,.F.);
#15940 = ORIENTED_EDGE('',*,*,#15001,.F.);
#15941 = CYLINDRICAL_SURFACE('',#15942,0.3);
#15942 = AXIS2_PLACEMENT_3D('',#15943,#15944,#15945);
#15943 = CARTESIAN_POINT('',(2.575,26.257279579762,1.));
#15944 = DIRECTION('',(1.,0.,-0.));
#15945 = DIRECTION('',(0.,1.,0.));
#15946 = ADVANCED_FACE('',(#15947),#15982,.T.);
#15947 = FACE_BOUND('',#15948,.T.);
#15948 = EDGE_LOOP('',(#15949,#15950,#15951,#15952,#15953,#15954,#15963,
    #15971,#15978,#15979,#15980,#15981));
#15949 = ORIENTED_EDGE('',*,*,#15017,.T.);
#15950 = ORIENTED_EDGE('',*,*,#15042,.F.);
#15951 = ORIENTED_EDGE('',*,*,#15068,.F.);
#15952 = ORIENTED_EDGE('',*,*,#15092,.F.);
#15953 = ORIENTED_EDGE('',*,*,#15156,.F.);
#15954 = ORIENTED_EDGE('',*,*,#15955,.F.);
#15955 = EDGE_CURVE('',#15956,#15149,#15958,.T.);
#15956 = VERTEX_POINT('',#15957);
#15957 = CARTESIAN_POINT('',(-3.325,21.5,3.15));
#15958 = CIRCLE('',#15959,0.125);
#15959 = AXIS2_PLACEMENT_3D('',#15960,#15961,#15962);
#15960 = CARTESIAN_POINT('',(-3.325,21.5,3.025));
#15961 = DIRECTION('',(0.,-1.,0.));
#15962 = DIRECTION('',(0.,0.,1.));
#15963 = ORIENTED_EDGE('',*,*,#15964,.F.);
#15964 = EDGE_CURVE('',#15965,#15956,#15967,.T.);
#15965 = VERTEX_POINT('',#15966);
#15966 = CARTESIAN_POINT('',(3.325,21.5,3.15));
#15967 = LINE('',#15968,#15969);
#15968 = CARTESIAN_POINT('',(-1.875,21.5,3.15));
#15969 = VECTOR('',#15970,1.);
#15970 = DIRECTION('',(-1.,0.,0.));
#15971 = ORIENTED_EDGE('',*,*,#15972,.F.);
#15972 = EDGE_CURVE('',#15666,#15965,#15973,.T.);
#15973 = CIRCLE('',#15974,0.125);
#15974 = AXIS2_PLACEMENT_3D('',#15975,#15976,#15977);
#15975 = CARTESIAN_POINT('',(3.325,21.5,3.025));
#15976 = DIRECTION('',(0.,-1.,0.));
#15977 = DIRECTION('',(1.,0.,0.));
#15978 = ORIENTED_EDGE('',*,*,#15665,.F.);
#15979 = ORIENTED_EDGE('',*,*,#15689,.F.);
#15980 = ORIENTED_EDGE('',*,*,#15714,.F.);
#15981 = ORIENTED_EDGE('',*,*,#15738,.F.);
#15982 = PLANE('',#15983);
#15983 = AXIS2_PLACEMENT_3D('',#15984,#15985,#15986);
#15984 = CARTESIAN_POINT('',(0.,21.5,2.312950198131));
#15985 = DIRECTION('',(0.,1.,0.));
#15986 = DIRECTION('',(0.,-0.,1.));
#15987 = ADVANCED_FACE('',(#15988),#15999,.T.);
#15988 = FACE_BOUND('',#15989,.T.);
#15989 = EDGE_LOOP('',(#15990,#15991,#15997,#15998));
#15990 = ORIENTED_EDGE('',*,*,#15182,.T.);
#15991 = ORIENTED_EDGE('',*,*,#15992,.T.);
#15992 = EDGE_CURVE('',#15183,#15266,#15993,.T.);
#15993 = LINE('',#15994,#15995);
#15994 = CARTESIAN_POINT('',(-3.499999999998,26.423110819263,
    2.107138347648));
#15995 = VECTOR('',#15996,1.);
#15996 = DIRECTION('',(0.,0.,1.));
#15997 = ORIENTED_EDGE('',*,*,#15265,.F.);
#15998 = ORIENTED_EDGE('',*,*,#15124,.F.);
#15999 = CYLINDRICAL_SURFACE('',#16000,0.3);
#16000 = AXIS2_PLACEMENT_3D('',#16001,#16002,#16003);
#16001 = CARTESIAN_POINT('',(-3.75,26.257279579762,2.107138347648));
#16002 = DIRECTION('',(2.2E-16,0.,-1.));
#16003 = DIRECTION('',(0.,1.,0.));
#16004 = ADVANCED_FACE('',(#16005),#16016,.F.);
#16005 = FACE_BOUND('',#16006,.F.);
#16006 = EDGE_LOOP('',(#16007,#16008,#16009,#16010));
#16007 = ORIENTED_EDGE('',*,*,#15238,.T.);
#16008 = ORIENTED_EDGE('',*,*,#15148,.T.);
#16009 = ORIENTED_EDGE('',*,*,#15955,.F.);
#16010 = ORIENTED_EDGE('',*,*,#16011,.F.);
#16011 = EDGE_CURVE('',#15231,#15956,#16012,.T.);
#16012 = LINE('',#16013,#16014);
#16013 = CARTESIAN_POINT('',(-3.325,26.2,3.15));
#16014 = VECTOR('',#16015,1.);
#16015 = DIRECTION('',(0.,-1.,0.));
#16016 = CYLINDRICAL_SURFACE('',#16017,0.125);
#16017 = AXIS2_PLACEMENT_3D('',#16018,#16019,#16020);
#16018 = CARTESIAN_POINT('',(-3.325,26.2,3.025));
#16019 = DIRECTION('',(0.,-1.,0.));
#16020 = DIRECTION('',(0.,0.,1.));
#16021 = ADVANCED_FACE('',(#16022),#16041,.T.);
#16022 = FACE_BOUND('',#16023,.T.);
#16023 = EDGE_LOOP('',(#16024,#16025,#16033,#16040));
#16024 = ORIENTED_EDGE('',*,*,#15306,.T.);
#16025 = ORIENTED_EDGE('',*,*,#16026,.T.);
#16026 = EDGE_CURVE('',#15297,#16027,#16029,.T.);
#16027 = VERTEX_POINT('',#16028);
#16028 = CARTESIAN_POINT('',(-3.75,26.8,2.307138347648));
#16029 = LINE('',#16030,#16031);
#16030 = CARTESIAN_POINT('',(-4.,26.634168760482,2.307138347648));
#16031 = VECTOR('',#16032,1.);
#16032 = DIRECTION('',(0.833333333333,0.552770798393,0.));
#16033 = ORIENTED_EDGE('',*,*,#16034,.F.);
#16034 = EDGE_CURVE('',#15192,#16027,#16035,.T.);
#16035 = CIRCLE('',#16036,0.2);
#16036 = AXIS2_PLACEMENT_3D('',#16037,#16038,#16039);
#16037 = CARTESIAN_POINT('',(-3.639445840324,26.633333333332,
    2.307138347648));
#16038 = DIRECTION('',(0.833333333333,0.552770798393,0.));
#16039 = DIRECTION('',(-0.552770798393,0.833333333333,0.));
#16040 = ORIENTED_EDGE('',*,*,#15199,.F.);
#16041 = CYLINDRICAL_SURFACE('',#16042,0.2);
#16042 = AXIS2_PLACEMENT_3D('',#16043,#16044,#16045);
#16043 = CARTESIAN_POINT('',(-3.889445840321,26.467502093816,
    2.307138347648));
#16044 = DIRECTION('',(0.833333333333,0.552770798393,0.));
#16045 = DIRECTION('',(6.722222222233E-17,-1.013413130387E-16,-1.));
#16046 = ADVANCED_FACE('',(#16047),#16068,.F.);
#16047 = FACE_BOUND('',#16048,.F.);
#16048 = EDGE_LOOP('',(#16049,#16057,#16058,#16059,#16060,#16061));
#16049 = ORIENTED_EDGE('',*,*,#16050,.F.);
#16050 = EDGE_CURVE('',#16027,#16051,#16053,.T.);
#16051 = VERTEX_POINT('',#16052);
#16052 = CARTESIAN_POINT('',(-3.75,26.8,2.807138347648));
#16053 = LINE('',#16054,#16055);
#16054 = CARTESIAN_POINT('',(-3.75,26.8,2.107138347648));
#16055 = VECTOR('',#16056,1.);
#16056 = DIRECTION('',(0.,0.,1.));
#16057 = ORIENTED_EDGE('',*,*,#16034,.F.);
#16058 = ORIENTED_EDGE('',*,*,#15191,.F.);
#16059 = ORIENTED_EDGE('',*,*,#15992,.T.);
#16060 = ORIENTED_EDGE('',*,*,#15274,.T.);
#16061 = ORIENTED_EDGE('',*,*,#16062,.F.);
#16062 = EDGE_CURVE('',#16051,#15275,#16063,.T.);
#16063 = CIRCLE('',#16064,0.2);
#16064 = AXIS2_PLACEMENT_3D('',#16065,#16066,#16067);
#16065 = CARTESIAN_POINT('',(-3.639445840324,26.633333333332,
    2.807138347648));
#16066 = DIRECTION('',(0.833333333333,0.552770798393,0.));
#16067 = DIRECTION('',(-0.552770798393,0.833333333333,0.));
#16068 = PLANE('',#16069);
#16069 = AXIS2_PLACEMENT_3D('',#16070,#16071,#16072);
#16070 = CARTESIAN_POINT('',(-3.499999999998,26.423110819263,
    2.107138347648));
#16071 = DIRECTION('',(-0.833333333332,-0.552770798395,0.));
#16072 = DIRECTION('',(-0.552770798395,0.833333333332,0.));
#16073 = ADVANCED_FACE('',(#16074),#16094,.T.);
#16074 = FACE_BOUND('',#16075,.T.);
#16075 = EDGE_LOOP('',(#16076,#16077,#16078,#16084,#16085,#16086,#16092,
    #16093));
#16076 = ORIENTED_EDGE('',*,*,#15230,.T.);
#16077 = ORIENTED_EDGE('',*,*,#15608,.T.);
#16078 = ORIENTED_EDGE('',*,*,#16079,.T.);
#16079 = EDGE_CURVE('',#15609,#15525,#16080,.T.);
#16080 = LINE('',#16081,#16082);
#16081 = CARTESIAN_POINT('',(-3.2,26.257279579748,3.15));
#16082 = VECTOR('',#16083,1.);
#16083 = DIRECTION('',(1.,0.,-0.));
#16084 = ORIENTED_EDGE('',*,*,#15524,.F.);
#16085 = ORIENTED_EDGE('',*,*,#15357,.T.);
#16086 = ORIENTED_EDGE('',*,*,#16087,.T.);
#16087 = EDGE_CURVE('',#15349,#15965,#16088,.T.);
#16088 = LINE('',#16089,#16090);
#16089 = CARTESIAN_POINT('',(3.325,26.2,3.15));
#16090 = VECTOR('',#16091,1.);
#16091 = DIRECTION('',(0.,-1.,0.));
#16092 = ORIENTED_EDGE('',*,*,#15964,.T.);
#16093 = ORIENTED_EDGE('',*,*,#16011,.F.);
#16094 = PLANE('',#16095);
#16095 = AXIS2_PLACEMENT_3D('',#16096,#16097,#16098);
#16096 = CARTESIAN_POINT('',(-8.E-17,23.878012125108,3.15));
#16097 = DIRECTION('',(2.2E-16,0.,-1.));
#16098 = DIRECTION('',(-1.,0.,-2.2E-16));
#16099 = ADVANCED_FACE('',(#16100),#16111,.T.);
#16100 = FACE_BOUND('',#16101,.T.);
#16101 = EDGE_LOOP('',(#16102,#16103,#16104,#16105));
#16102 = ORIENTED_EDGE('',*,*,#15316,.T.);
#16103 = ORIENTED_EDGE('',*,*,#15282,.T.);
#16104 = ORIENTED_EDGE('',*,*,#16062,.F.);
#16105 = ORIENTED_EDGE('',*,*,#16106,.F.);
#16106 = EDGE_CURVE('',#15299,#16051,#16107,.T.);
#16107 = LINE('',#16108,#16109);
#16108 = CARTESIAN_POINT('',(-4.,26.634168760482,2.807138347648));
#16109 = VECTOR('',#16110,1.);
#16110 = DIRECTION('',(0.833333333333,0.552770798393,0.));
#16111 = CYLINDRICAL_SURFACE('',#16112,0.2);
#16112 = AXIS2_PLACEMENT_3D('',#16113,#16114,#16115);
#16113 = CARTESIAN_POINT('',(-3.889445840321,26.467502093816,
    2.807138347648));
#16114 = DIRECTION('',(0.833333333333,0.552770798393,0.));
#16115 = DIRECTION('',(-0.552770798393,0.833333333333,0.));
#16116 = ADVANCED_FACE('',(#16117),#16123,.T.);
#16117 = FACE_BOUND('',#16118,.T.);
#16118 = EDGE_LOOP('',(#16119,#16120,#16121,#16122));
#16119 = ORIENTED_EDGE('',*,*,#15296,.T.);
#16120 = ORIENTED_EDGE('',*,*,#16106,.T.);
#16121 = ORIENTED_EDGE('',*,*,#16050,.F.);
#16122 = ORIENTED_EDGE('',*,*,#16026,.F.);
#16123 = PLANE('',#16124);
#16124 = AXIS2_PLACEMENT_3D('',#16125,#16126,#16127);
#16125 = CARTESIAN_POINT('',(-4.,26.634168760482,2.107138347648));
#16126 = DIRECTION('',(-0.552770798395,0.833333333332,0.));
#16127 = DIRECTION('',(0.833333333332,0.552770798395,0.));
#16128 = ADVANCED_FACE('',(#16129),#16135,.F.);
#16129 = FACE_BOUND('',#16130,.F.);
#16130 = EDGE_LOOP('',(#16131,#16132,#16133,#16134));
#16131 = ORIENTED_EDGE('',*,*,#15348,.T.);
#16132 = ORIENTED_EDGE('',*,*,#16087,.T.);
#16133 = ORIENTED_EDGE('',*,*,#15972,.F.);
#16134 = ORIENTED_EDGE('',*,*,#15673,.F.);
#16135 = CYLINDRICAL_SURFACE('',#16136,0.125);
#16136 = AXIS2_PLACEMENT_3D('',#16137,#16138,#16139);
#16137 = CARTESIAN_POINT('',(3.325,26.2,3.025));
#16138 = DIRECTION('',(0.,-1.,0.));
#16139 = DIRECTION('',(1.,0.,0.));
#16140 = ADVANCED_FACE('',(#16141),#16160,.T.);
#16141 = FACE_BOUND('',#16142,.T.);
#16142 = EDGE_LOOP('',(#16143,#16144,#16153,#16159));
#16143 = ORIENTED_EDGE('',*,*,#15416,.T.);
#16144 = ORIENTED_EDGE('',*,*,#16145,.T.);
#16145 = EDGE_CURVE('',#15409,#16146,#16148,.T.);
#16146 = VERTEX_POINT('',#16147);
#16147 = CARTESIAN_POINT('',(3.75,26.8,2.307138347648));
#16148 = CIRCLE('',#16149,0.2);
#16149 = AXIS2_PLACEMENT_3D('',#16150,#16151,#16152);
#16150 = CARTESIAN_POINT('',(3.639445840324,26.633333333332,
    2.307138347648));
#16151 = DIRECTION('',(0.833333333333,-0.552770798393,1.9E-16));
#16152 = DIRECTION('',(-0.552770798393,-0.833333333333,
    -1.232595164408E-32));
#16153 = ORIENTED_EDGE('',*,*,#16154,.F.);
#16154 = EDGE_CURVE('',#15431,#16146,#16155,.T.);
#16155 = LINE('',#16156,#16157);
#16156 = CARTESIAN_POINT('',(4.,26.634168760482,2.307138347648));
#16157 = VECTOR('',#16158,1.);
#16158 = DIRECTION('',(-0.833333333333,0.552770798393,-1.9E-16));
#16159 = ORIENTED_EDGE('',*,*,#15440,.F.);
#16160 = CYLINDRICAL_SURFACE('',#16161,0.2);
#16161 = AXIS2_PLACEMENT_3D('',#16162,#16163,#16164);
#16162 = CARTESIAN_POINT('',(3.889445840321,26.467502093816,
    2.307138347648));
#16163 = DIRECTION('',(-0.833333333333,0.552770798393,-1.9E-16));
#16164 = DIRECTION('',(2.255555555556E-16,-3.685138655994E-18,-1.));
#16165 = ADVANCED_FACE('',(#16166),#16192,.F.);
#16166 = FACE_BOUND('',#16167,.T.);
#16167 = EDGE_LOOP('',(#16168,#16176,#16177,#16178,#16184,#16185));
#16168 = ORIENTED_EDGE('',*,*,#16169,.F.);
#16169 = EDGE_CURVE('',#16146,#16170,#16172,.T.);
#16170 = VERTEX_POINT('',#16171);
#16171 = CARTESIAN_POINT('',(3.75,26.8,2.807138347648));
#16172 = LINE('',#16173,#16174);
#16173 = CARTESIAN_POINT('',(3.75,26.8,2.107138347648));
#16174 = VECTOR('',#16175,1.);
#16175 = DIRECTION('',(0.,0.,1.));
#16176 = ORIENTED_EDGE('',*,*,#16145,.F.);
#16177 = ORIENTED_EDGE('',*,*,#15408,.F.);
#16178 = ORIENTED_EDGE('',*,*,#16179,.T.);
#16179 = EDGE_CURVE('',#15400,#15484,#16180,.T.);
#16180 = LINE('',#16181,#16182);
#16181 = CARTESIAN_POINT('',(3.499999999998,26.423110819263,
    2.107138347648));
#16182 = VECTOR('',#16183,1.);
#16183 = DIRECTION('',(0.,0.,1.));
#16184 = ORIENTED_EDGE('',*,*,#15492,.T.);
#16185 = ORIENTED_EDGE('',*,*,#16186,.F.);
#16186 = EDGE_CURVE('',#16170,#15493,#16187,.T.);
#16187 = CIRCLE('',#16188,0.2);
#16188 = AXIS2_PLACEMENT_3D('',#16189,#16190,#16191);
#16189 = CARTESIAN_POINT('',(3.639445840324,26.633333333332,
    2.807138347648));
#16190 = DIRECTION('',(0.833333333333,-0.552770798393,1.9E-16));
#16191 = DIRECTION('',(-0.552770798393,-0.833333333333,
    -1.232595164408E-32));
#16192 = PLANE('',#16193);
#16193 = AXIS2_PLACEMENT_3D('',#16194,#16195,#16196);
#16194 = CARTESIAN_POINT('',(3.499999999998,26.423110819263,
    2.107138347648));
#16195 = DIRECTION('',(0.833333333333,-0.552770798393,1.9E-16));
#16196 = DIRECTION('',(-0.552770798393,-0.833333333333,
    -1.232595164408E-32));
#16197 = ADVANCED_FACE('',(#16198),#16204,.T.);
#16198 = FACE_BOUND('',#16199,.T.);
#16199 = EDGE_LOOP('',(#16200,#16201,#16202,#16203));
#16200 = ORIENTED_EDGE('',*,*,#15649,.T.);
#16201 = ORIENTED_EDGE('',*,*,#15483,.T.);
#16202 = ORIENTED_EDGE('',*,*,#16179,.F.);
#16203 = ORIENTED_EDGE('',*,*,#15399,.F.);
#16204 = CYLINDRICAL_SURFACE('',#16205,0.3);
#16205 = AXIS2_PLACEMENT_3D('',#16206,#16207,#16208);
#16206 = CARTESIAN_POINT('',(3.75,26.257279579762,2.107138347648));
#16207 = DIRECTION('',(2.2E-16,0.,-1.));
#16208 = DIRECTION('',(0.,1.,0.));
#16209 = ADVANCED_FACE('',(#16210),#16221,.T.);
#16210 = FACE_BOUND('',#16211,.F.);
#16211 = EDGE_LOOP('',(#16212,#16213,#16219,#16220));
#16212 = ORIENTED_EDGE('',*,*,#15430,.T.);
#16213 = ORIENTED_EDGE('',*,*,#16214,.T.);
#16214 = EDGE_CURVE('',#15433,#16170,#16215,.T.);
#16215 = LINE('',#16216,#16217);
#16216 = CARTESIAN_POINT('',(4.,26.634168760482,2.807138347648));
#16217 = VECTOR('',#16218,1.);
#16218 = DIRECTION('',(-0.833333333333,0.552770798393,-1.9E-16));
#16219 = ORIENTED_EDGE('',*,*,#16169,.F.);
#16220 = ORIENTED_EDGE('',*,*,#16154,.F.);
#16221 = PLANE('',#16222);
#16222 = AXIS2_PLACEMENT_3D('',#16223,#16224,#16225);
#16223 = CARTESIAN_POINT('',(4.,26.634168760482,2.107138347648));
#16224 = DIRECTION('',(0.552770798395,0.833333333332,1.2E-16));
#16225 = DIRECTION('',(0.833333333332,-0.552770798395,1.899999999997E-16
    ));
#16226 = ADVANCED_FACE('',(#16227),#16233,.T.);
#16227 = FACE_BOUND('',#16228,.T.);
#16228 = EDGE_LOOP('',(#16229,#16230,#16231,#16232));
#16229 = ORIENTED_EDGE('',*,*,#16214,.T.);
#16230 = ORIENTED_EDGE('',*,*,#16186,.T.);
#16231 = ORIENTED_EDGE('',*,*,#15500,.F.);
#16232 = ORIENTED_EDGE('',*,*,#15457,.F.);
#16233 = CYLINDRICAL_SURFACE('',#16234,0.2);
#16234 = AXIS2_PLACEMENT_3D('',#16235,#16236,#16237);
#16235 = CARTESIAN_POINT('',(3.889445840321,26.467502093816,
    2.807138347648));
#16236 = DIRECTION('',(-0.833333333333,0.552770798393,-1.9E-16));
#16237 = DIRECTION('',(0.552770798393,0.833333333333,1.199999999996E-16)
  );
#16238 = ADVANCED_FACE('',(#16239),#16258,.T.);
#16239 = FACE_BOUND('',#16240,.T.);
#16240 = EDGE_LOOP('',(#16241,#16242,#16251,#16257));
#16241 = ORIENTED_EDGE('',*,*,#15549,.T.);
#16242 = ORIENTED_EDGE('',*,*,#16243,.T.);
#16243 = EDGE_CURVE('',#15542,#16244,#16246,.T.);
#16244 = VERTEX_POINT('',#16245);
#16245 = CARTESIAN_POINT('',(3.,26.8,3.45));
#16246 = CIRCLE('',#16247,0.2);
#16247 = AXIS2_PLACEMENT_3D('',#16248,#16249,#16250);
#16248 = CARTESIAN_POINT('',(3.,26.633333333332,3.339445840324));
#16249 = DIRECTION('',(-3.1E-16,-0.552770798393,0.833333333333));
#16250 = DIRECTION('',(6.880346207725E-28,0.833333333333,0.552770798393)
  );
#16251 = ORIENTED_EDGE('',*,*,#16252,.F.);
#16252 = EDGE_CURVE('',#15566,#16244,#16253,.T.);
#16253 = LINE('',#16254,#16255);
#16254 = CARTESIAN_POINT('',(3.,26.634168760482,3.7));
#16255 = VECTOR('',#16256,1.);
#16256 = DIRECTION('',(3.1E-16,0.552770798393,-0.833333333333));
#16257 = ORIENTED_EDGE('',*,*,#15590,.F.);
#16258 = CYLINDRICAL_SURFACE('',#16259,0.2);
#16259 = AXIS2_PLACEMENT_3D('',#16260,#16261,#16262);
#16260 = CARTESIAN_POINT('',(3.,26.467502093816,3.589445840321));
#16261 = DIRECTION('',(3.1E-16,0.552770798393,-0.833333333333));
#16262 = DIRECTION('',(1.,-1.713589475018E-16,2.583333333332E-16));
#16263 = ADVANCED_FACE('',(#16264),#16290,.F.);
#16264 = FACE_BOUND('',#16265,.F.);
#16265 = EDGE_LOOP('',(#16266,#16274,#16281,#16282,#16288,#16289));
#16266 = ORIENTED_EDGE('',*,*,#16267,.F.);
#16267 = EDGE_CURVE('',#16268,#16244,#16270,.T.);
#16268 = VERTEX_POINT('',#16269);
#16269 = CARTESIAN_POINT('',(-3.,26.8,3.45));
#16270 = LINE('',#16271,#16272);
#16271 = CARTESIAN_POINT('',(-3.2,26.8,3.45));
#16272 = VECTOR('',#16273,1.);
#16273 = DIRECTION('',(1.,0.,-0.));
#16274 = ORIENTED_EDGE('',*,*,#16275,.F.);
#16275 = EDGE_CURVE('',#15626,#16268,#16276,.T.);
#16276 = CIRCLE('',#16277,0.2);
#16277 = AXIS2_PLACEMENT_3D('',#16278,#16279,#16280);
#16278 = CARTESIAN_POINT('',(-3.,26.633333333332,3.339445840324));
#16279 = DIRECTION('',(3.1E-16,0.552770798393,-0.833333333333));
#16280 = DIRECTION('',(6.880346207725E-28,0.833333333333,0.552770798393)
  );
#16281 = ORIENTED_EDGE('',*,*,#15625,.F.);
#16282 = ORIENTED_EDGE('',*,*,#16283,.T.);
#16283 = EDGE_CURVE('',#15617,#15533,#16284,.T.);
#16284 = LINE('',#16285,#16286);
#16285 = CARTESIAN_POINT('',(-3.2,26.423110819263,3.199999999998));
#16286 = VECTOR('',#16287,1.);
#16287 = DIRECTION('',(1.,0.,-0.));
#16288 = ORIENTED_EDGE('',*,*,#15541,.T.);
#16289 = ORIENTED_EDGE('',*,*,#16243,.T.);
#16290 = PLANE('',#16291);
#16291 = AXIS2_PLACEMENT_3D('',#16292,#16293,#16294);
#16292 = CARTESIAN_POINT('',(-3.2,26.423110819263,3.199999999998));
#16293 = DIRECTION('',(-3.1E-16,-0.552770798393,0.833333333333));
#16294 = DIRECTION('',(6.880346207725E-28,0.833333333333,0.552770798393)
  );
#16295 = ADVANCED_FACE('',(#16296),#16302,.T.);
#16296 = FACE_BOUND('',#16297,.T.);
#16297 = EDGE_LOOP('',(#16298,#16299,#16300,#16301));
#16298 = ORIENTED_EDGE('',*,*,#15616,.T.);
#16299 = ORIENTED_EDGE('',*,*,#16283,.T.);
#16300 = ORIENTED_EDGE('',*,*,#15532,.F.);
#16301 = ORIENTED_EDGE('',*,*,#16079,.F.);
#16302 = CYLINDRICAL_SURFACE('',#16303,0.3);
#16303 = AXIS2_PLACEMENT_3D('',#16304,#16305,#16306);
#16304 = CARTESIAN_POINT('',(-3.2,26.257279579762,3.45));
#16305 = DIRECTION('',(-1.,0.,0.));
#16306 = DIRECTION('',(0.,1.,0.));
#16307 = ADVANCED_FACE('',(#16308),#16319,.T.);
#16308 = FACE_BOUND('',#16309,.T.);
#16309 = EDGE_LOOP('',(#16310,#16311,#16312,#16313));
#16310 = ORIENTED_EDGE('',*,*,#15563,.T.);
#16311 = ORIENTED_EDGE('',*,*,#16252,.T.);
#16312 = ORIENTED_EDGE('',*,*,#16267,.F.);
#16313 = ORIENTED_EDGE('',*,*,#16314,.F.);
#16314 = EDGE_CURVE('',#15564,#16268,#16315,.T.);
#16315 = LINE('',#16316,#16317);
#16316 = CARTESIAN_POINT('',(-3.,26.634168760482,3.7));
#16317 = VECTOR('',#16318,1.);
#16318 = DIRECTION('',(3.1E-16,0.552770798393,-0.833333333333));
#16319 = PLANE('',#16320);
#16320 = AXIS2_PLACEMENT_3D('',#16321,#16322,#16323);
#16321 = CARTESIAN_POINT('',(-3.2,26.634168760482,3.7));
#16322 = DIRECTION('',(0.,0.833333333332,0.552770798395));
#16323 = DIRECTION('',(3.1E-16,0.552770798395,-0.833333333332));
#16324 = ADVANCED_FACE('',(#16325),#16331,.T.);
#16325 = FACE_BOUND('',#16326,.T.);
#16326 = EDGE_LOOP('',(#16327,#16328,#16329,#16330));
#16327 = ORIENTED_EDGE('',*,*,#15573,.T.);
#16328 = ORIENTED_EDGE('',*,*,#16314,.T.);
#16329 = ORIENTED_EDGE('',*,*,#16275,.F.);
#16330 = ORIENTED_EDGE('',*,*,#15633,.F.);
#16331 = CYLINDRICAL_SURFACE('',#16332,0.2);
#16332 = AXIS2_PLACEMENT_3D('',#16333,#16334,#16335);
#16333 = CARTESIAN_POINT('',(-3.,26.467502093816,3.589445840321));
#16334 = DIRECTION('',(3.1E-16,0.552770798393,-0.833333333333));
#16335 = DIRECTION('',(-1.,1.713589475018E-16,-2.583333333332E-16));
#16336 = ADVANCED_FACE('',(#16337),#16365,.T.);
#16337 = FACE_BOUND('',#16338,.T.);
#16338 = EDGE_LOOP('',(#16339,#16348,#16349,#16358));
#16339 = ORIENTED_EDGE('',*,*,#16340,.F.);
#16340 = EDGE_CURVE('',#15764,#16341,#16343,.T.);
#16341 = VERTEX_POINT('',#16342);
#16342 = CARTESIAN_POINT('',(-2.874999999996,14.074999999993,3.5));
#16343 = CIRCLE('',#16344,0.5);
#16344 = AXIS2_PLACEMENT_3D('',#16345,#16346,#16347);
#16345 = CARTESIAN_POINT('',(-2.874999999996,14.074999999993,3.));
#16346 = DIRECTION('',(0.,-1.,0.));
#16347 = DIRECTION('',(1.,0.,0.));
#16348 = ORIENTED_EDGE('',*,*,#15763,.T.);
#16349 = ORIENTED_EDGE('',*,*,#16350,.T.);
#16350 = EDGE_CURVE('',#15756,#16351,#16353,.T.);
#16351 = VERTEX_POINT('',#16352);
#16352 = CARTESIAN_POINT('',(-4.125000000015,14.075000000001,3.5));
#16353 = CIRCLE('',#16354,0.5);
#16354 = AXIS2_PLACEMENT_3D('',#16355,#16356,#16357);
#16355 = CARTESIAN_POINT('',(-4.125000000015,14.075000000001,3.));
#16356 = DIRECTION('',(0.,1.,0.));
#16357 = DIRECTION('',(-1.,0.,0.));
#16358 = ORIENTED_EDGE('',*,*,#16359,.F.);
#16359 = EDGE_CURVE('',#16341,#16351,#16360,.T.);
#16360 = CIRCLE('',#16361,0.62500000001);
#16361 = AXIS2_PLACEMENT_3D('',#16362,#16363,#16364);
#16362 = CARTESIAN_POINT('',(-3.500000000005,14.074999999995,3.5));
#16363 = DIRECTION('',(0.,0.,1.));
#16364 = DIRECTION('',(1.,0.,-0.));
#16365 = TOROIDAL_SURFACE('',#16366,0.62500000001,0.5);
#16366 = AXIS2_PLACEMENT_3D('',#16367,#16368,#16369);
#16367 = CARTESIAN_POINT('',(-3.500000000005,14.074999999995,3.));
#16368 = DIRECTION('',(0.,0.,1.));
#16369 = DIRECTION('',(1.,0.,-0.));
#16370 = ADVANCED_FACE('',(#16371),#16390,.T.);
#16371 = FACE_BOUND('',#16372,.T.);
#16372 = EDGE_LOOP('',(#16373,#16374,#16383,#16389));
#16373 = ORIENTED_EDGE('',*,*,#15787,.T.);
#16374 = ORIENTED_EDGE('',*,*,#16375,.T.);
#16375 = EDGE_CURVE('',#15788,#16376,#16378,.T.);
#16376 = VERTEX_POINT('',#16377);
#16377 = CARTESIAN_POINT('',(-4.125000000015,12.925000000008,3.5));
#16378 = CIRCLE('',#16379,0.5);
#16379 = AXIS2_PLACEMENT_3D('',#16380,#16381,#16382);
#16380 = CARTESIAN_POINT('',(-4.125000000015,12.925000000008,3.));
#16381 = DIRECTION('',(0.,1.,0.));
#16382 = DIRECTION('',(-1.,0.,0.));
#16383 = ORIENTED_EDGE('',*,*,#16384,.F.);
#16384 = EDGE_CURVE('',#16351,#16376,#16385,.T.);
#16385 = LINE('',#16386,#16387);
#16386 = CARTESIAN_POINT('',(-4.125000000015,14.075000000001,3.5));
#16387 = VECTOR('',#16388,1.);
#16388 = DIRECTION('',(0.,-1.,0.));
#16389 = ORIENTED_EDGE('',*,*,#16350,.F.);
#16390 = CYLINDRICAL_SURFACE('',#16391,0.5);
#16391 = AXIS2_PLACEMENT_3D('',#16392,#16393,#16394);
#16392 = CARTESIAN_POINT('',(-4.125000000015,14.075000000001,3.));
#16393 = DIRECTION('',(0.,-1.,0.));
#16394 = DIRECTION('',(-1.,0.,0.));
#16395 = ADVANCED_FACE('',(#16396),#16416,.T.);
#16396 = FACE_BOUND('',#16397,.T.);
#16397 = EDGE_LOOP('',(#16398,#16399,#16400,#16409));
#16398 = ORIENTED_EDGE('',*,*,#16375,.F.);
#16399 = ORIENTED_EDGE('',*,*,#15819,.T.);
#16400 = ORIENTED_EDGE('',*,*,#16401,.T.);
#16401 = EDGE_CURVE('',#15812,#16402,#16404,.T.);
#16402 = VERTEX_POINT('',#16403);
#16403 = CARTESIAN_POINT('',(-2.874999999996,12.925000000008,3.5));
#16404 = CIRCLE('',#16405,0.5);
#16405 = AXIS2_PLACEMENT_3D('',#16406,#16407,#16408);
#16406 = CARTESIAN_POINT('',(-2.874999999996,12.925000000008,3.));
#16407 = DIRECTION('',(0.,-1.,0.));
#16408 = DIRECTION('',(1.,0.,0.));
#16409 = ORIENTED_EDGE('',*,*,#16410,.F.);
#16410 = EDGE_CURVE('',#16376,#16402,#16411,.T.);
#16411 = CIRCLE('',#16412,0.62500000001);
#16412 = AXIS2_PLACEMENT_3D('',#16413,#16414,#16415);
#16413 = CARTESIAN_POINT('',(-3.500000000006,12.925000000011,3.5));
#16414 = DIRECTION('',(0.,0.,1.));
#16415 = DIRECTION('',(-1.,0.,0.));
#16416 = TOROIDAL_SURFACE('',#16417,0.62500000001,0.5);
#16417 = AXIS2_PLACEMENT_3D('',#16418,#16419,#16420);
#16418 = CARTESIAN_POINT('',(-3.500000000006,12.925000000011,3.));
#16419 = DIRECTION('',(0.,0.,1.));
#16420 = DIRECTION('',(-1.,0.,0.));
#16421 = ADVANCED_FACE('',(#16422),#16433,.T.);
#16422 = FACE_BOUND('',#16423,.T.);
#16423 = EDGE_LOOP('',(#16424,#16425,#16426,#16432));
#16424 = ORIENTED_EDGE('',*,*,#15836,.T.);
#16425 = ORIENTED_EDGE('',*,*,#16340,.T.);
#16426 = ORIENTED_EDGE('',*,*,#16427,.F.);
#16427 = EDGE_CURVE('',#16402,#16341,#16428,.T.);
#16428 = LINE('',#16429,#16430);
#16429 = CARTESIAN_POINT('',(-2.874999999996,12.925000000008,3.5));
#16430 = VECTOR('',#16431,1.);
#16431 = DIRECTION('',(0.,1.,0.));
#16432 = ORIENTED_EDGE('',*,*,#16401,.F.);
#16433 = CYLINDRICAL_SURFACE('',#16434,0.5);
#16434 = AXIS2_PLACEMENT_3D('',#16435,#16436,#16437);
#16435 = CARTESIAN_POINT('',(-2.874999999996,12.925000000008,3.));
#16436 = DIRECTION('',(0.,1.,0.));
#16437 = DIRECTION('',(1.,0.,-0.));
#16438 = ADVANCED_FACE('',(#16439),#16445,.T.);
#16439 = FACE_BOUND('',#16440,.T.);
#16440 = EDGE_LOOP('',(#16441,#16442,#16443,#16444));
#16441 = ORIENTED_EDGE('',*,*,#16410,.T.);
#16442 = ORIENTED_EDGE('',*,*,#16427,.T.);
#16443 = ORIENTED_EDGE('',*,*,#16359,.T.);
#16444 = ORIENTED_EDGE('',*,*,#16384,.T.);
#16445 = PLANE('',#16446);
#16446 = AXIS2_PLACEMENT_3D('',#16447,#16448,#16449);
#16447 = CARTESIAN_POINT('',(-3.500000000006,13.500000000003,3.5));
#16448 = DIRECTION('',(0.,0.,1.));
#16449 = DIRECTION('',(1.,0.,-0.));
#16450 = ( GEOMETRIC_REPRESENTATION_CONTEXT(3) 
GLOBAL_UNCERTAINTY_ASSIGNED_CONTEXT((#16454)) 
GLOBAL_UNIT_ASSIGNED_CONTEXT((#16451,#16452,#16453)) 
REPRESENTATION_CONTEXT('Context #1',
  '3D Context with UNIT and UNCERTAINTY') );
#16451 = ( LENGTH_UNIT() NAMED_UNIT(*) SI_UNIT(.MILLI.,.METRE.) );
#16452 = ( NAMED_UNIT(*) PLANE_ANGLE_UNIT() SI_UNIT($,.RADIAN.) );
#16453 = ( NAMED_UNIT(*) SI_UNIT($,.STERADIAN.) SOLID_ANGLE_UNIT() );
#16454 = UNCERTAINTY_MEASURE_WITH_UNIT(LENGTH_MEASURE(1.E-07),#16451,
  'distance_accuracy_value','confusion accuracy');
#16455 = CONTEXT_DEPENDENT_SHAPE_REPRESENTATION(#16456,#16458);
#16456 = ( REPRESENTATION_RELATIONSHIP('','',#82,#36) 
REPRESENTATION_RELATIONSHIP_WITH_TRANSFORMATION(#16457) 
SHAPE_REPRESENTATION_RELATIONSHIP() );
#16457 = ITEM_DEFINED_TRANSFORMATION('','',#11,#41);
#16458 = PRODUCT_DEFINITION_SHAPE('Placement','Placement of an item',
  #16459);
#16459 = NEXT_ASSEMBLY_USAGE_OCCURRENCE('2','=>[0:1:1:4]','',#31,#77,$);
#16460 = PRODUCT_RELATED_PRODUCT_CATEGORY('part',$,(#79));
#16461 = SHAPE_DEFINITION_REPRESENTATION(#16462,#16468);
#16462 = PRODUCT_DEFINITION_SHAPE('','',#16463);
#16463 = PRODUCT_DEFINITION('design','',#16464,#16467);
#16464 = PRODUCT_DEFINITION_FORMATION('','',#16465);
#16465 = PRODUCT('walking_logger_PCB','walking_logger_PCB','',(#16466));
#16466 = PRODUCT_CONTEXT('',#2,'mechanical');
#16467 = PRODUCT_DEFINITION_CONTEXT('part definition',#2,'design');
#16468 = ADVANCED_BREP_SHAPE_REPRESENTATION('',(#11,#16469),#19434);
#16469 = MANIFOLD_SOLID_BREP('',#16470);
#16470 = CLOSED_SHELL('',(#16471,#16511,#16542,#16573,#17377,#18181,
    #18193,#18210,#18227,#18244,#18261,#18278,#18295,#18312,#18329,
    #18346,#18363,#18380,#18397,#18414,#18431,#18448,#18470,#18487,
    #18504,#18516,#18533,#18550,#18567,#18584,#18601,#18618,#18635,
    #18652,#18669,#18686,#18703,#18720,#18737,#18754,#18771,#18788,
    #18805,#18822,#18839,#18856,#18873,#18890,#18907,#18924,#18941,
    #18958,#18975,#18992,#19009,#19026,#19043,#19065,#19082,#19099,
    #19111,#19128,#19145,#19162,#19179,#19196,#19213,#19230,#19247,
    #19264,#19281,#19298,#19315,#19332,#19349,#19366,#19383,#19400,
    #19417));
#16471 = ADVANCED_FACE('',(#16472),#16506,.T.);
#16472 = FACE_BOUND('',#16473,.T.);
#16473 = EDGE_LOOP('',(#16474,#16484,#16492,#16500));
#16474 = ORIENTED_EDGE('',*,*,#16475,.T.);
#16475 = EDGE_CURVE('',#16476,#16478,#16480,.T.);
#16476 = VERTEX_POINT('',#16477);
#16477 = CARTESIAN_POINT('',(206.5,-137.25,0.));
#16478 = VERTEX_POINT('',#16479);
#16479 = CARTESIAN_POINT('',(206.5,-137.25,1.51));
#16480 = LINE('',#16481,#16482);
#16481 = CARTESIAN_POINT('',(206.5,-137.25,0.));
#16482 = VECTOR('',#16483,1.);
#16483 = DIRECTION('',(0.,0.,1.));
#16484 = ORIENTED_EDGE('',*,*,#16485,.T.);
#16485 = EDGE_CURVE('',#16478,#16486,#16488,.T.);
#16486 = VERTEX_POINT('',#16487);
#16487 = CARTESIAN_POINT('',(89.75,-137.25,1.51));
#16488 = LINE('',#16489,#16490);
#16489 = CARTESIAN_POINT('',(206.5,-137.25,1.51));
#16490 = VECTOR('',#16491,1.);
#16491 = DIRECTION('',(-1.,0.,0.));
#16492 = ORIENTED_EDGE('',*,*,#16493,.F.);
#16493 = EDGE_CURVE('',#16494,#16486,#16496,.T.);
#16494 = VERTEX_POINT('',#16495);
#16495 = CARTESIAN_POINT('',(89.75,-137.25,0.));
#16496 = LINE('',#16497,#16498);
#16497 = CARTESIAN_POINT('',(89.75,-137.25,0.));
#16498 = VECTOR('',#16499,1.);
#16499 = DIRECTION('',(0.,0.,1.));
#16500 = ORIENTED_EDGE('',*,*,#16501,.F.);
#16501 = EDGE_CURVE('',#16476,#16494,#16502,.T.);
#16502 = LINE('',#16503,#16504);
#16503 = CARTESIAN_POINT('',(206.5,-137.25,0.));
#16504 = VECTOR('',#16505,1.);
#16505 = DIRECTION('',(-1.,0.,0.));
#16506 = PLANE('',#16507);
#16507 = AXIS2_PLACEMENT_3D('',#16508,#16509,#16510);
#16508 = CARTESIAN_POINT('',(206.5,-137.25,0.));
#16509 = DIRECTION('',(0.,-1.,0.));
#16510 = DIRECTION('',(-1.,0.,0.));
#16511 = ADVANCED_FACE('',(#16512),#16537,.T.);
#16512 = FACE_BOUND('',#16513,.T.);
#16513 = EDGE_LOOP('',(#16514,#16524,#16530,#16531));
#16514 = ORIENTED_EDGE('',*,*,#16515,.T.);
#16515 = EDGE_CURVE('',#16516,#16518,#16520,.T.);
#16516 = VERTEX_POINT('',#16517);
#16517 = CARTESIAN_POINT('',(206.5,-77.,0.));
#16518 = VERTEX_POINT('',#16519);
#16519 = CARTESIAN_POINT('',(206.5,-77.,1.51));
#16520 = LINE('',#16521,#16522);
#16521 = CARTESIAN_POINT('',(206.5,-77.,0.));
#16522 = VECTOR('',#16523,1.);
#16523 = DIRECTION('',(0.,0.,1.));
#16524 = ORIENTED_EDGE('',*,*,#16525,.T.);
#16525 = EDGE_CURVE('',#16518,#16478,#16526,.T.);
#16526 = LINE('',#16527,#16528);
#16527 = CARTESIAN_POINT('',(206.5,-77.,1.51));
#16528 = VECTOR('',#16529,1.);
#16529 = DIRECTION('',(0.,-1.,0.));
#16530 = ORIENTED_EDGE('',*,*,#16475,.F.);
#16531 = ORIENTED_EDGE('',*,*,#16532,.F.);
#16532 = EDGE_CURVE('',#16516,#16476,#16533,.T.);
#16533 = LINE('',#16534,#16535);
#16534 = CARTESIAN_POINT('',(206.5,-77.,0.));
#16535 = VECTOR('',#16536,1.);
#16536 = DIRECTION('',(0.,-1.,0.));
#16537 = PLANE('',#16538);
#16538 = AXIS2_PLACEMENT_3D('',#16539,#16540,#16541);
#16539 = CARTESIAN_POINT('',(206.5,-77.,0.));
#16540 = DIRECTION('',(1.,0.,-0.));
#16541 = DIRECTION('',(0.,-1.,0.));
#16542 = ADVANCED_FACE('',(#16543),#16568,.T.);
#16543 = FACE_BOUND('',#16544,.T.);
#16544 = EDGE_LOOP('',(#16545,#16546,#16554,#16562));
#16545 = ORIENTED_EDGE('',*,*,#16493,.T.);
#16546 = ORIENTED_EDGE('',*,*,#16547,.T.);
#16547 = EDGE_CURVE('',#16486,#16548,#16550,.T.);
#16548 = VERTEX_POINT('',#16549);
#16549 = CARTESIAN_POINT('',(89.75,-77.,1.51));
#16550 = LINE('',#16551,#16552);
#16551 = CARTESIAN_POINT('',(89.75,-137.25,1.51));
#16552 = VECTOR('',#16553,1.);
#16553 = DIRECTION('',(0.,1.,0.));
#16554 = ORIENTED_EDGE('',*,*,#16555,.F.);
#16555 = EDGE_CURVE('',#16556,#16548,#16558,.T.);
#16556 = VERTEX_POINT('',#16557);
#16557 = CARTESIAN_POINT('',(89.75,-77.,0.));
#16558 = LINE('',#16559,#16560);
#16559 = CARTESIAN_POINT('',(89.75,-77.,0.));
#16560 = VECTOR('',#16561,1.);
#16561 = DIRECTION('',(0.,0.,1.));
#16562 = ORIENTED_EDGE('',*,*,#16563,.F.);
#16563 = EDGE_CURVE('',#16494,#16556,#16564,.T.);
#16564 = LINE('',#16565,#16566);
#16565 = CARTESIAN_POINT('',(89.75,-137.25,0.));
#16566 = VECTOR('',#16567,1.);
#16567 = DIRECTION('',(0.,1.,0.));
#16568 = PLANE('',#16569);
#16569 = AXIS2_PLACEMENT_3D('',#16570,#16571,#16572);
#16570 = CARTESIAN_POINT('',(89.75,-137.25,0.));
#16571 = DIRECTION('',(-1.,0.,0.));
#16572 = DIRECTION('',(0.,1.,0.));
#16573 = ADVANCED_FACE('',(#16574,#16585,#16596,#16607,#16618,#16629,
    #16640,#16651,#16662,#16673,#16684,#16695,#16706,#16717,#16728,
    #16739,#16750,#16786,#16797,#16808,#16819,#16830,#16841,#16852,
    #16863,#16874,#16885,#16896,#16907,#16918,#16929,#16940,#16951,
    #16962,#16973,#16984,#16995,#17006,#17017,#17028,#17039,#17050,
    #17061,#17072,#17083,#17094,#17105,#17116,#17127,#17163,#17174,
    #17185,#17196,#17207,#17218,#17229,#17240,#17251,#17262,#17273,
    #17284,#17295,#17306,#17317,#17328,#17339,#17350,#17361),#17372,.F.
  );
#16574 = FACE_BOUND('',#16575,.F.);
#16575 = EDGE_LOOP('',(#16576,#16577,#16578,#16584));
#16576 = ORIENTED_EDGE('',*,*,#16501,.F.);
#16577 = ORIENTED_EDGE('',*,*,#16532,.F.);
#16578 = ORIENTED_EDGE('',*,*,#16579,.F.);
#16579 = EDGE_CURVE('',#16556,#16516,#16580,.T.);
#16580 = LINE('',#16581,#16582);
#16581 = CARTESIAN_POINT('',(89.75,-77.,0.));
#16582 = VECTOR('',#16583,1.);
#16583 = DIRECTION('',(1.,0.,0.));
#16584 = ORIENTED_EDGE('',*,*,#16563,.F.);
#16585 = FACE_BOUND('',#16586,.F.);
#16586 = EDGE_LOOP('',(#16587));
#16587 = ORIENTED_EDGE('',*,*,#16588,.T.);
#16588 = EDGE_CURVE('',#16589,#16589,#16591,.T.);
#16589 = VERTEX_POINT('',#16590);
#16590 = CARTESIAN_POINT('',(110.5,-124.25,0.));
#16591 = CIRCLE('',#16592,0.5);
#16592 = AXIS2_PLACEMENT_3D('',#16593,#16594,#16595);
#16593 = CARTESIAN_POINT('',(110.5,-123.75,0.));
#16594 = DIRECTION('',(-0.,0.,-1.));
#16595 = DIRECTION('',(-0.,-1.,0.));
#16596 = FACE_BOUND('',#16597,.F.);
#16597 = EDGE_LOOP('',(#16598));
#16598 = ORIENTED_EDGE('',*,*,#16599,.T.);
#16599 = EDGE_CURVE('',#16600,#16600,#16602,.T.);
#16600 = VERTEX_POINT('',#16601);
#16601 = CARTESIAN_POINT('',(110.5,-121.71,0.));
#16602 = CIRCLE('',#16603,0.5);
#16603 = AXIS2_PLACEMENT_3D('',#16604,#16605,#16606);
#16604 = CARTESIAN_POINT('',(110.5,-121.21,0.));
#16605 = DIRECTION('',(-0.,0.,-1.));
#16606 = DIRECTION('',(-0.,-1.,0.));
#16607 = FACE_BOUND('',#16608,.F.);
#16608 = EDGE_LOOP('',(#16609));
#16609 = ORIENTED_EDGE('',*,*,#16610,.T.);
#16610 = EDGE_CURVE('',#16611,#16611,#16613,.T.);
#16611 = VERTEX_POINT('',#16612);
#16612 = CARTESIAN_POINT('',(149.75,-126.,0.));
#16613 = CIRCLE('',#16614,0.5);
#16614 = AXIS2_PLACEMENT_3D('',#16615,#16616,#16617);
#16615 = CARTESIAN_POINT('',(149.75,-125.5,0.));
#16616 = DIRECTION('',(-0.,0.,-1.));
#16617 = DIRECTION('',(-0.,-1.,0.));
#16618 = FACE_BOUND('',#16619,.F.);
#16619 = EDGE_LOOP('',(#16620));
#16620 = ORIENTED_EDGE('',*,*,#16621,.T.);
#16621 = EDGE_CURVE('',#16622,#16622,#16624,.T.);
#16622 = VERTEX_POINT('',#16623);
#16623 = CARTESIAN_POINT('',(149.75,-123.46,0.));
#16624 = CIRCLE('',#16625,0.5);
#16625 = AXIS2_PLACEMENT_3D('',#16626,#16627,#16628);
#16626 = CARTESIAN_POINT('',(149.75,-122.96,0.));
#16627 = DIRECTION('',(-0.,0.,-1.));
#16628 = DIRECTION('',(-0.,-1.,0.));
#16629 = FACE_BOUND('',#16630,.F.);
#16630 = EDGE_LOOP('',(#16631));
#16631 = ORIENTED_EDGE('',*,*,#16632,.T.);
#16632 = EDGE_CURVE('',#16633,#16633,#16635,.T.);
#16633 = VERTEX_POINT('',#16634);
#16634 = CARTESIAN_POINT('',(149.75,-120.92,0.));
#16635 = CIRCLE('',#16636,0.5);
#16636 = AXIS2_PLACEMENT_3D('',#16637,#16638,#16639);
#16637 = CARTESIAN_POINT('',(149.75,-120.42,0.));
#16638 = DIRECTION('',(-0.,0.,-1.));
#16639 = DIRECTION('',(-0.,-1.,0.));
#16640 = FACE_BOUND('',#16641,.F.);
#16641 = EDGE_LOOP('',(#16642));
#16642 = ORIENTED_EDGE('',*,*,#16643,.T.);
#16643 = EDGE_CURVE('',#16644,#16644,#16646,.T.);
#16644 = VERTEX_POINT('',#16645);
#16645 = CARTESIAN_POINT('',(110.5,-119.17,0.));
#16646 = CIRCLE('',#16647,0.5);
#16647 = AXIS2_PLACEMENT_3D('',#16648,#16649,#16650);
#16648 = CARTESIAN_POINT('',(110.5,-118.67,0.));
#16649 = DIRECTION('',(-0.,0.,-1.));
#16650 = DIRECTION('',(-0.,-1.,0.));
#16651 = FACE_BOUND('',#16652,.F.);
#16652 = EDGE_LOOP('',(#16653));
#16653 = ORIENTED_EDGE('',*,*,#16654,.T.);
#16654 = EDGE_CURVE('',#16655,#16655,#16657,.T.);
#16655 = VERTEX_POINT('',#16656);
#16656 = CARTESIAN_POINT('',(110.5,-116.25,0.));
#16657 = CIRCLE('',#16658,0.5);
#16658 = AXIS2_PLACEMENT_3D('',#16659,#16660,#16661);
#16659 = CARTESIAN_POINT('',(110.5,-115.75,0.));
#16660 = DIRECTION('',(-0.,0.,-1.));
#16661 = DIRECTION('',(-0.,-1.,0.));
#16662 = FACE_BOUND('',#16663,.F.);
#16663 = EDGE_LOOP('',(#16664));
#16664 = ORIENTED_EDGE('',*,*,#16665,.T.);
#16665 = EDGE_CURVE('',#16666,#16666,#16668,.T.);
#16666 = VERTEX_POINT('',#16667);
#16667 = CARTESIAN_POINT('',(149.75,-118.38,0.));
#16668 = CIRCLE('',#16669,0.5);
#16669 = AXIS2_PLACEMENT_3D('',#16670,#16671,#16672);
#16670 = CARTESIAN_POINT('',(149.75,-117.88,0.));
#16671 = DIRECTION('',(-0.,0.,-1.));
#16672 = DIRECTION('',(-0.,-1.,0.));
#16673 = FACE_BOUND('',#16674,.F.);
#16674 = EDGE_LOOP('',(#16675));
#16675 = ORIENTED_EDGE('',*,*,#16676,.T.);
#16676 = EDGE_CURVE('',#16677,#16677,#16679,.T.);
#16677 = VERTEX_POINT('',#16678);
#16678 = CARTESIAN_POINT('',(161.55,-130.07,0.));
#16679 = CIRCLE('',#16680,0.5);
#16680 = AXIS2_PLACEMENT_3D('',#16681,#16682,#16683);
#16681 = CARTESIAN_POINT('',(161.55,-129.57,0.));
#16682 = DIRECTION('',(-0.,0.,-1.));
#16683 = DIRECTION('',(-0.,-1.,0.));
#16684 = FACE_BOUND('',#16685,.F.);
#16685 = EDGE_LOOP('',(#16686));
#16686 = ORIENTED_EDGE('',*,*,#16687,.T.);
#16687 = EDGE_CURVE('',#16688,#16688,#16690,.T.);
#16688 = VERTEX_POINT('',#16689);
#16689 = CARTESIAN_POINT('',(161.55,-127.53,0.));
#16690 = CIRCLE('',#16691,0.5);
#16691 = AXIS2_PLACEMENT_3D('',#16692,#16693,#16694);
#16692 = CARTESIAN_POINT('',(161.55,-127.03,0.));
#16693 = DIRECTION('',(-0.,0.,-1.));
#16694 = DIRECTION('',(-0.,-1.,0.));
#16695 = FACE_BOUND('',#16696,.F.);
#16696 = EDGE_LOOP('',(#16697));
#16697 = ORIENTED_EDGE('',*,*,#16698,.T.);
#16698 = EDGE_CURVE('',#16699,#16699,#16701,.T.);
#16699 = VERTEX_POINT('',#16700);
#16700 = CARTESIAN_POINT('',(161.55,-124.99,0.));
#16701 = CIRCLE('',#16702,0.5);
#16702 = AXIS2_PLACEMENT_3D('',#16703,#16704,#16705);
#16703 = CARTESIAN_POINT('',(161.55,-124.49,0.));
#16704 = DIRECTION('',(-0.,0.,-1.));
#16705 = DIRECTION('',(-0.,-1.,0.));
#16706 = FACE_BOUND('',#16707,.F.);
#16707 = EDGE_LOOP('',(#16708));
#16708 = ORIENTED_EDGE('',*,*,#16709,.T.);
#16709 = EDGE_CURVE('',#16710,#16710,#16712,.T.);
#16710 = VERTEX_POINT('',#16711);
#16711 = CARTESIAN_POINT('',(161.55,-122.45,0.));
#16712 = CIRCLE('',#16713,0.5);
#16713 = AXIS2_PLACEMENT_3D('',#16714,#16715,#16716);
#16714 = CARTESIAN_POINT('',(161.55,-121.95,0.));
#16715 = DIRECTION('',(-0.,0.,-1.));
#16716 = DIRECTION('',(-0.,-1.,0.));
#16717 = FACE_BOUND('',#16718,.F.);
#16718 = EDGE_LOOP('',(#16719));
#16719 = ORIENTED_EDGE('',*,*,#16720,.T.);
#16720 = EDGE_CURVE('',#16721,#16721,#16723,.T.);
#16721 = VERTEX_POINT('',#16722);
#16722 = CARTESIAN_POINT('',(161.55,-119.91,0.));
#16723 = CIRCLE('',#16724,0.5);
#16724 = AXIS2_PLACEMENT_3D('',#16725,#16726,#16727);
#16725 = CARTESIAN_POINT('',(161.55,-119.41,0.));
#16726 = DIRECTION('',(-0.,0.,-1.));
#16727 = DIRECTION('',(-0.,-1.,0.));
#16728 = FACE_BOUND('',#16729,.F.);
#16729 = EDGE_LOOP('',(#16730));
#16730 = ORIENTED_EDGE('',*,*,#16731,.T.);
#16731 = EDGE_CURVE('',#16732,#16732,#16734,.T.);
#16732 = VERTEX_POINT('',#16733);
#16733 = CARTESIAN_POINT('',(179.33,-130.07,0.));
#16734 = CIRCLE('',#16735,0.5);
#16735 = AXIS2_PLACEMENT_3D('',#16736,#16737,#16738);
#16736 = CARTESIAN_POINT('',(179.33,-129.57,0.));
#16737 = DIRECTION('',(-0.,0.,-1.));
#16738 = DIRECTION('',(-0.,-1.,0.));
#16739 = FACE_BOUND('',#16740,.F.);
#16740 = EDGE_LOOP('',(#16741));
#16741 = ORIENTED_EDGE('',*,*,#16742,.T.);
#16742 = EDGE_CURVE('',#16743,#16743,#16745,.T.);
#16743 = VERTEX_POINT('',#16744);
#16744 = CARTESIAN_POINT('',(179.33,-127.53,0.));
#16745 = CIRCLE('',#16746,0.5);
#16746 = AXIS2_PLACEMENT_3D('',#16747,#16748,#16749);
#16747 = CARTESIAN_POINT('',(179.33,-127.03,0.));
#16748 = DIRECTION('',(-0.,0.,-1.));
#16749 = DIRECTION('',(-0.,-1.,0.));
#16750 = FACE_BOUND('',#16751,.F.);
#16751 = EDGE_LOOP('',(#16752,#16763,#16771,#16780));
#16752 = ORIENTED_EDGE('',*,*,#16753,.T.);
#16753 = EDGE_CURVE('',#16754,#16756,#16758,.T.);
#16754 = VERTEX_POINT('',#16755);
#16755 = CARTESIAN_POINT('',(194.7,-131.25,0.));
#16756 = VERTEX_POINT('',#16757);
#16757 = CARTESIAN_POINT('',(194.7,-132.25,0.));
#16758 = CIRCLE('',#16759,0.5);
#16759 = AXIS2_PLACEMENT_3D('',#16760,#16761,#16762);
#16760 = CARTESIAN_POINT('',(194.7,-131.75,0.));
#16761 = DIRECTION('',(-0.,0.,-1.));
#16762 = DIRECTION('',(-0.,-1.,0.));
#16763 = ORIENTED_EDGE('',*,*,#16764,.T.);
#16764 = EDGE_CURVE('',#16756,#16765,#16767,.T.);
#16765 = VERTEX_POINT('',#16766);
#16766 = CARTESIAN_POINT('',(194.3,-132.25,0.));
#16767 = LINE('',#16768,#16769);
#16768 = CARTESIAN_POINT('',(97.15,-132.25,0.));
#16769 = VECTOR('',#16770,1.);
#16770 = DIRECTION('',(-1.,0.,0.));
#16771 = ORIENTED_EDGE('',*,*,#16772,.T.);
#16772 = EDGE_CURVE('',#16765,#16773,#16775,.T.);
#16773 = VERTEX_POINT('',#16774);
#16774 = CARTESIAN_POINT('',(194.3,-131.25,0.));
#16775 = CIRCLE('',#16776,0.5);
#16776 = AXIS2_PLACEMENT_3D('',#16777,#16778,#16779);
#16777 = CARTESIAN_POINT('',(194.3,-131.75,0.));
#16778 = DIRECTION('',(-0.,0.,-1.));
#16779 = DIRECTION('',(0.,1.,0.));
#16780 = ORIENTED_EDGE('',*,*,#16781,.T.);
#16781 = EDGE_CURVE('',#16773,#16754,#16782,.T.);
#16782 = LINE('',#16783,#16784);
#16783 = CARTESIAN_POINT('',(97.35,-131.25,0.));
#16784 = VECTOR('',#16785,1.);
#16785 = DIRECTION('',(1.,0.,-0.));
#16786 = FACE_BOUND('',#16787,.F.);
#16787 = EDGE_LOOP('',(#16788));
#16788 = ORIENTED_EDGE('',*,*,#16789,.T.);
#16789 = EDGE_CURVE('',#16790,#16790,#16792,.T.);
#16790 = VERTEX_POINT('',#16791);
#16791 = CARTESIAN_POINT('',(179.33,-124.99,0.));
#16792 = CIRCLE('',#16793,0.5);
#16793 = AXIS2_PLACEMENT_3D('',#16794,#16795,#16796);
#16794 = CARTESIAN_POINT('',(179.33,-124.49,0.));
#16795 = DIRECTION('',(-0.,0.,-1.));
#16796 = DIRECTION('',(-0.,-1.,0.));
#16797 = FACE_BOUND('',#16798,.F.);
#16798 = EDGE_LOOP('',(#16799));
#16799 = ORIENTED_EDGE('',*,*,#16800,.T.);
#16800 = EDGE_CURVE('',#16801,#16801,#16803,.T.);
#16801 = VERTEX_POINT('',#16802);
#16802 = CARTESIAN_POINT('',(179.33,-122.45,0.));
#16803 = CIRCLE('',#16804,0.5);
#16804 = AXIS2_PLACEMENT_3D('',#16805,#16806,#16807);
#16805 = CARTESIAN_POINT('',(179.33,-121.95,0.));
#16806 = DIRECTION('',(-0.,0.,-1.));
#16807 = DIRECTION('',(-0.,-1.,0.));
#16808 = FACE_BOUND('',#16809,.F.);
#16809 = EDGE_LOOP('',(#16810));
#16810 = ORIENTED_EDGE('',*,*,#16811,.T.);
#16811 = EDGE_CURVE('',#16812,#16812,#16814,.T.);
#16812 = VERTEX_POINT('',#16813);
#16813 = CARTESIAN_POINT('',(179.33,-119.91,0.));
#16814 = CIRCLE('',#16815,0.5);
#16815 = AXIS2_PLACEMENT_3D('',#16816,#16817,#16818);
#16816 = CARTESIAN_POINT('',(179.33,-119.41,0.));
#16817 = DIRECTION('',(-0.,0.,-1.));
#16818 = DIRECTION('',(-0.,-1.,0.));
#16819 = FACE_BOUND('',#16820,.F.);
#16820 = EDGE_LOOP('',(#16821));
#16821 = ORIENTED_EDGE('',*,*,#16822,.T.);
#16822 = EDGE_CURVE('',#16823,#16823,#16825,.T.);
#16823 = VERTEX_POINT('',#16824);
#16824 = CARTESIAN_POINT('',(161.55,-117.37,0.));
#16825 = CIRCLE('',#16826,0.5);
#16826 = AXIS2_PLACEMENT_3D('',#16827,#16828,#16829);
#16827 = CARTESIAN_POINT('',(161.55,-116.87,0.));
#16828 = DIRECTION('',(-0.,0.,-1.));
#16829 = DIRECTION('',(-0.,-1.,0.));
#16830 = FACE_BOUND('',#16831,.F.);
#16831 = EDGE_LOOP('',(#16832));
#16832 = ORIENTED_EDGE('',*,*,#16833,.T.);
#16833 = EDGE_CURVE('',#16834,#16834,#16836,.T.);
#16834 = VERTEX_POINT('',#16835);
#16835 = CARTESIAN_POINT('',(161.55,-114.83,0.));
#16836 = CIRCLE('',#16837,0.5);
#16837 = AXIS2_PLACEMENT_3D('',#16838,#16839,#16840);
#16838 = CARTESIAN_POINT('',(161.55,-114.33,0.));
#16839 = DIRECTION('',(-0.,0.,-1.));
#16840 = DIRECTION('',(-0.,-1.,0.));
#16841 = FACE_BOUND('',#16842,.F.);
#16842 = EDGE_LOOP('',(#16843));
#16843 = ORIENTED_EDGE('',*,*,#16844,.T.);
#16844 = EDGE_CURVE('',#16845,#16845,#16847,.T.);
#16845 = VERTEX_POINT('',#16846);
#16846 = CARTESIAN_POINT('',(161.55,-112.29,0.));
#16847 = CIRCLE('',#16848,0.5);
#16848 = AXIS2_PLACEMENT_3D('',#16849,#16850,#16851);
#16849 = CARTESIAN_POINT('',(161.55,-111.79,0.));
#16850 = DIRECTION('',(-0.,0.,-1.));
#16851 = DIRECTION('',(-0.,-1.,0.));
#16852 = FACE_BOUND('',#16853,.F.);
#16853 = EDGE_LOOP('',(#16854));
#16854 = ORIENTED_EDGE('',*,*,#16855,.T.);
#16855 = EDGE_CURVE('',#16856,#16856,#16858,.T.);
#16856 = VERTEX_POINT('',#16857);
#16857 = CARTESIAN_POINT('',(161.55,-109.75,0.));
#16858 = CIRCLE('',#16859,0.5);
#16859 = AXIS2_PLACEMENT_3D('',#16860,#16861,#16862);
#16860 = CARTESIAN_POINT('',(161.55,-109.25,0.));
#16861 = DIRECTION('',(-0.,0.,-1.));
#16862 = DIRECTION('',(-0.,-1.,0.));
#16863 = FACE_BOUND('',#16864,.F.);
#16864 = EDGE_LOOP('',(#16865));
#16865 = ORIENTED_EDGE('',*,*,#16866,.T.);
#16866 = EDGE_CURVE('',#16867,#16867,#16869,.T.);
#16867 = VERTEX_POINT('',#16868);
#16868 = CARTESIAN_POINT('',(161.55,-107.21,0.));
#16869 = CIRCLE('',#16870,0.5);
#16870 = AXIS2_PLACEMENT_3D('',#16871,#16872,#16873);
#16871 = CARTESIAN_POINT('',(161.55,-106.71,0.));
#16872 = DIRECTION('',(-0.,0.,-1.));
#16873 = DIRECTION('',(-0.,-1.,0.));
#16874 = FACE_BOUND('',#16875,.F.);
#16875 = EDGE_LOOP('',(#16876));
#16876 = ORIENTED_EDGE('',*,*,#16877,.T.);
#16877 = EDGE_CURVE('',#16878,#16878,#16880,.T.);
#16878 = VERTEX_POINT('',#16879);
#16879 = CARTESIAN_POINT('',(179.33,-117.37,0.));
#16880 = CIRCLE('',#16881,0.5);
#16881 = AXIS2_PLACEMENT_3D('',#16882,#16883,#16884);
#16882 = CARTESIAN_POINT('',(179.33,-116.87,0.));
#16883 = DIRECTION('',(-0.,0.,-1.));
#16884 = DIRECTION('',(-0.,-1.,0.));
#16885 = FACE_BOUND('',#16886,.F.);
#16886 = EDGE_LOOP('',(#16887));
#16887 = ORIENTED_EDGE('',*,*,#16888,.T.);
#16888 = EDGE_CURVE('',#16889,#16889,#16891,.T.);
#16889 = VERTEX_POINT('',#16890);
#16890 = CARTESIAN_POINT('',(179.33,-114.83,0.));
#16891 = CIRCLE('',#16892,0.5);
#16892 = AXIS2_PLACEMENT_3D('',#16893,#16894,#16895);
#16893 = CARTESIAN_POINT('',(179.33,-114.33,0.));
#16894 = DIRECTION('',(-0.,0.,-1.));
#16895 = DIRECTION('',(-0.,-1.,0.));
#16896 = FACE_BOUND('',#16897,.F.);
#16897 = EDGE_LOOP('',(#16898));
#16898 = ORIENTED_EDGE('',*,*,#16899,.T.);
#16899 = EDGE_CURVE('',#16900,#16900,#16902,.T.);
#16900 = VERTEX_POINT('',#16901);
#16901 = CARTESIAN_POINT('',(179.33,-112.29,0.));
#16902 = CIRCLE('',#16903,0.5);
#16903 = AXIS2_PLACEMENT_3D('',#16904,#16905,#16906);
#16904 = CARTESIAN_POINT('',(179.33,-111.79,0.));
#16905 = DIRECTION('',(-0.,0.,-1.));
#16906 = DIRECTION('',(-0.,-1.,0.));
#16907 = FACE_BOUND('',#16908,.F.);
#16908 = EDGE_LOOP('',(#16909));
#16909 = ORIENTED_EDGE('',*,*,#16910,.T.);
#16910 = EDGE_CURVE('',#16911,#16911,#16913,.T.);
#16911 = VERTEX_POINT('',#16912);
#16912 = CARTESIAN_POINT('',(179.33,-109.75,0.));
#16913 = CIRCLE('',#16914,0.5);
#16914 = AXIS2_PLACEMENT_3D('',#16915,#16916,#16917);
#16915 = CARTESIAN_POINT('',(179.33,-109.25,0.));
#16916 = DIRECTION('',(-0.,0.,-1.));
#16917 = DIRECTION('',(-0.,-1.,0.));
#16918 = FACE_BOUND('',#16919,.F.);
#16919 = EDGE_LOOP('',(#16920));
#16920 = ORIENTED_EDGE('',*,*,#16921,.T.);
#16921 = EDGE_CURVE('',#16922,#16922,#16924,.T.);
#16922 = VERTEX_POINT('',#16923);
#16923 = CARTESIAN_POINT('',(179.33,-107.21,0.));
#16924 = CIRCLE('',#16925,0.5);
#16925 = AXIS2_PLACEMENT_3D('',#16926,#16927,#16928);
#16926 = CARTESIAN_POINT('',(179.33,-106.71,0.));
#16927 = DIRECTION('',(-0.,0.,-1.));
#16928 = DIRECTION('',(-0.,-1.,0.));
#16929 = FACE_BOUND('',#16930,.F.);
#16930 = EDGE_LOOP('',(#16931));
#16931 = ORIENTED_EDGE('',*,*,#16932,.T.);
#16932 = EDGE_CURVE('',#16933,#16933,#16935,.T.);
#16933 = VERTEX_POINT('',#16934);
#16934 = CARTESIAN_POINT('',(103.25,-105.25,0.));
#16935 = CIRCLE('',#16936,0.5);
#16936 = AXIS2_PLACEMENT_3D('',#16937,#16938,#16939);
#16937 = CARTESIAN_POINT('',(103.25,-104.75,0.));
#16938 = DIRECTION('',(-0.,0.,-1.));
#16939 = DIRECTION('',(-0.,-1.,0.));
#16940 = FACE_BOUND('',#16941,.F.);
#16941 = EDGE_LOOP('',(#16942));
#16942 = ORIENTED_EDGE('',*,*,#16943,.T.);
#16943 = EDGE_CURVE('',#16944,#16944,#16946,.T.);
#16944 = VERTEX_POINT('',#16945);
#16945 = CARTESIAN_POINT('',(105.79,-105.25,0.));
#16946 = CIRCLE('',#16947,0.5);
#16947 = AXIS2_PLACEMENT_3D('',#16948,#16949,#16950);
#16948 = CARTESIAN_POINT('',(105.79,-104.75,0.));
#16949 = DIRECTION('',(-0.,0.,-1.));
#16950 = DIRECTION('',(-0.,-1.,0.));
#16951 = FACE_BOUND('',#16952,.F.);
#16952 = EDGE_LOOP('',(#16953));
#16953 = ORIENTED_EDGE('',*,*,#16954,.T.);
#16954 = EDGE_CURVE('',#16955,#16955,#16957,.T.);
#16955 = VERTEX_POINT('',#16956);
#16956 = CARTESIAN_POINT('',(108.33,-105.25,0.));
#16957 = CIRCLE('',#16958,0.5);
#16958 = AXIS2_PLACEMENT_3D('',#16959,#16960,#16961);
#16959 = CARTESIAN_POINT('',(108.33,-104.75,0.));
#16960 = DIRECTION('',(-0.,0.,-1.));
#16961 = DIRECTION('',(-0.,-1.,0.));
#16962 = FACE_BOUND('',#16963,.F.);
#16963 = EDGE_LOOP('',(#16964));
#16964 = ORIENTED_EDGE('',*,*,#16965,.T.);
#16965 = EDGE_CURVE('',#16966,#16966,#16968,.T.);
#16966 = VERTEX_POINT('',#16967);
#16967 = CARTESIAN_POINT('',(110.87,-105.25,0.));
#16968 = CIRCLE('',#16969,0.5);
#16969 = AXIS2_PLACEMENT_3D('',#16970,#16971,#16972);
#16970 = CARTESIAN_POINT('',(110.87,-104.75,0.));
#16971 = DIRECTION('',(-0.,0.,-1.));
#16972 = DIRECTION('',(-0.,-1.,0.));
#16973 = FACE_BOUND('',#16974,.F.);
#16974 = EDGE_LOOP('',(#16975));
#16975 = ORIENTED_EDGE('',*,*,#16976,.T.);
#16976 = EDGE_CURVE('',#16977,#16977,#16979,.T.);
#16977 = VERTEX_POINT('',#16978);
#16978 = CARTESIAN_POINT('',(133.,-105.25,0.));
#16979 = CIRCLE('',#16980,0.5);
#16980 = AXIS2_PLACEMENT_3D('',#16981,#16982,#16983);
#16981 = CARTESIAN_POINT('',(133.,-104.75,0.));
#16982 = DIRECTION('',(-0.,0.,-1.));
#16983 = DIRECTION('',(-0.,-1.,0.));
#16984 = FACE_BOUND('',#16985,.F.);
#16985 = EDGE_LOOP('',(#16986));
#16986 = ORIENTED_EDGE('',*,*,#16987,.T.);
#16987 = EDGE_CURVE('',#16988,#16988,#16990,.T.);
#16988 = VERTEX_POINT('',#16989);
#16989 = CARTESIAN_POINT('',(135.54,-105.25,0.));
#16990 = CIRCLE('',#16991,0.5);
#16991 = AXIS2_PLACEMENT_3D('',#16992,#16993,#16994);
#16992 = CARTESIAN_POINT('',(135.54,-104.75,0.));
#16993 = DIRECTION('',(-0.,0.,-1.));
#16994 = DIRECTION('',(-0.,-1.,0.));
#16995 = FACE_BOUND('',#16996,.F.);
#16996 = EDGE_LOOP('',(#16997));
#16997 = ORIENTED_EDGE('',*,*,#16998,.T.);
#16998 = EDGE_CURVE('',#16999,#16999,#17001,.T.);
#16999 = VERTEX_POINT('',#17000);
#17000 = CARTESIAN_POINT('',(138.08,-105.25,0.));
#17001 = CIRCLE('',#17002,0.5);
#17002 = AXIS2_PLACEMENT_3D('',#17003,#17004,#17005);
#17003 = CARTESIAN_POINT('',(138.08,-104.75,0.));
#17004 = DIRECTION('',(-0.,0.,-1.));
#17005 = DIRECTION('',(-0.,-1.,0.));
#17006 = FACE_BOUND('',#17007,.F.);
#17007 = EDGE_LOOP('',(#17008));
#17008 = ORIENTED_EDGE('',*,*,#17009,.T.);
#17009 = EDGE_CURVE('',#17010,#17010,#17012,.T.);
#17010 = VERTEX_POINT('',#17011);
#17011 = CARTESIAN_POINT('',(140.62,-105.25,0.));
#17012 = CIRCLE('',#17013,0.5);
#17013 = AXIS2_PLACEMENT_3D('',#17014,#17015,#17016);
#17014 = CARTESIAN_POINT('',(140.62,-104.75,0.));
#17015 = DIRECTION('',(-0.,0.,-1.));
#17016 = DIRECTION('',(-0.,-1.,0.));
#17017 = FACE_BOUND('',#17018,.F.);
#17018 = EDGE_LOOP('',(#17019));
#17019 = ORIENTED_EDGE('',*,*,#17020,.T.);
#17020 = EDGE_CURVE('',#17021,#17021,#17023,.T.);
#17021 = VERTEX_POINT('',#17022);
#17022 = CARTESIAN_POINT('',(161.55,-104.67,0.));
#17023 = CIRCLE('',#17024,0.5);
#17024 = AXIS2_PLACEMENT_3D('',#17025,#17026,#17027);
#17025 = CARTESIAN_POINT('',(161.55,-104.17,0.));
#17026 = DIRECTION('',(-0.,0.,-1.));
#17027 = DIRECTION('',(-0.,-1.,0.));
#17028 = FACE_BOUND('',#17029,.F.);
#17029 = EDGE_LOOP('',(#17030));
#17030 = ORIENTED_EDGE('',*,*,#17031,.T.);
#17031 = EDGE_CURVE('',#17032,#17032,#17034,.T.);
#17032 = VERTEX_POINT('',#17033);
#17033 = CARTESIAN_POINT('',(161.55,-102.13,0.));
#17034 = CIRCLE('',#17035,0.5);
#17035 = AXIS2_PLACEMENT_3D('',#17036,#17037,#17038);
#17036 = CARTESIAN_POINT('',(161.55,-101.63,0.));
#17037 = DIRECTION('',(-0.,0.,-1.));
#17038 = DIRECTION('',(-0.,-1.,0.));
#17039 = FACE_BOUND('',#17040,.F.);
#17040 = EDGE_LOOP('',(#17041));
#17041 = ORIENTED_EDGE('',*,*,#17042,.T.);
#17042 = EDGE_CURVE('',#17043,#17043,#17045,.T.);
#17043 = VERTEX_POINT('',#17044);
#17044 = CARTESIAN_POINT('',(161.55,-99.59,0.));
#17045 = CIRCLE('',#17046,0.5);
#17046 = AXIS2_PLACEMENT_3D('',#17047,#17048,#17049);
#17047 = CARTESIAN_POINT('',(161.55,-99.09,0.));
#17048 = DIRECTION('',(-0.,0.,-1.));
#17049 = DIRECTION('',(-0.,-1.,0.));
#17050 = FACE_BOUND('',#17051,.F.);
#17051 = EDGE_LOOP('',(#17052));
#17052 = ORIENTED_EDGE('',*,*,#17053,.T.);
#17053 = EDGE_CURVE('',#17054,#17054,#17056,.T.);
#17054 = VERTEX_POINT('',#17055);
#17055 = CARTESIAN_POINT('',(161.55,-97.05,0.));
#17056 = CIRCLE('',#17057,0.5);
#17057 = AXIS2_PLACEMENT_3D('',#17058,#17059,#17060);
#17058 = CARTESIAN_POINT('',(161.55,-96.55,0.));
#17059 = DIRECTION('',(-0.,0.,-1.));
#17060 = DIRECTION('',(-0.,-1.,0.));
#17061 = FACE_BOUND('',#17062,.F.);
#17062 = EDGE_LOOP('',(#17063));
#17063 = ORIENTED_EDGE('',*,*,#17064,.T.);
#17064 = EDGE_CURVE('',#17065,#17065,#17067,.T.);
#17065 = VERTEX_POINT('',#17066);
#17066 = CARTESIAN_POINT('',(161.55,-94.51,0.));
#17067 = CIRCLE('',#17068,0.5);
#17068 = AXIS2_PLACEMENT_3D('',#17069,#17070,#17071);
#17069 = CARTESIAN_POINT('',(161.55,-94.01,0.));
#17070 = DIRECTION('',(-0.,0.,-1.));
#17071 = DIRECTION('',(-0.,-1.,0.));
#17072 = FACE_BOUND('',#17073,.F.);
#17073 = EDGE_LOOP('',(#17074));
#17074 = ORIENTED_EDGE('',*,*,#17075,.T.);
#17075 = EDGE_CURVE('',#17076,#17076,#17078,.T.);
#17076 = VERTEX_POINT('',#17077);
#17077 = CARTESIAN_POINT('',(179.33,-104.67,0.));
#17078 = CIRCLE('',#17079,0.5);
#17079 = AXIS2_PLACEMENT_3D('',#17080,#17081,#17082);
#17080 = CARTESIAN_POINT('',(179.33,-104.17,0.));
#17081 = DIRECTION('',(-0.,0.,-1.));
#17082 = DIRECTION('',(-0.,-1.,0.));
#17083 = FACE_BOUND('',#17084,.F.);
#17084 = EDGE_LOOP('',(#17085));
#17085 = ORIENTED_EDGE('',*,*,#17086,.T.);
#17086 = EDGE_CURVE('',#17087,#17087,#17089,.T.);
#17087 = VERTEX_POINT('',#17088);
#17088 = CARTESIAN_POINT('',(179.33,-102.13,0.));
#17089 = CIRCLE('',#17090,0.5);
#17090 = AXIS2_PLACEMENT_3D('',#17091,#17092,#17093);
#17091 = CARTESIAN_POINT('',(179.33,-101.63,0.));
#17092 = DIRECTION('',(-0.,0.,-1.));
#17093 = DIRECTION('',(-0.,-1.,0.));
#17094 = FACE_BOUND('',#17095,.F.);
#17095 = EDGE_LOOP('',(#17096));
#17096 = ORIENTED_EDGE('',*,*,#17097,.T.);
#17097 = EDGE_CURVE('',#17098,#17098,#17100,.T.);
#17098 = VERTEX_POINT('',#17099);
#17099 = CARTESIAN_POINT('',(179.33,-99.59,0.));
#17100 = CIRCLE('',#17101,0.5);
#17101 = AXIS2_PLACEMENT_3D('',#17102,#17103,#17104);
#17102 = CARTESIAN_POINT('',(179.33,-99.09,0.));
#17103 = DIRECTION('',(-0.,0.,-1.));
#17104 = DIRECTION('',(-0.,-1.,0.));
#17105 = FACE_BOUND('',#17106,.F.);
#17106 = EDGE_LOOP('',(#17107));
#17107 = ORIENTED_EDGE('',*,*,#17108,.T.);
#17108 = EDGE_CURVE('',#17109,#17109,#17111,.T.);
#17109 = VERTEX_POINT('',#17110);
#17110 = CARTESIAN_POINT('',(179.33,-97.05,0.));
#17111 = CIRCLE('',#17112,0.5);
#17112 = AXIS2_PLACEMENT_3D('',#17113,#17114,#17115);
#17113 = CARTESIAN_POINT('',(179.33,-96.55,0.));
#17114 = DIRECTION('',(-0.,0.,-1.));
#17115 = DIRECTION('',(-0.,-1.,0.));
#17116 = FACE_BOUND('',#17117,.F.);
#17117 = EDGE_LOOP('',(#17118));
#17118 = ORIENTED_EDGE('',*,*,#17119,.T.);
#17119 = EDGE_CURVE('',#17120,#17120,#17122,.T.);
#17120 = VERTEX_POINT('',#17121);
#17121 = CARTESIAN_POINT('',(179.33,-94.51,0.));
#17122 = CIRCLE('',#17123,0.5);
#17123 = AXIS2_PLACEMENT_3D('',#17124,#17125,#17126);
#17124 = CARTESIAN_POINT('',(179.33,-94.01,0.));
#17125 = DIRECTION('',(-0.,0.,-1.));
#17126 = DIRECTION('',(-0.,-1.,0.));
#17127 = FACE_BOUND('',#17128,.F.);
#17128 = EDGE_LOOP('',(#17129,#17140,#17148,#17157));
#17129 = ORIENTED_EDGE('',*,*,#17130,.T.);
#17130 = EDGE_CURVE('',#17131,#17133,#17135,.T.);
#17131 = VERTEX_POINT('',#17132);
#17132 = CARTESIAN_POINT('',(194.7,-94.25,0.));
#17133 = VERTEX_POINT('',#17134);
#17134 = CARTESIAN_POINT('',(194.7,-95.25,0.));
#17135 = CIRCLE('',#17136,0.5);
#17136 = AXIS2_PLACEMENT_3D('',#17137,#17138,#17139);
#17137 = CARTESIAN_POINT('',(194.7,-94.75,0.));
#17138 = DIRECTION('',(-0.,0.,-1.));
#17139 = DIRECTION('',(-0.,-1.,0.));
#17140 = ORIENTED_EDGE('',*,*,#17141,.T.);
#17141 = EDGE_CURVE('',#17133,#17142,#17144,.T.);
#17142 = VERTEX_POINT('',#17143);
#17143 = CARTESIAN_POINT('',(194.3,-95.25,0.));
#17144 = LINE('',#17145,#17146);
#17145 = CARTESIAN_POINT('',(97.15,-95.25,0.));
#17146 = VECTOR('',#17147,1.);
#17147 = DIRECTION('',(-1.,0.,0.));
#17148 = ORIENTED_EDGE('',*,*,#17149,.T.);
#17149 = EDGE_CURVE('',#17142,#17150,#17152,.T.);
#17150 = VERTEX_POINT('',#17151);
#17151 = CARTESIAN_POINT('',(194.3,-94.25,0.));
#17152 = CIRCLE('',#17153,0.5);
#17153 = AXIS2_PLACEMENT_3D('',#17154,#17155,#17156);
#17154 = CARTESIAN_POINT('',(194.3,-94.75,0.));
#17155 = DIRECTION('',(-0.,0.,-1.));
#17156 = DIRECTION('',(0.,1.,0.));
#17157 = ORIENTED_EDGE('',*,*,#17158,.T.);
#17158 = EDGE_CURVE('',#17150,#17131,#17159,.T.);
#17159 = LINE('',#17160,#17161);
#17160 = CARTESIAN_POINT('',(97.35,-94.25,0.));
#17161 = VECTOR('',#17162,1.);
#17162 = DIRECTION('',(1.,0.,-0.));
#17163 = FACE_BOUND('',#17164,.F.);
#17164 = EDGE_LOOP('',(#17165));
#17165 = ORIENTED_EDGE('',*,*,#17166,.T.);
#17166 = EDGE_CURVE('',#17167,#17167,#17169,.T.);
#17167 = VERTEX_POINT('',#17168);
#17168 = CARTESIAN_POINT('',(161.55,-91.97,0.));
#17169 = CIRCLE('',#17170,0.5);
#17170 = AXIS2_PLACEMENT_3D('',#17171,#17172,#17173);
#17171 = CARTESIAN_POINT('',(161.55,-91.47,0.));
#17172 = DIRECTION('',(-0.,0.,-1.));
#17173 = DIRECTION('',(-0.,-1.,0.));
#17174 = FACE_BOUND('',#17175,.F.);
#17175 = EDGE_LOOP('',(#17176));
#17176 = ORIENTED_EDGE('',*,*,#17177,.T.);
#17177 = EDGE_CURVE('',#17178,#17178,#17180,.T.);
#17178 = VERTEX_POINT('',#17179);
#17179 = CARTESIAN_POINT('',(161.55,-89.43,0.));
#17180 = CIRCLE('',#17181,0.5);
#17181 = AXIS2_PLACEMENT_3D('',#17182,#17183,#17184);
#17182 = CARTESIAN_POINT('',(161.55,-88.93,0.));
#17183 = DIRECTION('',(-0.,0.,-1.));
#17184 = DIRECTION('',(-0.,-1.,0.));
#17185 = FACE_BOUND('',#17186,.F.);
#17186 = EDGE_LOOP('',(#17187));
#17187 = ORIENTED_EDGE('',*,*,#17188,.T.);
#17188 = EDGE_CURVE('',#17189,#17189,#17191,.T.);
#17189 = VERTEX_POINT('',#17190);
#17190 = CARTESIAN_POINT('',(161.55,-86.89,0.));
#17191 = CIRCLE('',#17192,0.5);
#17192 = AXIS2_PLACEMENT_3D('',#17193,#17194,#17195);
#17193 = CARTESIAN_POINT('',(161.55,-86.39,0.));
#17194 = DIRECTION('',(-0.,0.,-1.));
#17195 = DIRECTION('',(-0.,-1.,0.));
#17196 = FACE_BOUND('',#17197,.F.);
#17197 = EDGE_LOOP('',(#17198));
#17198 = ORIENTED_EDGE('',*,*,#17199,.T.);
#17199 = EDGE_CURVE('',#17200,#17200,#17202,.T.);
#17200 = VERTEX_POINT('',#17201);
#17201 = CARTESIAN_POINT('',(161.55,-84.35,0.));
#17202 = CIRCLE('',#17203,0.5);
#17203 = AXIS2_PLACEMENT_3D('',#17204,#17205,#17206);
#17204 = CARTESIAN_POINT('',(161.55,-83.85,0.));
#17205 = DIRECTION('',(-0.,0.,-1.));
#17206 = DIRECTION('',(-0.,-1.,0.));
#17207 = FACE_BOUND('',#17208,.F.);
#17208 = EDGE_LOOP('',(#17209));
#17209 = ORIENTED_EDGE('',*,*,#17210,.T.);
#17210 = EDGE_CURVE('',#17211,#17211,#17213,.T.);
#17211 = VERTEX_POINT('',#17212);
#17212 = CARTESIAN_POINT('',(161.55,-81.81,0.));
#17213 = CIRCLE('',#17214,0.5);
#17214 = AXIS2_PLACEMENT_3D('',#17215,#17216,#17217);
#17215 = CARTESIAN_POINT('',(161.55,-81.31,0.));
#17216 = DIRECTION('',(-0.,0.,-1.));
#17217 = DIRECTION('',(-0.,-1.,0.));
#17218 = FACE_BOUND('',#17219,.F.);
#17219 = EDGE_LOOP('',(#17220));
#17220 = ORIENTED_EDGE('',*,*,#17221,.T.);
#17221 = EDGE_CURVE('',#17222,#17222,#17224,.T.);
#17222 = VERTEX_POINT('',#17223);
#17223 = CARTESIAN_POINT('',(168.015,-85.395,0.));
#17224 = CIRCLE('',#17225,0.925);
#17225 = AXIS2_PLACEMENT_3D('',#17226,#17227,#17228);
#17226 = CARTESIAN_POINT('',(168.015,-84.47,0.));
#17227 = DIRECTION('',(-0.,0.,-1.));
#17228 = DIRECTION('',(-0.,-1.,0.));
#17229 = FACE_BOUND('',#17230,.F.);
#17230 = EDGE_LOOP('',(#17231));
#17231 = ORIENTED_EDGE('',*,*,#17232,.T.);
#17232 = EDGE_CURVE('',#17233,#17233,#17235,.T.);
#17233 = VERTEX_POINT('',#17234);
#17234 = CARTESIAN_POINT('',(172.865,-85.395,0.));
#17235 = CIRCLE('',#17236,0.925);
#17236 = AXIS2_PLACEMENT_3D('',#17237,#17238,#17239);
#17237 = CARTESIAN_POINT('',(172.865,-84.47,0.));
#17238 = DIRECTION('',(-0.,0.,-1.));
#17239 = DIRECTION('',(-0.,-1.,0.));
#17240 = FACE_BOUND('',#17241,.F.);
#17241 = EDGE_LOOP('',(#17242));
#17242 = ORIENTED_EDGE('',*,*,#17243,.T.);
#17243 = EDGE_CURVE('',#17244,#17244,#17246,.T.);
#17244 = VERTEX_POINT('',#17245);
#17245 = CARTESIAN_POINT('',(167.715,-82.54,0.));
#17246 = CIRCLE('',#17247,1.1);
#17247 = AXIS2_PLACEMENT_3D('',#17248,#17249,#17250);
#17248 = CARTESIAN_POINT('',(167.715,-81.44,0.));
#17249 = DIRECTION('',(-0.,0.,-1.));
#17250 = DIRECTION('',(-0.,-1.,0.));
#17251 = FACE_BOUND('',#17252,.F.);
#17252 = EDGE_LOOP('',(#17253));
#17253 = ORIENTED_EDGE('',*,*,#17254,.T.);
#17254 = EDGE_CURVE('',#17255,#17255,#17257,.T.);
#17255 = VERTEX_POINT('',#17256);
#17256 = CARTESIAN_POINT('',(173.165,-82.54,0.));
#17257 = CIRCLE('',#17258,1.1);
#17258 = AXIS2_PLACEMENT_3D('',#17259,#17260,#17261);
#17259 = CARTESIAN_POINT('',(173.165,-81.44,0.));
#17260 = DIRECTION('',(-0.,0.,-1.));
#17261 = DIRECTION('',(-0.,-1.,0.));
#17262 = FACE_BOUND('',#17263,.F.);
#17263 = EDGE_LOOP('',(#17264));
#17264 = ORIENTED_EDGE('',*,*,#17265,.T.);
#17265 = EDGE_CURVE('',#17266,#17266,#17268,.T.);
#17266 = VERTEX_POINT('',#17267);
#17267 = CARTESIAN_POINT('',(179.33,-91.97,0.));
#17268 = CIRCLE('',#17269,0.5);
#17269 = AXIS2_PLACEMENT_3D('',#17270,#17271,#17272);
#17270 = CARTESIAN_POINT('',(179.33,-91.47,0.));
#17271 = DIRECTION('',(-0.,0.,-1.));
#17272 = DIRECTION('',(-0.,-1.,0.));
#17273 = FACE_BOUND('',#17274,.F.);
#17274 = EDGE_LOOP('',(#17275));
#17275 = ORIENTED_EDGE('',*,*,#17276,.T.);
#17276 = EDGE_CURVE('',#17277,#17277,#17279,.T.);
#17277 = VERTEX_POINT('',#17278);
#17278 = CARTESIAN_POINT('',(179.33,-89.43,0.));
#17279 = CIRCLE('',#17280,0.5);
#17280 = AXIS2_PLACEMENT_3D('',#17281,#17282,#17283);
#17281 = CARTESIAN_POINT('',(179.33,-88.93,0.));
#17282 = DIRECTION('',(-0.,0.,-1.));
#17283 = DIRECTION('',(-0.,-1.,0.));
#17284 = FACE_BOUND('',#17285,.F.);
#17285 = EDGE_LOOP('',(#17286));
#17286 = ORIENTED_EDGE('',*,*,#17287,.T.);
#17287 = EDGE_CURVE('',#17288,#17288,#17290,.T.);
#17288 = VERTEX_POINT('',#17289);
#17289 = CARTESIAN_POINT('',(193.67,-88.13,0.));
#17290 = CIRCLE('',#17291,0.3);
#17291 = AXIS2_PLACEMENT_3D('',#17292,#17293,#17294);
#17292 = CARTESIAN_POINT('',(193.67,-87.83,0.));
#17293 = DIRECTION('',(-0.,0.,-1.));
#17294 = DIRECTION('',(-9.473903143468E-14,-1.,0.));
#17295 = FACE_BOUND('',#17296,.F.);
#17296 = EDGE_LOOP('',(#17297));
#17297 = ORIENTED_EDGE('',*,*,#17298,.T.);
#17298 = EDGE_CURVE('',#17299,#17299,#17301,.T.);
#17299 = VERTEX_POINT('',#17300);
#17300 = CARTESIAN_POINT('',(198.75,-88.13,0.));
#17301 = CIRCLE('',#17302,0.3);
#17302 = AXIS2_PLACEMENT_3D('',#17303,#17304,#17305);
#17303 = CARTESIAN_POINT('',(198.75,-87.83,0.));
#17304 = DIRECTION('',(-0.,0.,-1.));
#17305 = DIRECTION('',(-0.,-1.,0.));
#17306 = FACE_BOUND('',#17307,.F.);
#17307 = EDGE_LOOP('',(#17308));
#17308 = ORIENTED_EDGE('',*,*,#17309,.T.);
#17309 = EDGE_CURVE('',#17310,#17310,#17312,.T.);
#17310 = VERTEX_POINT('',#17311);
#17311 = CARTESIAN_POINT('',(179.33,-86.89,0.));
#17312 = CIRCLE('',#17313,0.5);
#17313 = AXIS2_PLACEMENT_3D('',#17314,#17315,#17316);
#17314 = CARTESIAN_POINT('',(179.33,-86.39,0.));
#17315 = DIRECTION('',(-0.,0.,-1.));
#17316 = DIRECTION('',(-0.,-1.,0.));
#17317 = FACE_BOUND('',#17318,.F.);
#17318 = EDGE_LOOP('',(#17319));
#17319 = ORIENTED_EDGE('',*,*,#17320,.T.);
#17320 = EDGE_CURVE('',#17321,#17321,#17323,.T.);
#17321 = VERTEX_POINT('',#17322);
#17322 = CARTESIAN_POINT('',(179.33,-84.35,0.));
#17323 = CIRCLE('',#17324,0.5);
#17324 = AXIS2_PLACEMENT_3D('',#17325,#17326,#17327);
#17325 = CARTESIAN_POINT('',(179.33,-83.85,0.));
#17326 = DIRECTION('',(-0.,0.,-1.));
#17327 = DIRECTION('',(-0.,-1.,0.));
#17328 = FACE_BOUND('',#17329,.F.);
#17329 = EDGE_LOOP('',(#17330));
#17330 = ORIENTED_EDGE('',*,*,#17331,.T.);
#17331 = EDGE_CURVE('',#17332,#17332,#17334,.T.);
#17332 = VERTEX_POINT('',#17333);
#17333 = CARTESIAN_POINT('',(179.33,-81.81,0.));
#17334 = CIRCLE('',#17335,0.5);
#17335 = AXIS2_PLACEMENT_3D('',#17336,#17337,#17338);
#17336 = CARTESIAN_POINT('',(179.33,-81.31,0.));
#17337 = DIRECTION('',(-0.,0.,-1.));
#17338 = DIRECTION('',(-0.,-1.,0.));
#17339 = FACE_BOUND('',#17340,.F.);
#17340 = EDGE_LOOP('',(#17341));
#17341 = ORIENTED_EDGE('',*,*,#17342,.T.);
#17342 = EDGE_CURVE('',#17343,#17343,#17345,.T.);
#17343 = VERTEX_POINT('',#17344);
#17344 = CARTESIAN_POINT('',(198.75,-85.59,0.));
#17345 = CIRCLE('',#17346,0.3);
#17346 = AXIS2_PLACEMENT_3D('',#17347,#17348,#17349);
#17347 = CARTESIAN_POINT('',(198.75,-85.29,0.));
#17348 = DIRECTION('',(-0.,0.,-1.));
#17349 = DIRECTION('',(-0.,-1.,0.));
#17350 = FACE_BOUND('',#17351,.F.);
#17351 = EDGE_LOOP('',(#17352));
#17352 = ORIENTED_EDGE('',*,*,#17353,.T.);
#17353 = EDGE_CURVE('',#17354,#17354,#17356,.T.);
#17354 = VERTEX_POINT('',#17355);
#17355 = CARTESIAN_POINT('',(193.67,-83.05,0.));
#17356 = CIRCLE('',#17357,0.3);
#17357 = AXIS2_PLACEMENT_3D('',#17358,#17359,#17360);
#17358 = CARTESIAN_POINT('',(193.67,-82.75,0.));
#17359 = DIRECTION('',(-0.,0.,-1.));
#17360 = DIRECTION('',(-9.473903143469E-14,-1.,0.));
#17361 = FACE_BOUND('',#17362,.F.);
#17362 = EDGE_LOOP('',(#17363));
#17363 = ORIENTED_EDGE('',*,*,#17364,.T.);
#17364 = EDGE_CURVE('',#17365,#17365,#17367,.T.);
#17365 = VERTEX_POINT('',#17366);
#17366 = CARTESIAN_POINT('',(198.75,-83.05,0.));
#17367 = CIRCLE('',#17368,0.3);
#17368 = AXIS2_PLACEMENT_3D('',#17369,#17370,#17371);
#17369 = CARTESIAN_POINT('',(198.75,-82.75,0.));
#17370 = DIRECTION('',(-0.,0.,-1.));
#17371 = DIRECTION('',(-0.,-1.,0.));
#17372 = PLANE('',#17373);
#17373 = AXIS2_PLACEMENT_3D('',#17374,#17375,#17376);
#17374 = CARTESIAN_POINT('',(0.,0.,0.));
#17375 = DIRECTION('',(0.,0.,1.));
#17376 = DIRECTION('',(1.,0.,-0.));
#17377 = ADVANCED_FACE('',(#17378,#17389,#17400,#17411,#17422,#17433,
    #17444,#17455,#17466,#17477,#17488,#17499,#17510,#17521,#17532,
    #17543,#17554,#17590,#17601,#17612,#17623,#17634,#17645,#17656,
    #17667,#17678,#17689,#17700,#17711,#17722,#17733,#17744,#17755,
    #17766,#17777,#17788,#17799,#17810,#17821,#17832,#17843,#17854,
    #17865,#17876,#17887,#17898,#17909,#17920,#17931,#17967,#17978,
    #17989,#18000,#18011,#18022,#18033,#18044,#18055,#18066,#18077,
    #18088,#18099,#18110,#18121,#18132,#18143,#18154,#18165),#18176,.T.
  );
#17378 = FACE_BOUND('',#17379,.T.);
#17379 = EDGE_LOOP('',(#17380,#17381,#17382,#17388));
#17380 = ORIENTED_EDGE('',*,*,#16485,.F.);
#17381 = ORIENTED_EDGE('',*,*,#16525,.F.);
#17382 = ORIENTED_EDGE('',*,*,#17383,.F.);
#17383 = EDGE_CURVE('',#16548,#16518,#17384,.T.);
#17384 = LINE('',#17385,#17386);
#17385 = CARTESIAN_POINT('',(89.75,-77.,1.51));
#17386 = VECTOR('',#17387,1.);
#17387 = DIRECTION('',(1.,0.,0.));
#17388 = ORIENTED_EDGE('',*,*,#16547,.F.);
#17389 = FACE_BOUND('',#17390,.T.);
#17390 = EDGE_LOOP('',(#17391));
#17391 = ORIENTED_EDGE('',*,*,#17392,.T.);
#17392 = EDGE_CURVE('',#17393,#17393,#17395,.T.);
#17393 = VERTEX_POINT('',#17394);
#17394 = CARTESIAN_POINT('',(110.5,-124.25,1.51));
#17395 = CIRCLE('',#17396,0.5);
#17396 = AXIS2_PLACEMENT_3D('',#17397,#17398,#17399);
#17397 = CARTESIAN_POINT('',(110.5,-123.75,1.51));
#17398 = DIRECTION('',(-0.,0.,-1.));
#17399 = DIRECTION('',(-0.,-1.,0.));
#17400 = FACE_BOUND('',#17401,.T.);
#17401 = EDGE_LOOP('',(#17402));
#17402 = ORIENTED_EDGE('',*,*,#17403,.T.);
#17403 = EDGE_CURVE('',#17404,#17404,#17406,.T.);
#17404 = VERTEX_POINT('',#17405);
#17405 = CARTESIAN_POINT('',(110.5,-121.71,1.51));
#17406 = CIRCLE('',#17407,0.5);
#17407 = AXIS2_PLACEMENT_3D('',#17408,#17409,#17410);
#17408 = CARTESIAN_POINT('',(110.5,-121.21,1.51));
#17409 = DIRECTION('',(-0.,0.,-1.));
#17410 = DIRECTION('',(-0.,-1.,0.));
#17411 = FACE_BOUND('',#17412,.T.);
#17412 = EDGE_LOOP('',(#17413));
#17413 = ORIENTED_EDGE('',*,*,#17414,.T.);
#17414 = EDGE_CURVE('',#17415,#17415,#17417,.T.);
#17415 = VERTEX_POINT('',#17416);
#17416 = CARTESIAN_POINT('',(149.75,-126.,1.51));
#17417 = CIRCLE('',#17418,0.5);
#17418 = AXIS2_PLACEMENT_3D('',#17419,#17420,#17421);
#17419 = CARTESIAN_POINT('',(149.75,-125.5,1.51));
#17420 = DIRECTION('',(-0.,0.,-1.));
#17421 = DIRECTION('',(-0.,-1.,0.));
#17422 = FACE_BOUND('',#17423,.T.);
#17423 = EDGE_LOOP('',(#17424));
#17424 = ORIENTED_EDGE('',*,*,#17425,.T.);
#17425 = EDGE_CURVE('',#17426,#17426,#17428,.T.);
#17426 = VERTEX_POINT('',#17427);
#17427 = CARTESIAN_POINT('',(149.75,-123.46,1.51));
#17428 = CIRCLE('',#17429,0.5);
#17429 = AXIS2_PLACEMENT_3D('',#17430,#17431,#17432);
#17430 = CARTESIAN_POINT('',(149.75,-122.96,1.51));
#17431 = DIRECTION('',(-0.,0.,-1.));
#17432 = DIRECTION('',(-0.,-1.,0.));
#17433 = FACE_BOUND('',#17434,.T.);
#17434 = EDGE_LOOP('',(#17435));
#17435 = ORIENTED_EDGE('',*,*,#17436,.T.);
#17436 = EDGE_CURVE('',#17437,#17437,#17439,.T.);
#17437 = VERTEX_POINT('',#17438);
#17438 = CARTESIAN_POINT('',(149.75,-120.92,1.51));
#17439 = CIRCLE('',#17440,0.5);
#17440 = AXIS2_PLACEMENT_3D('',#17441,#17442,#17443);
#17441 = CARTESIAN_POINT('',(149.75,-120.42,1.51));
#17442 = DIRECTION('',(-0.,0.,-1.));
#17443 = DIRECTION('',(-0.,-1.,0.));
#17444 = FACE_BOUND('',#17445,.T.);
#17445 = EDGE_LOOP('',(#17446));
#17446 = ORIENTED_EDGE('',*,*,#17447,.T.);
#17447 = EDGE_CURVE('',#17448,#17448,#17450,.T.);
#17448 = VERTEX_POINT('',#17449);
#17449 = CARTESIAN_POINT('',(110.5,-119.17,1.51));
#17450 = CIRCLE('',#17451,0.5);
#17451 = AXIS2_PLACEMENT_3D('',#17452,#17453,#17454);
#17452 = CARTESIAN_POINT('',(110.5,-118.67,1.51));
#17453 = DIRECTION('',(-0.,0.,-1.));
#17454 = DIRECTION('',(-0.,-1.,0.));
#17455 = FACE_BOUND('',#17456,.T.);
#17456 = EDGE_LOOP('',(#17457));
#17457 = ORIENTED_EDGE('',*,*,#17458,.T.);
#17458 = EDGE_CURVE('',#17459,#17459,#17461,.T.);
#17459 = VERTEX_POINT('',#17460);
#17460 = CARTESIAN_POINT('',(110.5,-116.25,1.51));
#17461 = CIRCLE('',#17462,0.5);
#17462 = AXIS2_PLACEMENT_3D('',#17463,#17464,#17465);
#17463 = CARTESIAN_POINT('',(110.5,-115.75,1.51));
#17464 = DIRECTION('',(-0.,0.,-1.));
#17465 = DIRECTION('',(-0.,-1.,0.));
#17466 = FACE_BOUND('',#17467,.T.);
#17467 = EDGE_LOOP('',(#17468));
#17468 = ORIENTED_EDGE('',*,*,#17469,.T.);
#17469 = EDGE_CURVE('',#17470,#17470,#17472,.T.);
#17470 = VERTEX_POINT('',#17471);
#17471 = CARTESIAN_POINT('',(149.75,-118.38,1.51));
#17472 = CIRCLE('',#17473,0.5);
#17473 = AXIS2_PLACEMENT_3D('',#17474,#17475,#17476);
#17474 = CARTESIAN_POINT('',(149.75,-117.88,1.51));
#17475 = DIRECTION('',(-0.,0.,-1.));
#17476 = DIRECTION('',(-0.,-1.,0.));
#17477 = FACE_BOUND('',#17478,.T.);
#17478 = EDGE_LOOP('',(#17479));
#17479 = ORIENTED_EDGE('',*,*,#17480,.T.);
#17480 = EDGE_CURVE('',#17481,#17481,#17483,.T.);
#17481 = VERTEX_POINT('',#17482);
#17482 = CARTESIAN_POINT('',(161.55,-130.07,1.51));
#17483 = CIRCLE('',#17484,0.5);
#17484 = AXIS2_PLACEMENT_3D('',#17485,#17486,#17487);
#17485 = CARTESIAN_POINT('',(161.55,-129.57,1.51));
#17486 = DIRECTION('',(-0.,0.,-1.));
#17487 = DIRECTION('',(-0.,-1.,0.));
#17488 = FACE_BOUND('',#17489,.T.);
#17489 = EDGE_LOOP('',(#17490));
#17490 = ORIENTED_EDGE('',*,*,#17491,.T.);
#17491 = EDGE_CURVE('',#17492,#17492,#17494,.T.);
#17492 = VERTEX_POINT('',#17493);
#17493 = CARTESIAN_POINT('',(161.55,-127.53,1.51));
#17494 = CIRCLE('',#17495,0.5);
#17495 = AXIS2_PLACEMENT_3D('',#17496,#17497,#17498);
#17496 = CARTESIAN_POINT('',(161.55,-127.03,1.51));
#17497 = DIRECTION('',(-0.,0.,-1.));
#17498 = DIRECTION('',(-0.,-1.,0.));
#17499 = FACE_BOUND('',#17500,.T.);
#17500 = EDGE_LOOP('',(#17501));
#17501 = ORIENTED_EDGE('',*,*,#17502,.T.);
#17502 = EDGE_CURVE('',#17503,#17503,#17505,.T.);
#17503 = VERTEX_POINT('',#17504);
#17504 = CARTESIAN_POINT('',(161.55,-124.99,1.51));
#17505 = CIRCLE('',#17506,0.5);
#17506 = AXIS2_PLACEMENT_3D('',#17507,#17508,#17509);
#17507 = CARTESIAN_POINT('',(161.55,-124.49,1.51));
#17508 = DIRECTION('',(-0.,0.,-1.));
#17509 = DIRECTION('',(-0.,-1.,0.));
#17510 = FACE_BOUND('',#17511,.T.);
#17511 = EDGE_LOOP('',(#17512));
#17512 = ORIENTED_EDGE('',*,*,#17513,.T.);
#17513 = EDGE_CURVE('',#17514,#17514,#17516,.T.);
#17514 = VERTEX_POINT('',#17515);
#17515 = CARTESIAN_POINT('',(161.55,-122.45,1.51));
#17516 = CIRCLE('',#17517,0.5);
#17517 = AXIS2_PLACEMENT_3D('',#17518,#17519,#17520);
#17518 = CARTESIAN_POINT('',(161.55,-121.95,1.51));
#17519 = DIRECTION('',(-0.,0.,-1.));
#17520 = DIRECTION('',(-0.,-1.,0.));
#17521 = FACE_BOUND('',#17522,.T.);
#17522 = EDGE_LOOP('',(#17523));
#17523 = ORIENTED_EDGE('',*,*,#17524,.T.);
#17524 = EDGE_CURVE('',#17525,#17525,#17527,.T.);
#17525 = VERTEX_POINT('',#17526);
#17526 = CARTESIAN_POINT('',(161.55,-119.91,1.51));
#17527 = CIRCLE('',#17528,0.5);
#17528 = AXIS2_PLACEMENT_3D('',#17529,#17530,#17531);
#17529 = CARTESIAN_POINT('',(161.55,-119.41,1.51));
#17530 = DIRECTION('',(-0.,0.,-1.));
#17531 = DIRECTION('',(-0.,-1.,0.));
#17532 = FACE_BOUND('',#17533,.T.);
#17533 = EDGE_LOOP('',(#17534));
#17534 = ORIENTED_EDGE('',*,*,#17535,.T.);
#17535 = EDGE_CURVE('',#17536,#17536,#17538,.T.);
#17536 = VERTEX_POINT('',#17537);
#17537 = CARTESIAN_POINT('',(179.33,-130.07,1.51));
#17538 = CIRCLE('',#17539,0.5);
#17539 = AXIS2_PLACEMENT_3D('',#17540,#17541,#17542);
#17540 = CARTESIAN_POINT('',(179.33,-129.57,1.51));
#17541 = DIRECTION('',(-0.,0.,-1.));
#17542 = DIRECTION('',(-0.,-1.,0.));
#17543 = FACE_BOUND('',#17544,.T.);
#17544 = EDGE_LOOP('',(#17545));
#17545 = ORIENTED_EDGE('',*,*,#17546,.T.);
#17546 = EDGE_CURVE('',#17547,#17547,#17549,.T.);
#17547 = VERTEX_POINT('',#17548);
#17548 = CARTESIAN_POINT('',(179.33,-127.53,1.51));
#17549 = CIRCLE('',#17550,0.5);
#17550 = AXIS2_PLACEMENT_3D('',#17551,#17552,#17553);
#17551 = CARTESIAN_POINT('',(179.33,-127.03,1.51));
#17552 = DIRECTION('',(-0.,0.,-1.));
#17553 = DIRECTION('',(-0.,-1.,0.));
#17554 = FACE_BOUND('',#17555,.T.);
#17555 = EDGE_LOOP('',(#17556,#17567,#17575,#17584));
#17556 = ORIENTED_EDGE('',*,*,#17557,.T.);
#17557 = EDGE_CURVE('',#17558,#17560,#17562,.T.);
#17558 = VERTEX_POINT('',#17559);
#17559 = CARTESIAN_POINT('',(194.7,-131.25,1.51));
#17560 = VERTEX_POINT('',#17561);
#17561 = CARTESIAN_POINT('',(194.7,-132.25,1.51));
#17562 = CIRCLE('',#17563,0.5);
#17563 = AXIS2_PLACEMENT_3D('',#17564,#17565,#17566);
#17564 = CARTESIAN_POINT('',(194.7,-131.75,1.51));
#17565 = DIRECTION('',(-0.,0.,-1.));
#17566 = DIRECTION('',(-0.,-1.,0.));
#17567 = ORIENTED_EDGE('',*,*,#17568,.T.);
#17568 = EDGE_CURVE('',#17560,#17569,#17571,.T.);
#17569 = VERTEX_POINT('',#17570);
#17570 = CARTESIAN_POINT('',(194.3,-132.25,1.51));
#17571 = LINE('',#17572,#17573);
#17572 = CARTESIAN_POINT('',(97.15,-132.25,1.51));
#17573 = VECTOR('',#17574,1.);
#17574 = DIRECTION('',(-1.,0.,0.));
#17575 = ORIENTED_EDGE('',*,*,#17576,.T.);
#17576 = EDGE_CURVE('',#17569,#17577,#17579,.T.);
#17577 = VERTEX_POINT('',#17578);
#17578 = CARTESIAN_POINT('',(194.3,-131.25,1.51));
#17579 = CIRCLE('',#17580,0.5);
#17580 = AXIS2_PLACEMENT_3D('',#17581,#17582,#17583);
#17581 = CARTESIAN_POINT('',(194.3,-131.75,1.51));
#17582 = DIRECTION('',(-0.,0.,-1.));
#17583 = DIRECTION('',(0.,1.,0.));
#17584 = ORIENTED_EDGE('',*,*,#17585,.T.);
#17585 = EDGE_CURVE('',#17577,#17558,#17586,.T.);
#17586 = LINE('',#17587,#17588);
#17587 = CARTESIAN_POINT('',(97.35,-131.25,1.51));
#17588 = VECTOR('',#17589,1.);
#17589 = DIRECTION('',(1.,0.,-0.));
#17590 = FACE_BOUND('',#17591,.T.);
#17591 = EDGE_LOOP('',(#17592));
#17592 = ORIENTED_EDGE('',*,*,#17593,.T.);
#17593 = EDGE_CURVE('',#17594,#17594,#17596,.T.);
#17594 = VERTEX_POINT('',#17595);
#17595 = CARTESIAN_POINT('',(179.33,-124.99,1.51));
#17596 = CIRCLE('',#17597,0.5);
#17597 = AXIS2_PLACEMENT_3D('',#17598,#17599,#17600);
#17598 = CARTESIAN_POINT('',(179.33,-124.49,1.51));
#17599 = DIRECTION('',(-0.,0.,-1.));
#17600 = DIRECTION('',(-0.,-1.,0.));
#17601 = FACE_BOUND('',#17602,.T.);
#17602 = EDGE_LOOP('',(#17603));
#17603 = ORIENTED_EDGE('',*,*,#17604,.T.);
#17604 = EDGE_CURVE('',#17605,#17605,#17607,.T.);
#17605 = VERTEX_POINT('',#17606);
#17606 = CARTESIAN_POINT('',(179.33,-122.45,1.51));
#17607 = CIRCLE('',#17608,0.5);
#17608 = AXIS2_PLACEMENT_3D('',#17609,#17610,#17611);
#17609 = CARTESIAN_POINT('',(179.33,-121.95,1.51));
#17610 = DIRECTION('',(-0.,0.,-1.));
#17611 = DIRECTION('',(-0.,-1.,0.));
#17612 = FACE_BOUND('',#17613,.T.);
#17613 = EDGE_LOOP('',(#17614));
#17614 = ORIENTED_EDGE('',*,*,#17615,.T.);
#17615 = EDGE_CURVE('',#17616,#17616,#17618,.T.);
#17616 = VERTEX_POINT('',#17617);
#17617 = CARTESIAN_POINT('',(179.33,-119.91,1.51));
#17618 = CIRCLE('',#17619,0.5);
#17619 = AXIS2_PLACEMENT_3D('',#17620,#17621,#17622);
#17620 = CARTESIAN_POINT('',(179.33,-119.41,1.51));
#17621 = DIRECTION('',(-0.,0.,-1.));
#17622 = DIRECTION('',(-0.,-1.,0.));
#17623 = FACE_BOUND('',#17624,.T.);
#17624 = EDGE_LOOP('',(#17625));
#17625 = ORIENTED_EDGE('',*,*,#17626,.T.);
#17626 = EDGE_CURVE('',#17627,#17627,#17629,.T.);
#17627 = VERTEX_POINT('',#17628);
#17628 = CARTESIAN_POINT('',(161.55,-117.37,1.51));
#17629 = CIRCLE('',#17630,0.5);
#17630 = AXIS2_PLACEMENT_3D('',#17631,#17632,#17633);
#17631 = CARTESIAN_POINT('',(161.55,-116.87,1.51));
#17632 = DIRECTION('',(-0.,0.,-1.));
#17633 = DIRECTION('',(-0.,-1.,0.));
#17634 = FACE_BOUND('',#17635,.T.);
#17635 = EDGE_LOOP('',(#17636));
#17636 = ORIENTED_EDGE('',*,*,#17637,.T.);
#17637 = EDGE_CURVE('',#17638,#17638,#17640,.T.);
#17638 = VERTEX_POINT('',#17639);
#17639 = CARTESIAN_POINT('',(161.55,-114.83,1.51));
#17640 = CIRCLE('',#17641,0.5);
#17641 = AXIS2_PLACEMENT_3D('',#17642,#17643,#17644);
#17642 = CARTESIAN_POINT('',(161.55,-114.33,1.51));
#17643 = DIRECTION('',(-0.,0.,-1.));
#17644 = DIRECTION('',(-0.,-1.,0.));
#17645 = FACE_BOUND('',#17646,.T.);
#17646 = EDGE_LOOP('',(#17647));
#17647 = ORIENTED_EDGE('',*,*,#17648,.T.);
#17648 = EDGE_CURVE('',#17649,#17649,#17651,.T.);
#17649 = VERTEX_POINT('',#17650);
#17650 = CARTESIAN_POINT('',(161.55,-112.29,1.51));
#17651 = CIRCLE('',#17652,0.5);
#17652 = AXIS2_PLACEMENT_3D('',#17653,#17654,#17655);
#17653 = CARTESIAN_POINT('',(161.55,-111.79,1.51));
#17654 = DIRECTION('',(-0.,0.,-1.));
#17655 = DIRECTION('',(-0.,-1.,0.));
#17656 = FACE_BOUND('',#17657,.T.);
#17657 = EDGE_LOOP('',(#17658));
#17658 = ORIENTED_EDGE('',*,*,#17659,.T.);
#17659 = EDGE_CURVE('',#17660,#17660,#17662,.T.);
#17660 = VERTEX_POINT('',#17661);
#17661 = CARTESIAN_POINT('',(161.55,-109.75,1.51));
#17662 = CIRCLE('',#17663,0.5);
#17663 = AXIS2_PLACEMENT_3D('',#17664,#17665,#17666);
#17664 = CARTESIAN_POINT('',(161.55,-109.25,1.51));
#17665 = DIRECTION('',(-0.,0.,-1.));
#17666 = DIRECTION('',(-0.,-1.,0.));
#17667 = FACE_BOUND('',#17668,.T.);
#17668 = EDGE_LOOP('',(#17669));
#17669 = ORIENTED_EDGE('',*,*,#17670,.T.);
#17670 = EDGE_CURVE('',#17671,#17671,#17673,.T.);
#17671 = VERTEX_POINT('',#17672);
#17672 = CARTESIAN_POINT('',(161.55,-107.21,1.51));
#17673 = CIRCLE('',#17674,0.5);
#17674 = AXIS2_PLACEMENT_3D('',#17675,#17676,#17677);
#17675 = CARTESIAN_POINT('',(161.55,-106.71,1.51));
#17676 = DIRECTION('',(-0.,0.,-1.));
#17677 = DIRECTION('',(-0.,-1.,0.));
#17678 = FACE_BOUND('',#17679,.T.);
#17679 = EDGE_LOOP('',(#17680));
#17680 = ORIENTED_EDGE('',*,*,#17681,.T.);
#17681 = EDGE_CURVE('',#17682,#17682,#17684,.T.);
#17682 = VERTEX_POINT('',#17683);
#17683 = CARTESIAN_POINT('',(179.33,-117.37,1.51));
#17684 = CIRCLE('',#17685,0.5);
#17685 = AXIS2_PLACEMENT_3D('',#17686,#17687,#17688);
#17686 = CARTESIAN_POINT('',(179.33,-116.87,1.51));
#17687 = DIRECTION('',(-0.,0.,-1.));
#17688 = DIRECTION('',(-0.,-1.,0.));
#17689 = FACE_BOUND('',#17690,.T.);
#17690 = EDGE_LOOP('',(#17691));
#17691 = ORIENTED_EDGE('',*,*,#17692,.T.);
#17692 = EDGE_CURVE('',#17693,#17693,#17695,.T.);
#17693 = VERTEX_POINT('',#17694);
#17694 = CARTESIAN_POINT('',(179.33,-114.83,1.51));
#17695 = CIRCLE('',#17696,0.5);
#17696 = AXIS2_PLACEMENT_3D('',#17697,#17698,#17699);
#17697 = CARTESIAN_POINT('',(179.33,-114.33,1.51));
#17698 = DIRECTION('',(-0.,0.,-1.));
#17699 = DIRECTION('',(-0.,-1.,0.));
#17700 = FACE_BOUND('',#17701,.T.);
#17701 = EDGE_LOOP('',(#17702));
#17702 = ORIENTED_EDGE('',*,*,#17703,.T.);
#17703 = EDGE_CURVE('',#17704,#17704,#17706,.T.);
#17704 = VERTEX_POINT('',#17705);
#17705 = CARTESIAN_POINT('',(179.33,-112.29,1.51));
#17706 = CIRCLE('',#17707,0.5);
#17707 = AXIS2_PLACEMENT_3D('',#17708,#17709,#17710);
#17708 = CARTESIAN_POINT('',(179.33,-111.79,1.51));
#17709 = DIRECTION('',(-0.,0.,-1.));
#17710 = DIRECTION('',(-0.,-1.,0.));
#17711 = FACE_BOUND('',#17712,.T.);
#17712 = EDGE_LOOP('',(#17713));
#17713 = ORIENTED_EDGE('',*,*,#17714,.T.);
#17714 = EDGE_CURVE('',#17715,#17715,#17717,.T.);
#17715 = VERTEX_POINT('',#17716);
#17716 = CARTESIAN_POINT('',(179.33,-109.75,1.51));
#17717 = CIRCLE('',#17718,0.5);
#17718 = AXIS2_PLACEMENT_3D('',#17719,#17720,#17721);
#17719 = CARTESIAN_POINT('',(179.33,-109.25,1.51));
#17720 = DIRECTION('',(-0.,0.,-1.));
#17721 = DIRECTION('',(-0.,-1.,0.));
#17722 = FACE_BOUND('',#17723,.T.);
#17723 = EDGE_LOOP('',(#17724));
#17724 = ORIENTED_EDGE('',*,*,#17725,.T.);
#17725 = EDGE_CURVE('',#17726,#17726,#17728,.T.);
#17726 = VERTEX_POINT('',#17727);
#17727 = CARTESIAN_POINT('',(179.33,-107.21,1.51));
#17728 = CIRCLE('',#17729,0.5);
#17729 = AXIS2_PLACEMENT_3D('',#17730,#17731,#17732);
#17730 = CARTESIAN_POINT('',(179.33,-106.71,1.51));
#17731 = DIRECTION('',(-0.,0.,-1.));
#17732 = DIRECTION('',(-0.,-1.,0.));
#17733 = FACE_BOUND('',#17734,.T.);
#17734 = EDGE_LOOP('',(#17735));
#17735 = ORIENTED_EDGE('',*,*,#17736,.T.);
#17736 = EDGE_CURVE('',#17737,#17737,#17739,.T.);
#17737 = VERTEX_POINT('',#17738);
#17738 = CARTESIAN_POINT('',(103.25,-105.25,1.51));
#17739 = CIRCLE('',#17740,0.5);
#17740 = AXIS2_PLACEMENT_3D('',#17741,#17742,#17743);
#17741 = CARTESIAN_POINT('',(103.25,-104.75,1.51));
#17742 = DIRECTION('',(-0.,0.,-1.));
#17743 = DIRECTION('',(-0.,-1.,0.));
#17744 = FACE_BOUND('',#17745,.T.);
#17745 = EDGE_LOOP('',(#17746));
#17746 = ORIENTED_EDGE('',*,*,#17747,.T.);
#17747 = EDGE_CURVE('',#17748,#17748,#17750,.T.);
#17748 = VERTEX_POINT('',#17749);
#17749 = CARTESIAN_POINT('',(105.79,-105.25,1.51));
#17750 = CIRCLE('',#17751,0.5);
#17751 = AXIS2_PLACEMENT_3D('',#17752,#17753,#17754);
#17752 = CARTESIAN_POINT('',(105.79,-104.75,1.51));
#17753 = DIRECTION('',(-0.,0.,-1.));
#17754 = DIRECTION('',(-0.,-1.,0.));
#17755 = FACE_BOUND('',#17756,.T.);
#17756 = EDGE_LOOP('',(#17757));
#17757 = ORIENTED_EDGE('',*,*,#17758,.T.);
#17758 = EDGE_CURVE('',#17759,#17759,#17761,.T.);
#17759 = VERTEX_POINT('',#17760);
#17760 = CARTESIAN_POINT('',(108.33,-105.25,1.51));
#17761 = CIRCLE('',#17762,0.5);
#17762 = AXIS2_PLACEMENT_3D('',#17763,#17764,#17765);
#17763 = CARTESIAN_POINT('',(108.33,-104.75,1.51));
#17764 = DIRECTION('',(-0.,0.,-1.));
#17765 = DIRECTION('',(-0.,-1.,0.));
#17766 = FACE_BOUND('',#17767,.T.);
#17767 = EDGE_LOOP('',(#17768));
#17768 = ORIENTED_EDGE('',*,*,#17769,.T.);
#17769 = EDGE_CURVE('',#17770,#17770,#17772,.T.);
#17770 = VERTEX_POINT('',#17771);
#17771 = CARTESIAN_POINT('',(110.87,-105.25,1.51));
#17772 = CIRCLE('',#17773,0.5);
#17773 = AXIS2_PLACEMENT_3D('',#17774,#17775,#17776);
#17774 = CARTESIAN_POINT('',(110.87,-104.75,1.51));
#17775 = DIRECTION('',(-0.,0.,-1.));
#17776 = DIRECTION('',(-0.,-1.,0.));
#17777 = FACE_BOUND('',#17778,.T.);
#17778 = EDGE_LOOP('',(#17779));
#17779 = ORIENTED_EDGE('',*,*,#17780,.T.);
#17780 = EDGE_CURVE('',#17781,#17781,#17783,.T.);
#17781 = VERTEX_POINT('',#17782);
#17782 = CARTESIAN_POINT('',(133.,-105.25,1.51));
#17783 = CIRCLE('',#17784,0.5);
#17784 = AXIS2_PLACEMENT_3D('',#17785,#17786,#17787);
#17785 = CARTESIAN_POINT('',(133.,-104.75,1.51));
#17786 = DIRECTION('',(-0.,0.,-1.));
#17787 = DIRECTION('',(-0.,-1.,0.));
#17788 = FACE_BOUND('',#17789,.T.);
#17789 = EDGE_LOOP('',(#17790));
#17790 = ORIENTED_EDGE('',*,*,#17791,.T.);
#17791 = EDGE_CURVE('',#17792,#17792,#17794,.T.);
#17792 = VERTEX_POINT('',#17793);
#17793 = CARTESIAN_POINT('',(135.54,-105.25,1.51));
#17794 = CIRCLE('',#17795,0.5);
#17795 = AXIS2_PLACEMENT_3D('',#17796,#17797,#17798);
#17796 = CARTESIAN_POINT('',(135.54,-104.75,1.51));
#17797 = DIRECTION('',(-0.,0.,-1.));
#17798 = DIRECTION('',(-0.,-1.,0.));
#17799 = FACE_BOUND('',#17800,.T.);
#17800 = EDGE_LOOP('',(#17801));
#17801 = ORIENTED_EDGE('',*,*,#17802,.T.);
#17802 = EDGE_CURVE('',#17803,#17803,#17805,.T.);
#17803 = VERTEX_POINT('',#17804);
#17804 = CARTESIAN_POINT('',(138.08,-105.25,1.51));
#17805 = CIRCLE('',#17806,0.5);
#17806 = AXIS2_PLACEMENT_3D('',#17807,#17808,#17809);
#17807 = CARTESIAN_POINT('',(138.08,-104.75,1.51));
#17808 = DIRECTION('',(-0.,0.,-1.));
#17809 = DIRECTION('',(-0.,-1.,0.));
#17810 = FACE_BOUND('',#17811,.T.);
#17811 = EDGE_LOOP('',(#17812));
#17812 = ORIENTED_EDGE('',*,*,#17813,.T.);
#17813 = EDGE_CURVE('',#17814,#17814,#17816,.T.);
#17814 = VERTEX_POINT('',#17815);
#17815 = CARTESIAN_POINT('',(140.62,-105.25,1.51));
#17816 = CIRCLE('',#17817,0.5);
#17817 = AXIS2_PLACEMENT_3D('',#17818,#17819,#17820);
#17818 = CARTESIAN_POINT('',(140.62,-104.75,1.51));
#17819 = DIRECTION('',(-0.,0.,-1.));
#17820 = DIRECTION('',(-0.,-1.,0.));
#17821 = FACE_BOUND('',#17822,.T.);
#17822 = EDGE_LOOP('',(#17823));
#17823 = ORIENTED_EDGE('',*,*,#17824,.T.);
#17824 = EDGE_CURVE('',#17825,#17825,#17827,.T.);
#17825 = VERTEX_POINT('',#17826);
#17826 = CARTESIAN_POINT('',(161.55,-104.67,1.51));
#17827 = CIRCLE('',#17828,0.5);
#17828 = AXIS2_PLACEMENT_3D('',#17829,#17830,#17831);
#17829 = CARTESIAN_POINT('',(161.55,-104.17,1.51));
#17830 = DIRECTION('',(-0.,0.,-1.));
#17831 = DIRECTION('',(-0.,-1.,0.));
#17832 = FACE_BOUND('',#17833,.T.);
#17833 = EDGE_LOOP('',(#17834));
#17834 = ORIENTED_EDGE('',*,*,#17835,.T.);
#17835 = EDGE_CURVE('',#17836,#17836,#17838,.T.);
#17836 = VERTEX_POINT('',#17837);
#17837 = CARTESIAN_POINT('',(161.55,-102.13,1.51));
#17838 = CIRCLE('',#17839,0.5);
#17839 = AXIS2_PLACEMENT_3D('',#17840,#17841,#17842);
#17840 = CARTESIAN_POINT('',(161.55,-101.63,1.51));
#17841 = DIRECTION('',(-0.,0.,-1.));
#17842 = DIRECTION('',(-0.,-1.,0.));
#17843 = FACE_BOUND('',#17844,.T.);
#17844 = EDGE_LOOP('',(#17845));
#17845 = ORIENTED_EDGE('',*,*,#17846,.T.);
#17846 = EDGE_CURVE('',#17847,#17847,#17849,.T.);
#17847 = VERTEX_POINT('',#17848);
#17848 = CARTESIAN_POINT('',(161.55,-99.59,1.51));
#17849 = CIRCLE('',#17850,0.5);
#17850 = AXIS2_PLACEMENT_3D('',#17851,#17852,#17853);
#17851 = CARTESIAN_POINT('',(161.55,-99.09,1.51));
#17852 = DIRECTION('',(-0.,0.,-1.));
#17853 = DIRECTION('',(-0.,-1.,0.));
#17854 = FACE_BOUND('',#17855,.T.);
#17855 = EDGE_LOOP('',(#17856));
#17856 = ORIENTED_EDGE('',*,*,#17857,.T.);
#17857 = EDGE_CURVE('',#17858,#17858,#17860,.T.);
#17858 = VERTEX_POINT('',#17859);
#17859 = CARTESIAN_POINT('',(161.55,-97.05,1.51));
#17860 = CIRCLE('',#17861,0.5);
#17861 = AXIS2_PLACEMENT_3D('',#17862,#17863,#17864);
#17862 = CARTESIAN_POINT('',(161.55,-96.55,1.51));
#17863 = DIRECTION('',(-0.,0.,-1.));
#17864 = DIRECTION('',(-0.,-1.,0.));
#17865 = FACE_BOUND('',#17866,.T.);
#17866 = EDGE_LOOP('',(#17867));
#17867 = ORIENTED_EDGE('',*,*,#17868,.T.);
#17868 = EDGE_CURVE('',#17869,#17869,#17871,.T.);
#17869 = VERTEX_POINT('',#17870);
#17870 = CARTESIAN_POINT('',(161.55,-94.51,1.51));
#17871 = CIRCLE('',#17872,0.5);
#17872 = AXIS2_PLACEMENT_3D('',#17873,#17874,#17875);
#17873 = CARTESIAN_POINT('',(161.55,-94.01,1.51));
#17874 = DIRECTION('',(-0.,0.,-1.));
#17875 = DIRECTION('',(-0.,-1.,0.));
#17876 = FACE_BOUND('',#17877,.T.);
#17877 = EDGE_LOOP('',(#17878));
#17878 = ORIENTED_EDGE('',*,*,#17879,.T.);
#17879 = EDGE_CURVE('',#17880,#17880,#17882,.T.);
#17880 = VERTEX_POINT('',#17881);
#17881 = CARTESIAN_POINT('',(179.33,-104.67,1.51));
#17882 = CIRCLE('',#17883,0.5);
#17883 = AXIS2_PLACEMENT_3D('',#17884,#17885,#17886);
#17884 = CARTESIAN_POINT('',(179.33,-104.17,1.51));
#17885 = DIRECTION('',(-0.,0.,-1.));
#17886 = DIRECTION('',(-0.,-1.,0.));
#17887 = FACE_BOUND('',#17888,.T.);
#17888 = EDGE_LOOP('',(#17889));
#17889 = ORIENTED_EDGE('',*,*,#17890,.T.);
#17890 = EDGE_CURVE('',#17891,#17891,#17893,.T.);
#17891 = VERTEX_POINT('',#17892);
#17892 = CARTESIAN_POINT('',(179.33,-102.13,1.51));
#17893 = CIRCLE('',#17894,0.5);
#17894 = AXIS2_PLACEMENT_3D('',#17895,#17896,#17897);
#17895 = CARTESIAN_POINT('',(179.33,-101.63,1.51));
#17896 = DIRECTION('',(-0.,0.,-1.));
#17897 = DIRECTION('',(-0.,-1.,0.));
#17898 = FACE_BOUND('',#17899,.T.);
#17899 = EDGE_LOOP('',(#17900));
#17900 = ORIENTED_EDGE('',*,*,#17901,.T.);
#17901 = EDGE_CURVE('',#17902,#17902,#17904,.T.);
#17902 = VERTEX_POINT('',#17903);
#17903 = CARTESIAN_POINT('',(179.33,-99.59,1.51));
#17904 = CIRCLE('',#17905,0.5);
#17905 = AXIS2_PLACEMENT_3D('',#17906,#17907,#17908);
#17906 = CARTESIAN_POINT('',(179.33,-99.09,1.51));
#17907 = DIRECTION('',(-0.,0.,-1.));
#17908 = DIRECTION('',(-0.,-1.,0.));
#17909 = FACE_BOUND('',#17910,.T.);
#17910 = EDGE_LOOP('',(#17911));
#17911 = ORIENTED_EDGE('',*,*,#17912,.T.);
#17912 = EDGE_CURVE('',#17913,#17913,#17915,.T.);
#17913 = VERTEX_POINT('',#17914);
#17914 = CARTESIAN_POINT('',(179.33,-97.05,1.51));
#17915 = CIRCLE('',#17916,0.5);
#17916 = AXIS2_PLACEMENT_3D('',#17917,#17918,#17919);
#17917 = CARTESIAN_POINT('',(179.33,-96.55,1.51));
#17918 = DIRECTION('',(-0.,0.,-1.));
#17919 = DIRECTION('',(-0.,-1.,0.));
#17920 = FACE_BOUND('',#17921,.T.);
#17921 = EDGE_LOOP('',(#17922));
#17922 = ORIENTED_EDGE('',*,*,#17923,.T.);
#17923 = EDGE_CURVE('',#17924,#17924,#17926,.T.);
#17924 = VERTEX_POINT('',#17925);
#17925 = CARTESIAN_POINT('',(179.33,-94.51,1.51));
#17926 = CIRCLE('',#17927,0.5);
#17927 = AXIS2_PLACEMENT_3D('',#17928,#17929,#17930);
#17928 = CARTESIAN_POINT('',(179.33,-94.01,1.51));
#17929 = DIRECTION('',(-0.,0.,-1.));
#17930 = DIRECTION('',(-0.,-1.,0.));
#17931 = FACE_BOUND('',#17932,.T.);
#17932 = EDGE_LOOP('',(#17933,#17944,#17952,#17961));
#17933 = ORIENTED_EDGE('',*,*,#17934,.T.);
#17934 = EDGE_CURVE('',#17935,#17937,#17939,.T.);
#17935 = VERTEX_POINT('',#17936);
#17936 = CARTESIAN_POINT('',(194.7,-94.25,1.51));
#17937 = VERTEX_POINT('',#17938);
#17938 = CARTESIAN_POINT('',(194.7,-95.25,1.51));
#17939 = CIRCLE('',#17940,0.5);
#17940 = AXIS2_PLACEMENT_3D('',#17941,#17942,#17943);
#17941 = CARTESIAN_POINT('',(194.7,-94.75,1.51));
#17942 = DIRECTION('',(-0.,0.,-1.));
#17943 = DIRECTION('',(-0.,-1.,0.));
#17944 = ORIENTED_EDGE('',*,*,#17945,.T.);
#17945 = EDGE_CURVE('',#17937,#17946,#17948,.T.);
#17946 = VERTEX_POINT('',#17947);
#17947 = CARTESIAN_POINT('',(194.3,-95.25,1.51));
#17948 = LINE('',#17949,#17950);
#17949 = CARTESIAN_POINT('',(97.15,-95.25,1.51));
#17950 = VECTOR('',#17951,1.);
#17951 = DIRECTION('',(-1.,0.,0.));
#17952 = ORIENTED_EDGE('',*,*,#17953,.T.);
#17953 = EDGE_CURVE('',#17946,#17954,#17956,.T.);
#17954 = VERTEX_POINT('',#17955);
#17955 = CARTESIAN_POINT('',(194.3,-94.25,1.51));
#17956 = CIRCLE('',#17957,0.5);
#17957 = AXIS2_PLACEMENT_3D('',#17958,#17959,#17960);
#17958 = CARTESIAN_POINT('',(194.3,-94.75,1.51));
#17959 = DIRECTION('',(-0.,0.,-1.));
#17960 = DIRECTION('',(0.,1.,0.));
#17961 = ORIENTED_EDGE('',*,*,#17962,.T.);
#17962 = EDGE_CURVE('',#17954,#17935,#17963,.T.);
#17963 = LINE('',#17964,#17965);
#17964 = CARTESIAN_POINT('',(97.35,-94.25,1.51));
#17965 = VECTOR('',#17966,1.);
#17966 = DIRECTION('',(1.,0.,-0.));
#17967 = FACE_BOUND('',#17968,.T.);
#17968 = EDGE_LOOP('',(#17969));
#17969 = ORIENTED_EDGE('',*,*,#17970,.T.);
#17970 = EDGE_CURVE('',#17971,#17971,#17973,.T.);
#17971 = VERTEX_POINT('',#17972);
#17972 = CARTESIAN_POINT('',(161.55,-91.97,1.51));
#17973 = CIRCLE('',#17974,0.5);
#17974 = AXIS2_PLACEMENT_3D('',#17975,#17976,#17977);
#17975 = CARTESIAN_POINT('',(161.55,-91.47,1.51));
#17976 = DIRECTION('',(-0.,0.,-1.));
#17977 = DIRECTION('',(-0.,-1.,0.));
#17978 = FACE_BOUND('',#17979,.T.);
#17979 = EDGE_LOOP('',(#17980));
#17980 = ORIENTED_EDGE('',*,*,#17981,.T.);
#17981 = EDGE_CURVE('',#17982,#17982,#17984,.T.);
#17982 = VERTEX_POINT('',#17983);
#17983 = CARTESIAN_POINT('',(161.55,-89.43,1.51));
#17984 = CIRCLE('',#17985,0.5);
#17985 = AXIS2_PLACEMENT_3D('',#17986,#17987,#17988);
#17986 = CARTESIAN_POINT('',(161.55,-88.93,1.51));
#17987 = DIRECTION('',(-0.,0.,-1.));
#17988 = DIRECTION('',(-0.,-1.,0.));
#17989 = FACE_BOUND('',#17990,.T.);
#17990 = EDGE_LOOP('',(#17991));
#17991 = ORIENTED_EDGE('',*,*,#17992,.T.);
#17992 = EDGE_CURVE('',#17993,#17993,#17995,.T.);
#17993 = VERTEX_POINT('',#17994);
#17994 = CARTESIAN_POINT('',(161.55,-86.89,1.51));
#17995 = CIRCLE('',#17996,0.5);
#17996 = AXIS2_PLACEMENT_3D('',#17997,#17998,#17999);
#17997 = CARTESIAN_POINT('',(161.55,-86.39,1.51));
#17998 = DIRECTION('',(-0.,0.,-1.));
#17999 = DIRECTION('',(-0.,-1.,0.));
#18000 = FACE_BOUND('',#18001,.T.);
#18001 = EDGE_LOOP('',(#18002));
#18002 = ORIENTED_EDGE('',*,*,#18003,.T.);
#18003 = EDGE_CURVE('',#18004,#18004,#18006,.T.);
#18004 = VERTEX_POINT('',#18005);
#18005 = CARTESIAN_POINT('',(161.55,-84.35,1.51));
#18006 = CIRCLE('',#18007,0.5);
#18007 = AXIS2_PLACEMENT_3D('',#18008,#18009,#18010);
#18008 = CARTESIAN_POINT('',(161.55,-83.85,1.51));
#18009 = DIRECTION('',(-0.,0.,-1.));
#18010 = DIRECTION('',(-0.,-1.,0.));
#18011 = FACE_BOUND('',#18012,.T.);
#18012 = EDGE_LOOP('',(#18013));
#18013 = ORIENTED_EDGE('',*,*,#18014,.T.);
#18014 = EDGE_CURVE('',#18015,#18015,#18017,.T.);
#18015 = VERTEX_POINT('',#18016);
#18016 = CARTESIAN_POINT('',(161.55,-81.81,1.51));
#18017 = CIRCLE('',#18018,0.5);
#18018 = AXIS2_PLACEMENT_3D('',#18019,#18020,#18021);
#18019 = CARTESIAN_POINT('',(161.55,-81.31,1.51));
#18020 = DIRECTION('',(-0.,0.,-1.));
#18021 = DIRECTION('',(-0.,-1.,0.));
#18022 = FACE_BOUND('',#18023,.T.);
#18023 = EDGE_LOOP('',(#18024));
#18024 = ORIENTED_EDGE('',*,*,#18025,.T.);
#18025 = EDGE_CURVE('',#18026,#18026,#18028,.T.);
#18026 = VERTEX_POINT('',#18027);
#18027 = CARTESIAN_POINT('',(168.015,-85.395,1.51));
#18028 = CIRCLE('',#18029,0.925);
#18029 = AXIS2_PLACEMENT_3D('',#18030,#18031,#18032);
#18030 = CARTESIAN_POINT('',(168.015,-84.47,1.51));
#18031 = DIRECTION('',(-0.,0.,-1.));
#18032 = DIRECTION('',(-0.,-1.,0.));
#18033 = FACE_BOUND('',#18034,.T.);
#18034 = EDGE_LOOP('',(#18035));
#18035 = ORIENTED_EDGE('',*,*,#18036,.T.);
#18036 = EDGE_CURVE('',#18037,#18037,#18039,.T.);
#18037 = VERTEX_POINT('',#18038);
#18038 = CARTESIAN_POINT('',(172.865,-85.395,1.51));
#18039 = CIRCLE('',#18040,0.925);
#18040 = AXIS2_PLACEMENT_3D('',#18041,#18042,#18043);
#18041 = CARTESIAN_POINT('',(172.865,-84.47,1.51));
#18042 = DIRECTION('',(-0.,0.,-1.));
#18043 = DIRECTION('',(-0.,-1.,0.));
#18044 = FACE_BOUND('',#18045,.T.);
#18045 = EDGE_LOOP('',(#18046));
#18046 = ORIENTED_EDGE('',*,*,#18047,.T.);
#18047 = EDGE_CURVE('',#18048,#18048,#18050,.T.);
#18048 = VERTEX_POINT('',#18049);
#18049 = CARTESIAN_POINT('',(167.715,-82.54,1.51));
#18050 = CIRCLE('',#18051,1.1);
#18051 = AXIS2_PLACEMENT_3D('',#18052,#18053,#18054);
#18052 = CARTESIAN_POINT('',(167.715,-81.44,1.51));
#18053 = DIRECTION('',(-0.,0.,-1.));
#18054 = DIRECTION('',(-0.,-1.,0.));
#18055 = FACE_BOUND('',#18056,.T.);
#18056 = EDGE_LOOP('',(#18057));
#18057 = ORIENTED_EDGE('',*,*,#18058,.T.);
#18058 = EDGE_CURVE('',#18059,#18059,#18061,.T.);
#18059 = VERTEX_POINT('',#18060);
#18060 = CARTESIAN_POINT('',(173.165,-82.54,1.51));
#18061 = CIRCLE('',#18062,1.1);
#18062 = AXIS2_PLACEMENT_3D('',#18063,#18064,#18065);
#18063 = CARTESIAN_POINT('',(173.165,-81.44,1.51));
#18064 = DIRECTION('',(-0.,0.,-1.));
#18065 = DIRECTION('',(-0.,-1.,0.));
#18066 = FACE_BOUND('',#18067,.T.);
#18067 = EDGE_LOOP('',(#18068));
#18068 = ORIENTED_EDGE('',*,*,#18069,.T.);
#18069 = EDGE_CURVE('',#18070,#18070,#18072,.T.);
#18070 = VERTEX_POINT('',#18071);
#18071 = CARTESIAN_POINT('',(179.33,-91.97,1.51));
#18072 = CIRCLE('',#18073,0.5);
#18073 = AXIS2_PLACEMENT_3D('',#18074,#18075,#18076);
#18074 = CARTESIAN_POINT('',(179.33,-91.47,1.51));
#18075 = DIRECTION('',(-0.,0.,-1.));
#18076 = DIRECTION('',(-0.,-1.,0.));
#18077 = FACE_BOUND('',#18078,.T.);
#18078 = EDGE_LOOP('',(#18079));
#18079 = ORIENTED_EDGE('',*,*,#18080,.T.);
#18080 = EDGE_CURVE('',#18081,#18081,#18083,.T.);
#18081 = VERTEX_POINT('',#18082);
#18082 = CARTESIAN_POINT('',(179.33,-89.43,1.51));
#18083 = CIRCLE('',#18084,0.5);
#18084 = AXIS2_PLACEMENT_3D('',#18085,#18086,#18087);
#18085 = CARTESIAN_POINT('',(179.33,-88.93,1.51));
#18086 = DIRECTION('',(-0.,0.,-1.));
#18087 = DIRECTION('',(-0.,-1.,0.));
#18088 = FACE_BOUND('',#18089,.T.);
#18089 = EDGE_LOOP('',(#18090));
#18090 = ORIENTED_EDGE('',*,*,#18091,.T.);
#18091 = EDGE_CURVE('',#18092,#18092,#18094,.T.);
#18092 = VERTEX_POINT('',#18093);
#18093 = CARTESIAN_POINT('',(193.67,-88.13,1.51));
#18094 = CIRCLE('',#18095,0.3);
#18095 = AXIS2_PLACEMENT_3D('',#18096,#18097,#18098);
#18096 = CARTESIAN_POINT('',(193.67,-87.83,1.51));
#18097 = DIRECTION('',(-0.,0.,-1.));
#18098 = DIRECTION('',(-9.473903143468E-14,-1.,0.));
#18099 = FACE_BOUND('',#18100,.T.);
#18100 = EDGE_LOOP('',(#18101));
#18101 = ORIENTED_EDGE('',*,*,#18102,.T.);
#18102 = EDGE_CURVE('',#18103,#18103,#18105,.T.);
#18103 = VERTEX_POINT('',#18104);
#18104 = CARTESIAN_POINT('',(198.75,-88.13,1.51));
#18105 = CIRCLE('',#18106,0.3);
#18106 = AXIS2_PLACEMENT_3D('',#18107,#18108,#18109);
#18107 = CARTESIAN_POINT('',(198.75,-87.83,1.51));
#18108 = DIRECTION('',(-0.,0.,-1.));
#18109 = DIRECTION('',(-0.,-1.,0.));
#18110 = FACE_BOUND('',#18111,.T.);
#18111 = EDGE_LOOP('',(#18112));
#18112 = ORIENTED_EDGE('',*,*,#18113,.T.);
#18113 = EDGE_CURVE('',#18114,#18114,#18116,.T.);
#18114 = VERTEX_POINT('',#18115);
#18115 = CARTESIAN_POINT('',(179.33,-86.89,1.51));
#18116 = CIRCLE('',#18117,0.5);
#18117 = AXIS2_PLACEMENT_3D('',#18118,#18119,#18120);
#18118 = CARTESIAN_POINT('',(179.33,-86.39,1.51));
#18119 = DIRECTION('',(-0.,0.,-1.));
#18120 = DIRECTION('',(-0.,-1.,0.));
#18121 = FACE_BOUND('',#18122,.T.);
#18122 = EDGE_LOOP('',(#18123));
#18123 = ORIENTED_EDGE('',*,*,#18124,.T.);
#18124 = EDGE_CURVE('',#18125,#18125,#18127,.T.);
#18125 = VERTEX_POINT('',#18126);
#18126 = CARTESIAN_POINT('',(179.33,-84.35,1.51));
#18127 = CIRCLE('',#18128,0.5);
#18128 = AXIS2_PLACEMENT_3D('',#18129,#18130,#18131);
#18129 = CARTESIAN_POINT('',(179.33,-83.85,1.51));
#18130 = DIRECTION('',(-0.,0.,-1.));
#18131 = DIRECTION('',(-0.,-1.,0.));
#18132 = FACE_BOUND('',#18133,.T.);
#18133 = EDGE_LOOP('',(#18134));
#18134 = ORIENTED_EDGE('',*,*,#18135,.T.);
#18135 = EDGE_CURVE('',#18136,#18136,#18138,.T.);
#18136 = VERTEX_POINT('',#18137);
#18137 = CARTESIAN_POINT('',(179.33,-81.81,1.51));
#18138 = CIRCLE('',#18139,0.5);
#18139 = AXIS2_PLACEMENT_3D('',#18140,#18141,#18142);
#18140 = CARTESIAN_POINT('',(179.33,-81.31,1.51));
#18141 = DIRECTION('',(-0.,0.,-1.));
#18142 = DIRECTION('',(-0.,-1.,0.));
#18143 = FACE_BOUND('',#18144,.T.);
#18144 = EDGE_LOOP('',(#18145));
#18145 = ORIENTED_EDGE('',*,*,#18146,.T.);
#18146 = EDGE_CURVE('',#18147,#18147,#18149,.T.);
#18147 = VERTEX_POINT('',#18148);
#18148 = CARTESIAN_POINT('',(198.75,-85.59,1.51));
#18149 = CIRCLE('',#18150,0.3);
#18150 = AXIS2_PLACEMENT_3D('',#18151,#18152,#18153);
#18151 = CARTESIAN_POINT('',(198.75,-85.29,1.51));
#18152 = DIRECTION('',(-0.,0.,-1.));
#18153 = DIRECTION('',(-0.,-1.,0.));
#18154 = FACE_BOUND('',#18155,.T.);
#18155 = EDGE_LOOP('',(#18156));
#18156 = ORIENTED_EDGE('',*,*,#18157,.T.);
#18157 = EDGE_CURVE('',#18158,#18158,#18160,.T.);
#18158 = VERTEX_POINT('',#18159);
#18159 = CARTESIAN_POINT('',(193.67,-83.05,1.51));
#18160 = CIRCLE('',#18161,0.3);
#18161 = AXIS2_PLACEMENT_3D('',#18162,#18163,#18164);
#18162 = CARTESIAN_POINT('',(193.67,-82.75,1.51));
#18163 = DIRECTION('',(-0.,0.,-1.));
#18164 = DIRECTION('',(-9.473903143469E-14,-1.,0.));
#18165 = FACE_BOUND('',#18166,.T.);
#18166 = EDGE_LOOP('',(#18167));
#18167 = ORIENTED_EDGE('',*,*,#18168,.T.);
#18168 = EDGE_CURVE('',#18169,#18169,#18171,.T.);
#18169 = VERTEX_POINT('',#18170);
#18170 = CARTESIAN_POINT('',(198.75,-83.05,1.51));
#18171 = CIRCLE('',#18172,0.3);
#18172 = AXIS2_PLACEMENT_3D('',#18173,#18174,#18175);
#18173 = CARTESIAN_POINT('',(198.75,-82.75,1.51));
#18174 = DIRECTION('',(-0.,0.,-1.));
#18175 = DIRECTION('',(-0.,-1.,0.));
#18176 = PLANE('',#18177);
#18177 = AXIS2_PLACEMENT_3D('',#18178,#18179,#18180);
#18178 = CARTESIAN_POINT('',(0.,0.,1.51));
#18179 = DIRECTION('',(0.,0.,1.));
#18180 = DIRECTION('',(1.,0.,-0.));
#18181 = ADVANCED_FACE('',(#18182),#18188,.T.);
#18182 = FACE_BOUND('',#18183,.T.);
#18183 = EDGE_LOOP('',(#18184,#18185,#18186,#18187));
#18184 = ORIENTED_EDGE('',*,*,#16555,.T.);
#18185 = ORIENTED_EDGE('',*,*,#17383,.T.);
#18186 = ORIENTED_EDGE('',*,*,#16515,.F.);
#18187 = ORIENTED_EDGE('',*,*,#16579,.F.);
#18188 = PLANE('',#18189);
#18189 = AXIS2_PLACEMENT_3D('',#18190,#18191,#18192);
#18190 = CARTESIAN_POINT('',(89.75,-77.,0.));
#18191 = DIRECTION('',(0.,1.,0.));
#18192 = DIRECTION('',(1.,0.,0.));
#18193 = ADVANCED_FACE('',(#18194),#18205,.F.);
#18194 = FACE_BOUND('',#18195,.T.);
#18195 = EDGE_LOOP('',(#18196,#18197,#18203,#18204));
#18196 = ORIENTED_EDGE('',*,*,#16588,.T.);
#18197 = ORIENTED_EDGE('',*,*,#18198,.T.);
#18198 = EDGE_CURVE('',#16589,#17393,#18199,.T.);
#18199 = LINE('',#18200,#18201);
#18200 = CARTESIAN_POINT('',(110.5,-124.25,-4.6E-02));
#18201 = VECTOR('',#18202,1.);
#18202 = DIRECTION('',(0.,0.,1.));
#18203 = ORIENTED_EDGE('',*,*,#17392,.F.);
#18204 = ORIENTED_EDGE('',*,*,#18198,.F.);
#18205 = CYLINDRICAL_SURFACE('',#18206,0.5);
#18206 = AXIS2_PLACEMENT_3D('',#18207,#18208,#18209);
#18207 = CARTESIAN_POINT('',(110.5,-123.75,-4.6E-02));
#18208 = DIRECTION('',(-0.,-0.,-1.));
#18209 = DIRECTION('',(-0.,-1.,0.));
#18210 = ADVANCED_FACE('',(#18211),#18222,.F.);
#18211 = FACE_BOUND('',#18212,.T.);
#18212 = EDGE_LOOP('',(#18213,#18214,#18220,#18221));
#18213 = ORIENTED_EDGE('',*,*,#16599,.T.);
#18214 = ORIENTED_EDGE('',*,*,#18215,.T.);
#18215 = EDGE_CURVE('',#16600,#17404,#18216,.T.);
#18216 = LINE('',#18217,#18218);
#18217 = CARTESIAN_POINT('',(110.5,-121.71,-4.6E-02));
#18218 = VECTOR('',#18219,1.);
#18219 = DIRECTION('',(0.,0.,1.));
#18220 = ORIENTED_EDGE('',*,*,#17403,.F.);
#18221 = ORIENTED_EDGE('',*,*,#18215,.F.);
#18222 = CYLINDRICAL_SURFACE('',#18223,0.5);
#18223 = AXIS2_PLACEMENT_3D('',#18224,#18225,#18226);
#18224 = CARTESIAN_POINT('',(110.5,-121.21,-4.6E-02));
#18225 = DIRECTION('',(-0.,-0.,-1.));
#18226 = DIRECTION('',(-0.,-1.,0.));
#18227 = ADVANCED_FACE('',(#18228),#18239,.F.);
#18228 = FACE_BOUND('',#18229,.T.);
#18229 = EDGE_LOOP('',(#18230,#18231,#18237,#18238));
#18230 = ORIENTED_EDGE('',*,*,#16610,.T.);
#18231 = ORIENTED_EDGE('',*,*,#18232,.T.);
#18232 = EDGE_CURVE('',#16611,#17415,#18233,.T.);
#18233 = LINE('',#18234,#18235);
#18234 = CARTESIAN_POINT('',(149.75,-126.,-4.6E-02));
#18235 = VECTOR('',#18236,1.);
#18236 = DIRECTION('',(0.,0.,1.));
#18237 = ORIENTED_EDGE('',*,*,#17414,.F.);
#18238 = ORIENTED_EDGE('',*,*,#18232,.F.);
#18239 = CYLINDRICAL_SURFACE('',#18240,0.5);
#18240 = AXIS2_PLACEMENT_3D('',#18241,#18242,#18243);
#18241 = CARTESIAN_POINT('',(149.75,-125.5,-4.6E-02));
#18242 = DIRECTION('',(-0.,-0.,-1.));
#18243 = DIRECTION('',(-0.,-1.,0.));
#18244 = ADVANCED_FACE('',(#18245),#18256,.F.);
#18245 = FACE_BOUND('',#18246,.T.);
#18246 = EDGE_LOOP('',(#18247,#18248,#18254,#18255));
#18247 = ORIENTED_EDGE('',*,*,#16621,.T.);
#18248 = ORIENTED_EDGE('',*,*,#18249,.T.);
#18249 = EDGE_CURVE('',#16622,#17426,#18250,.T.);
#18250 = LINE('',#18251,#18252);
#18251 = CARTESIAN_POINT('',(149.75,-123.46,-4.6E-02));
#18252 = VECTOR('',#18253,1.);
#18253 = DIRECTION('',(0.,0.,1.));
#18254 = ORIENTED_EDGE('',*,*,#17425,.F.);
#18255 = ORIENTED_EDGE('',*,*,#18249,.F.);
#18256 = CYLINDRICAL_SURFACE('',#18257,0.5);
#18257 = AXIS2_PLACEMENT_3D('',#18258,#18259,#18260);
#18258 = CARTESIAN_POINT('',(149.75,-122.96,-4.6E-02));
#18259 = DIRECTION('',(-0.,-0.,-1.));
#18260 = DIRECTION('',(-0.,-1.,0.));
#18261 = ADVANCED_FACE('',(#18262),#18273,.F.);
#18262 = FACE_BOUND('',#18263,.T.);
#18263 = EDGE_LOOP('',(#18264,#18265,#18271,#18272));
#18264 = ORIENTED_EDGE('',*,*,#16632,.T.);
#18265 = ORIENTED_EDGE('',*,*,#18266,.T.);
#18266 = EDGE_CURVE('',#16633,#17437,#18267,.T.);
#18267 = LINE('',#18268,#18269);
#18268 = CARTESIAN_POINT('',(149.75,-120.92,-4.6E-02));
#18269 = VECTOR('',#18270,1.);
#18270 = DIRECTION('',(0.,0.,1.));
#18271 = ORIENTED_EDGE('',*,*,#17436,.F.);
#18272 = ORIENTED_EDGE('',*,*,#18266,.F.);
#18273 = CYLINDRICAL_SURFACE('',#18274,0.5);
#18274 = AXIS2_PLACEMENT_3D('',#18275,#18276,#18277);
#18275 = CARTESIAN_POINT('',(149.75,-120.42,-4.6E-02));
#18276 = DIRECTION('',(-0.,-0.,-1.));
#18277 = DIRECTION('',(-0.,-1.,0.));
#18278 = ADVANCED_FACE('',(#18279),#18290,.F.);
#18279 = FACE_BOUND('',#18280,.T.);
#18280 = EDGE_LOOP('',(#18281,#18282,#18288,#18289));
#18281 = ORIENTED_EDGE('',*,*,#16643,.T.);
#18282 = ORIENTED_EDGE('',*,*,#18283,.T.);
#18283 = EDGE_CURVE('',#16644,#17448,#18284,.T.);
#18284 = LINE('',#18285,#18286);
#18285 = CARTESIAN_POINT('',(110.5,-119.17,-4.6E-02));
#18286 = VECTOR('',#18287,1.);
#18287 = DIRECTION('',(0.,0.,1.));
#18288 = ORIENTED_EDGE('',*,*,#17447,.F.);
#18289 = ORIENTED_EDGE('',*,*,#18283,.F.);
#18290 = CYLINDRICAL_SURFACE('',#18291,0.5);
#18291 = AXIS2_PLACEMENT_3D('',#18292,#18293,#18294);
#18292 = CARTESIAN_POINT('',(110.5,-118.67,-4.6E-02));
#18293 = DIRECTION('',(-0.,-0.,-1.));
#18294 = DIRECTION('',(-0.,-1.,0.));
#18295 = ADVANCED_FACE('',(#18296),#18307,.F.);
#18296 = FACE_BOUND('',#18297,.T.);
#18297 = EDGE_LOOP('',(#18298,#18299,#18305,#18306));
#18298 = ORIENTED_EDGE('',*,*,#16654,.T.);
#18299 = ORIENTED_EDGE('',*,*,#18300,.T.);
#18300 = EDGE_CURVE('',#16655,#17459,#18301,.T.);
#18301 = LINE('',#18302,#18303);
#18302 = CARTESIAN_POINT('',(110.5,-116.25,-4.6E-02));
#18303 = VECTOR('',#18304,1.);
#18304 = DIRECTION('',(0.,0.,1.));
#18305 = ORIENTED_EDGE('',*,*,#17458,.F.);
#18306 = ORIENTED_EDGE('',*,*,#18300,.F.);
#18307 = CYLINDRICAL_SURFACE('',#18308,0.5);
#18308 = AXIS2_PLACEMENT_3D('',#18309,#18310,#18311);
#18309 = CARTESIAN_POINT('',(110.5,-115.75,-4.6E-02));
#18310 = DIRECTION('',(-0.,-0.,-1.));
#18311 = DIRECTION('',(-0.,-1.,0.));
#18312 = ADVANCED_FACE('',(#18313),#18324,.F.);
#18313 = FACE_BOUND('',#18314,.T.);
#18314 = EDGE_LOOP('',(#18315,#18316,#18322,#18323));
#18315 = ORIENTED_EDGE('',*,*,#16665,.T.);
#18316 = ORIENTED_EDGE('',*,*,#18317,.T.);
#18317 = EDGE_CURVE('',#16666,#17470,#18318,.T.);
#18318 = LINE('',#18319,#18320);
#18319 = CARTESIAN_POINT('',(149.75,-118.38,-4.6E-02));
#18320 = VECTOR('',#18321,1.);
#18321 = DIRECTION('',(0.,0.,1.));
#18322 = ORIENTED_EDGE('',*,*,#17469,.F.);
#18323 = ORIENTED_EDGE('',*,*,#18317,.F.);
#18324 = CYLINDRICAL_SURFACE('',#18325,0.5);
#18325 = AXIS2_PLACEMENT_3D('',#18326,#18327,#18328);
#18326 = CARTESIAN_POINT('',(149.75,-117.88,-4.6E-02));
#18327 = DIRECTION('',(-0.,-0.,-1.));
#18328 = DIRECTION('',(-0.,-1.,0.));
#18329 = ADVANCED_FACE('',(#18330),#18341,.F.);
#18330 = FACE_BOUND('',#18331,.T.);
#18331 = EDGE_LOOP('',(#18332,#18333,#18339,#18340));
#18332 = ORIENTED_EDGE('',*,*,#16676,.T.);
#18333 = ORIENTED_EDGE('',*,*,#18334,.T.);
#18334 = EDGE_CURVE('',#16677,#17481,#18335,.T.);
#18335 = LINE('',#18336,#18337);
#18336 = CARTESIAN_POINT('',(161.55,-130.07,-4.6E-02));
#18337 = VECTOR('',#18338,1.);
#18338 = DIRECTION('',(0.,0.,1.));
#18339 = ORIENTED_EDGE('',*,*,#17480,.F.);
#18340 = ORIENTED_EDGE('',*,*,#18334,.F.);
#18341 = CYLINDRICAL_SURFACE('',#18342,0.5);
#18342 = AXIS2_PLACEMENT_3D('',#18343,#18344,#18345);
#18343 = CARTESIAN_POINT('',(161.55,-129.57,-4.6E-02));
#18344 = DIRECTION('',(-0.,-0.,-1.));
#18345 = DIRECTION('',(-0.,-1.,0.));
#18346 = ADVANCED_FACE('',(#18347),#18358,.F.);
#18347 = FACE_BOUND('',#18348,.T.);
#18348 = EDGE_LOOP('',(#18349,#18350,#18356,#18357));
#18349 = ORIENTED_EDGE('',*,*,#16687,.T.);
#18350 = ORIENTED_EDGE('',*,*,#18351,.T.);
#18351 = EDGE_CURVE('',#16688,#17492,#18352,.T.);
#18352 = LINE('',#18353,#18354);
#18353 = CARTESIAN_POINT('',(161.55,-127.53,-4.6E-02));
#18354 = VECTOR('',#18355,1.);
#18355 = DIRECTION('',(0.,0.,1.));
#18356 = ORIENTED_EDGE('',*,*,#17491,.F.);
#18357 = ORIENTED_EDGE('',*,*,#18351,.F.);
#18358 = CYLINDRICAL_SURFACE('',#18359,0.5);
#18359 = AXIS2_PLACEMENT_3D('',#18360,#18361,#18362);
#18360 = CARTESIAN_POINT('',(161.55,-127.03,-4.6E-02));
#18361 = DIRECTION('',(-0.,-0.,-1.));
#18362 = DIRECTION('',(-0.,-1.,0.));
#18363 = ADVANCED_FACE('',(#18364),#18375,.F.);
#18364 = FACE_BOUND('',#18365,.T.);
#18365 = EDGE_LOOP('',(#18366,#18367,#18373,#18374));
#18366 = ORIENTED_EDGE('',*,*,#16698,.T.);
#18367 = ORIENTED_EDGE('',*,*,#18368,.T.);
#18368 = EDGE_CURVE('',#16699,#17503,#18369,.T.);
#18369 = LINE('',#18370,#18371);
#18370 = CARTESIAN_POINT('',(161.55,-124.99,-4.6E-02));
#18371 = VECTOR('',#18372,1.);
#18372 = DIRECTION('',(0.,0.,1.));
#18373 = ORIENTED_EDGE('',*,*,#17502,.F.);
#18374 = ORIENTED_EDGE('',*,*,#18368,.F.);
#18375 = CYLINDRICAL_SURFACE('',#18376,0.5);
#18376 = AXIS2_PLACEMENT_3D('',#18377,#18378,#18379);
#18377 = CARTESIAN_POINT('',(161.55,-124.49,-4.6E-02));
#18378 = DIRECTION('',(-0.,-0.,-1.));
#18379 = DIRECTION('',(-0.,-1.,0.));
#18380 = ADVANCED_FACE('',(#18381),#18392,.F.);
#18381 = FACE_BOUND('',#18382,.T.);
#18382 = EDGE_LOOP('',(#18383,#18384,#18390,#18391));
#18383 = ORIENTED_EDGE('',*,*,#16709,.T.);
#18384 = ORIENTED_EDGE('',*,*,#18385,.T.);
#18385 = EDGE_CURVE('',#16710,#17514,#18386,.T.);
#18386 = LINE('',#18387,#18388);
#18387 = CARTESIAN_POINT('',(161.55,-122.45,-4.6E-02));
#18388 = VECTOR('',#18389,1.);
#18389 = DIRECTION('',(0.,0.,1.));
#18390 = ORIENTED_EDGE('',*,*,#17513,.F.);
#18391 = ORIENTED_EDGE('',*,*,#18385,.F.);
#18392 = CYLINDRICAL_SURFACE('',#18393,0.5);
#18393 = AXIS2_PLACEMENT_3D('',#18394,#18395,#18396);
#18394 = CARTESIAN_POINT('',(161.55,-121.95,-4.6E-02));
#18395 = DIRECTION('',(-0.,-0.,-1.));
#18396 = DIRECTION('',(-0.,-1.,0.));
#18397 = ADVANCED_FACE('',(#18398),#18409,.F.);
#18398 = FACE_BOUND('',#18399,.T.);
#18399 = EDGE_LOOP('',(#18400,#18401,#18407,#18408));
#18400 = ORIENTED_EDGE('',*,*,#16720,.T.);
#18401 = ORIENTED_EDGE('',*,*,#18402,.T.);
#18402 = EDGE_CURVE('',#16721,#17525,#18403,.T.);
#18403 = LINE('',#18404,#18405);
#18404 = CARTESIAN_POINT('',(161.55,-119.91,-4.6E-02));
#18405 = VECTOR('',#18406,1.);
#18406 = DIRECTION('',(0.,0.,1.));
#18407 = ORIENTED_EDGE('',*,*,#17524,.F.);
#18408 = ORIENTED_EDGE('',*,*,#18402,.F.);
#18409 = CYLINDRICAL_SURFACE('',#18410,0.5);
#18410 = AXIS2_PLACEMENT_3D('',#18411,#18412,#18413);
#18411 = CARTESIAN_POINT('',(161.55,-119.41,-4.6E-02));
#18412 = DIRECTION('',(-0.,-0.,-1.));
#18413 = DIRECTION('',(-0.,-1.,0.));
#18414 = ADVANCED_FACE('',(#18415),#18426,.F.);
#18415 = FACE_BOUND('',#18416,.T.);
#18416 = EDGE_LOOP('',(#18417,#18418,#18424,#18425));
#18417 = ORIENTED_EDGE('',*,*,#16731,.T.);
#18418 = ORIENTED_EDGE('',*,*,#18419,.T.);
#18419 = EDGE_CURVE('',#16732,#17536,#18420,.T.);
#18420 = LINE('',#18421,#18422);
#18421 = CARTESIAN_POINT('',(179.33,-130.07,-4.6E-02));
#18422 = VECTOR('',#18423,1.);
#18423 = DIRECTION('',(0.,0.,1.));
#18424 = ORIENTED_EDGE('',*,*,#17535,.F.);
#18425 = ORIENTED_EDGE('',*,*,#18419,.F.);
#18426 = CYLINDRICAL_SURFACE('',#18427,0.5);
#18427 = AXIS2_PLACEMENT_3D('',#18428,#18429,#18430);
#18428 = CARTESIAN_POINT('',(179.33,-129.57,-4.6E-02));
#18429 = DIRECTION('',(-0.,-0.,-1.));
#18430 = DIRECTION('',(-0.,-1.,0.));
#18431 = ADVANCED_FACE('',(#18432),#18443,.F.);
#18432 = FACE_BOUND('',#18433,.T.);
#18433 = EDGE_LOOP('',(#18434,#18435,#18441,#18442));
#18434 = ORIENTED_EDGE('',*,*,#16742,.T.);
#18435 = ORIENTED_EDGE('',*,*,#18436,.T.);
#18436 = EDGE_CURVE('',#16743,#17547,#18437,.T.);
#18437 = LINE('',#18438,#18439);
#18438 = CARTESIAN_POINT('',(179.33,-127.53,-4.6E-02));
#18439 = VECTOR('',#18440,1.);
#18440 = DIRECTION('',(0.,0.,1.));
#18441 = ORIENTED_EDGE('',*,*,#17546,.F.);
#18442 = ORIENTED_EDGE('',*,*,#18436,.F.);
#18443 = CYLINDRICAL_SURFACE('',#18444,0.5);
#18444 = AXIS2_PLACEMENT_3D('',#18445,#18446,#18447);
#18445 = CARTESIAN_POINT('',(179.33,-127.03,-4.6E-02));
#18446 = DIRECTION('',(-0.,-0.,-1.));
#18447 = DIRECTION('',(-0.,-1.,0.));
#18448 = ADVANCED_FACE('',(#18449),#18465,.F.);
#18449 = FACE_BOUND('',#18450,.T.);
#18450 = EDGE_LOOP('',(#18451,#18452,#18458,#18459));
#18451 = ORIENTED_EDGE('',*,*,#16753,.T.);
#18452 = ORIENTED_EDGE('',*,*,#18453,.T.);
#18453 = EDGE_CURVE('',#16756,#17560,#18454,.T.);
#18454 = LINE('',#18455,#18456);
#18455 = CARTESIAN_POINT('',(194.7,-132.25,-4.6E-02));
#18456 = VECTOR('',#18457,1.);
#18457 = DIRECTION('',(0.,0.,1.));
#18458 = ORIENTED_EDGE('',*,*,#17557,.F.);
#18459 = ORIENTED_EDGE('',*,*,#18460,.F.);
#18460 = EDGE_CURVE('',#16754,#17558,#18461,.T.);
#18461 = LINE('',#18462,#18463);
#18462 = CARTESIAN_POINT('',(194.7,-131.25,-4.6E-02));
#18463 = VECTOR('',#18464,1.);
#18464 = DIRECTION('',(0.,0.,1.));
#18465 = CYLINDRICAL_SURFACE('',#18466,0.5);
#18466 = AXIS2_PLACEMENT_3D('',#18467,#18468,#18469);
#18467 = CARTESIAN_POINT('',(194.7,-131.75,-4.6E-02));
#18468 = DIRECTION('',(-0.,-0.,-1.));
#18469 = DIRECTION('',(-0.,-1.,0.));
#18470 = ADVANCED_FACE('',(#18471),#18482,.T.);
#18471 = FACE_BOUND('',#18472,.T.);
#18472 = EDGE_LOOP('',(#18473,#18474,#18475,#18476));
#18473 = ORIENTED_EDGE('',*,*,#16781,.T.);
#18474 = ORIENTED_EDGE('',*,*,#18460,.T.);
#18475 = ORIENTED_EDGE('',*,*,#17585,.F.);
#18476 = ORIENTED_EDGE('',*,*,#18477,.F.);
#18477 = EDGE_CURVE('',#16773,#17577,#18478,.T.);
#18478 = LINE('',#18479,#18480);
#18479 = CARTESIAN_POINT('',(194.3,-131.25,-4.6E-02));
#18480 = VECTOR('',#18481,1.);
#18481 = DIRECTION('',(0.,0.,1.));
#18482 = PLANE('',#18483);
#18483 = AXIS2_PLACEMENT_3D('',#18484,#18485,#18486);
#18484 = CARTESIAN_POINT('',(194.7,-131.25,-4.6E-02));
#18485 = DIRECTION('',(0.,-1.,0.));
#18486 = DIRECTION('',(-1.,0.,0.));
#18487 = ADVANCED_FACE('',(#18488),#18499,.F.);
#18488 = FACE_BOUND('',#18489,.T.);
#18489 = EDGE_LOOP('',(#18490,#18491,#18492,#18493));
#18490 = ORIENTED_EDGE('',*,*,#16772,.T.);
#18491 = ORIENTED_EDGE('',*,*,#18477,.T.);
#18492 = ORIENTED_EDGE('',*,*,#17576,.F.);
#18493 = ORIENTED_EDGE('',*,*,#18494,.F.);
#18494 = EDGE_CURVE('',#16765,#17569,#18495,.T.);
#18495 = LINE('',#18496,#18497);
#18496 = CARTESIAN_POINT('',(194.3,-132.25,-4.6E-02));
#18497 = VECTOR('',#18498,1.);
#18498 = DIRECTION('',(0.,0.,1.));
#18499 = CYLINDRICAL_SURFACE('',#18500,0.5);
#18500 = AXIS2_PLACEMENT_3D('',#18501,#18502,#18503);
#18501 = CARTESIAN_POINT('',(194.3,-131.75,-4.6E-02));
#18502 = DIRECTION('',(-0.,0.,-1.));
#18503 = DIRECTION('',(0.,1.,0.));
#18504 = ADVANCED_FACE('',(#18505),#18511,.T.);
#18505 = FACE_BOUND('',#18506,.T.);
#18506 = EDGE_LOOP('',(#18507,#18508,#18509,#18510));
#18507 = ORIENTED_EDGE('',*,*,#16764,.T.);
#18508 = ORIENTED_EDGE('',*,*,#18494,.T.);
#18509 = ORIENTED_EDGE('',*,*,#17568,.F.);
#18510 = ORIENTED_EDGE('',*,*,#18453,.F.);
#18511 = PLANE('',#18512);
#18512 = AXIS2_PLACEMENT_3D('',#18513,#18514,#18515);
#18513 = CARTESIAN_POINT('',(194.3,-132.25,-4.6E-02));
#18514 = DIRECTION('',(0.,1.,0.));
#18515 = DIRECTION('',(1.,0.,0.));
#18516 = ADVANCED_FACE('',(#18517),#18528,.F.);
#18517 = FACE_BOUND('',#18518,.T.);
#18518 = EDGE_LOOP('',(#18519,#18520,#18526,#18527));
#18519 = ORIENTED_EDGE('',*,*,#16789,.T.);
#18520 = ORIENTED_EDGE('',*,*,#18521,.T.);
#18521 = EDGE_CURVE('',#16790,#17594,#18522,.T.);
#18522 = LINE('',#18523,#18524);
#18523 = CARTESIAN_POINT('',(179.33,-124.99,-4.6E-02));
#18524 = VECTOR('',#18525,1.);
#18525 = DIRECTION('',(0.,0.,1.));
#18526 = ORIENTED_EDGE('',*,*,#17593,.F.);
#18527 = ORIENTED_EDGE('',*,*,#18521,.F.);
#18528 = CYLINDRICAL_SURFACE('',#18529,0.5);
#18529 = AXIS2_PLACEMENT_3D('',#18530,#18531,#18532);
#18530 = CARTESIAN_POINT('',(179.33,-124.49,-4.6E-02));
#18531 = DIRECTION('',(-0.,-0.,-1.));
#18532 = DIRECTION('',(-0.,-1.,0.));
#18533 = ADVANCED_FACE('',(#18534),#18545,.F.);
#18534 = FACE_BOUND('',#18535,.T.);
#18535 = EDGE_LOOP('',(#18536,#18537,#18543,#18544));
#18536 = ORIENTED_EDGE('',*,*,#16800,.T.);
#18537 = ORIENTED_EDGE('',*,*,#18538,.T.);
#18538 = EDGE_CURVE('',#16801,#17605,#18539,.T.);
#18539 = LINE('',#18540,#18541);
#18540 = CARTESIAN_POINT('',(179.33,-122.45,-4.6E-02));
#18541 = VECTOR('',#18542,1.);
#18542 = DIRECTION('',(0.,0.,1.));
#18543 = ORIENTED_EDGE('',*,*,#17604,.F.);
#18544 = ORIENTED_EDGE('',*,*,#18538,.F.);
#18545 = CYLINDRICAL_SURFACE('',#18546,0.5);
#18546 = AXIS2_PLACEMENT_3D('',#18547,#18548,#18549);
#18547 = CARTESIAN_POINT('',(179.33,-121.95,-4.6E-02));
#18548 = DIRECTION('',(-0.,-0.,-1.));
#18549 = DIRECTION('',(-0.,-1.,0.));
#18550 = ADVANCED_FACE('',(#18551),#18562,.F.);
#18551 = FACE_BOUND('',#18552,.T.);
#18552 = EDGE_LOOP('',(#18553,#18554,#18560,#18561));
#18553 = ORIENTED_EDGE('',*,*,#16811,.T.);
#18554 = ORIENTED_EDGE('',*,*,#18555,.T.);
#18555 = EDGE_CURVE('',#16812,#17616,#18556,.T.);
#18556 = LINE('',#18557,#18558);
#18557 = CARTESIAN_POINT('',(179.33,-119.91,-4.6E-02));
#18558 = VECTOR('',#18559,1.);
#18559 = DIRECTION('',(0.,0.,1.));
#18560 = ORIENTED_EDGE('',*,*,#17615,.F.);
#18561 = ORIENTED_EDGE('',*,*,#18555,.F.);
#18562 = CYLINDRICAL_SURFACE('',#18563,0.5);
#18563 = AXIS2_PLACEMENT_3D('',#18564,#18565,#18566);
#18564 = CARTESIAN_POINT('',(179.33,-119.41,-4.6E-02));
#18565 = DIRECTION('',(-0.,-0.,-1.));
#18566 = DIRECTION('',(-0.,-1.,0.));
#18567 = ADVANCED_FACE('',(#18568),#18579,.F.);
#18568 = FACE_BOUND('',#18569,.T.);
#18569 = EDGE_LOOP('',(#18570,#18571,#18577,#18578));
#18570 = ORIENTED_EDGE('',*,*,#16822,.T.);
#18571 = ORIENTED_EDGE('',*,*,#18572,.T.);
#18572 = EDGE_CURVE('',#16823,#17627,#18573,.T.);
#18573 = LINE('',#18574,#18575);
#18574 = CARTESIAN_POINT('',(161.55,-117.37,-4.6E-02));
#18575 = VECTOR('',#18576,1.);
#18576 = DIRECTION('',(0.,0.,1.));
#18577 = ORIENTED_EDGE('',*,*,#17626,.F.);
#18578 = ORIENTED_EDGE('',*,*,#18572,.F.);
#18579 = CYLINDRICAL_SURFACE('',#18580,0.5);
#18580 = AXIS2_PLACEMENT_3D('',#18581,#18582,#18583);
#18581 = CARTESIAN_POINT('',(161.55,-116.87,-4.6E-02));
#18582 = DIRECTION('',(-0.,-0.,-1.));
#18583 = DIRECTION('',(-0.,-1.,0.));
#18584 = ADVANCED_FACE('',(#18585),#18596,.F.);
#18585 = FACE_BOUND('',#18586,.T.);
#18586 = EDGE_LOOP('',(#18587,#18588,#18594,#18595));
#18587 = ORIENTED_EDGE('',*,*,#16833,.T.);
#18588 = ORIENTED_EDGE('',*,*,#18589,.T.);
#18589 = EDGE_CURVE('',#16834,#17638,#18590,.T.);
#18590 = LINE('',#18591,#18592);
#18591 = CARTESIAN_POINT('',(161.55,-114.83,-4.6E-02));
#18592 = VECTOR('',#18593,1.);
#18593 = DIRECTION('',(0.,0.,1.));
#18594 = ORIENTED_EDGE('',*,*,#17637,.F.);
#18595 = ORIENTED_EDGE('',*,*,#18589,.F.);
#18596 = CYLINDRICAL_SURFACE('',#18597,0.5);
#18597 = AXIS2_PLACEMENT_3D('',#18598,#18599,#18600);
#18598 = CARTESIAN_POINT('',(161.55,-114.33,-4.6E-02));
#18599 = DIRECTION('',(-0.,-0.,-1.));
#18600 = DIRECTION('',(-0.,-1.,0.));
#18601 = ADVANCED_FACE('',(#18602),#18613,.F.);
#18602 = FACE_BOUND('',#18603,.T.);
#18603 = EDGE_LOOP('',(#18604,#18605,#18611,#18612));
#18604 = ORIENTED_EDGE('',*,*,#16844,.T.);
#18605 = ORIENTED_EDGE('',*,*,#18606,.T.);
#18606 = EDGE_CURVE('',#16845,#17649,#18607,.T.);
#18607 = LINE('',#18608,#18609);
#18608 = CARTESIAN_POINT('',(161.55,-112.29,-4.6E-02));
#18609 = VECTOR('',#18610,1.);
#18610 = DIRECTION('',(0.,0.,1.));
#18611 = ORIENTED_EDGE('',*,*,#17648,.F.);
#18612 = ORIENTED_EDGE('',*,*,#18606,.F.);
#18613 = CYLINDRICAL_SURFACE('',#18614,0.5);
#18614 = AXIS2_PLACEMENT_3D('',#18615,#18616,#18617);
#18615 = CARTESIAN_POINT('',(161.55,-111.79,-4.6E-02));
#18616 = DIRECTION('',(-0.,-0.,-1.));
#18617 = DIRECTION('',(-0.,-1.,0.));
#18618 = ADVANCED_FACE('',(#18619),#18630,.F.);
#18619 = FACE_BOUND('',#18620,.T.);
#18620 = EDGE_LOOP('',(#18621,#18622,#18628,#18629));
#18621 = ORIENTED_EDGE('',*,*,#16855,.T.);
#18622 = ORIENTED_EDGE('',*,*,#18623,.T.);
#18623 = EDGE_CURVE('',#16856,#17660,#18624,.T.);
#18624 = LINE('',#18625,#18626);
#18625 = CARTESIAN_POINT('',(161.55,-109.75,-4.6E-02));
#18626 = VECTOR('',#18627,1.);
#18627 = DIRECTION('',(0.,0.,1.));
#18628 = ORIENTED_EDGE('',*,*,#17659,.F.);
#18629 = ORIENTED_EDGE('',*,*,#18623,.F.);
#18630 = CYLINDRICAL_SURFACE('',#18631,0.5);
#18631 = AXIS2_PLACEMENT_3D('',#18632,#18633,#18634);
#18632 = CARTESIAN_POINT('',(161.55,-109.25,-4.6E-02));
#18633 = DIRECTION('',(-0.,-0.,-1.));
#18634 = DIRECTION('',(-0.,-1.,0.));
#18635 = ADVANCED_FACE('',(#18636),#18647,.F.);
#18636 = FACE_BOUND('',#18637,.T.);
#18637 = EDGE_LOOP('',(#18638,#18639,#18645,#18646));
#18638 = ORIENTED_EDGE('',*,*,#16866,.T.);
#18639 = ORIENTED_EDGE('',*,*,#18640,.T.);
#18640 = EDGE_CURVE('',#16867,#17671,#18641,.T.);
#18641 = LINE('',#18642,#18643);
#18642 = CARTESIAN_POINT('',(161.55,-107.21,-4.6E-02));
#18643 = VECTOR('',#18644,1.);
#18644 = DIRECTION('',(0.,0.,1.));
#18645 = ORIENTED_EDGE('',*,*,#17670,.F.);
#18646 = ORIENTED_EDGE('',*,*,#18640,.F.);
#18647 = CYLINDRICAL_SURFACE('',#18648,0.5);
#18648 = AXIS2_PLACEMENT_3D('',#18649,#18650,#18651);
#18649 = CARTESIAN_POINT('',(161.55,-106.71,-4.6E-02));
#18650 = DIRECTION('',(-0.,-0.,-1.));
#18651 = DIRECTION('',(-0.,-1.,0.));
#18652 = ADVANCED_FACE('',(#18653),#18664,.F.);
#18653 = FACE_BOUND('',#18654,.T.);
#18654 = EDGE_LOOP('',(#18655,#18656,#18662,#18663));
#18655 = ORIENTED_EDGE('',*,*,#16877,.T.);
#18656 = ORIENTED_EDGE('',*,*,#18657,.T.);
#18657 = EDGE_CURVE('',#16878,#17682,#18658,.T.);
#18658 = LINE('',#18659,#18660);
#18659 = CARTESIAN_POINT('',(179.33,-117.37,-4.6E-02));
#18660 = VECTOR('',#18661,1.);
#18661 = DIRECTION('',(0.,0.,1.));
#18662 = ORIENTED_EDGE('',*,*,#17681,.F.);
#18663 = ORIENTED_EDGE('',*,*,#18657,.F.);
#18664 = CYLINDRICAL_SURFACE('',#18665,0.5);
#18665 = AXIS2_PLACEMENT_3D('',#18666,#18667,#18668);
#18666 = CARTESIAN_POINT('',(179.33,-116.87,-4.6E-02));
#18667 = DIRECTION('',(-0.,-0.,-1.));
#18668 = DIRECTION('',(-0.,-1.,0.));
#18669 = ADVANCED_FACE('',(#18670),#18681,.F.);
#18670 = FACE_BOUND('',#18671,.T.);
#18671 = EDGE_LOOP('',(#18672,#18673,#18679,#18680));
#18672 = ORIENTED_EDGE('',*,*,#16888,.T.);
#18673 = ORIENTED_EDGE('',*,*,#18674,.T.);
#18674 = EDGE_CURVE('',#16889,#17693,#18675,.T.);
#18675 = LINE('',#18676,#18677);
#18676 = CARTESIAN_POINT('',(179.33,-114.83,-4.6E-02));
#18677 = VECTOR('',#18678,1.);
#18678 = DIRECTION('',(0.,0.,1.));
#18679 = ORIENTED_EDGE('',*,*,#17692,.F.);
#18680 = ORIENTED_EDGE('',*,*,#18674,.F.);
#18681 = CYLINDRICAL_SURFACE('',#18682,0.5);
#18682 = AXIS2_PLACEMENT_3D('',#18683,#18684,#18685);
#18683 = CARTESIAN_POINT('',(179.33,-114.33,-4.6E-02));
#18684 = DIRECTION('',(-0.,-0.,-1.));
#18685 = DIRECTION('',(-0.,-1.,0.));
#18686 = ADVANCED_FACE('',(#18687),#18698,.F.);
#18687 = FACE_BOUND('',#18688,.T.);
#18688 = EDGE_LOOP('',(#18689,#18690,#18696,#18697));
#18689 = ORIENTED_EDGE('',*,*,#16899,.T.);
#18690 = ORIENTED_EDGE('',*,*,#18691,.T.);
#18691 = EDGE_CURVE('',#16900,#17704,#18692,.T.);
#18692 = LINE('',#18693,#18694);
#18693 = CARTESIAN_POINT('',(179.33,-112.29,-4.6E-02));
#18694 = VECTOR('',#18695,1.);
#18695 = DIRECTION('',(0.,0.,1.));
#18696 = ORIENTED_EDGE('',*,*,#17703,.F.);
#18697 = ORIENTED_EDGE('',*,*,#18691,.F.);
#18698 = CYLINDRICAL_SURFACE('',#18699,0.5);
#18699 = AXIS2_PLACEMENT_3D('',#18700,#18701,#18702);
#18700 = CARTESIAN_POINT('',(179.33,-111.79,-4.6E-02));
#18701 = DIRECTION('',(-0.,-0.,-1.));
#18702 = DIRECTION('',(-0.,-1.,0.));
#18703 = ADVANCED_FACE('',(#18704),#18715,.F.);
#18704 = FACE_BOUND('',#18705,.T.);
#18705 = EDGE_LOOP('',(#18706,#18707,#18713,#18714));
#18706 = ORIENTED_EDGE('',*,*,#16910,.T.);
#18707 = ORIENTED_EDGE('',*,*,#18708,.T.);
#18708 = EDGE_CURVE('',#16911,#17715,#18709,.T.);
#18709 = LINE('',#18710,#18711);
#18710 = CARTESIAN_POINT('',(179.33,-109.75,-4.6E-02));
#18711 = VECTOR('',#18712,1.);
#18712 = DIRECTION('',(0.,0.,1.));
#18713 = ORIENTED_EDGE('',*,*,#17714,.F.);
#18714 = ORIENTED_EDGE('',*,*,#18708,.F.);
#18715 = CYLINDRICAL_SURFACE('',#18716,0.5);
#18716 = AXIS2_PLACEMENT_3D('',#18717,#18718,#18719);
#18717 = CARTESIAN_POINT('',(179.33,-109.25,-4.6E-02));
#18718 = DIRECTION('',(-0.,-0.,-1.));
#18719 = DIRECTION('',(-0.,-1.,0.));
#18720 = ADVANCED_FACE('',(#18721),#18732,.F.);
#18721 = FACE_BOUND('',#18722,.T.);
#18722 = EDGE_LOOP('',(#18723,#18724,#18730,#18731));
#18723 = ORIENTED_EDGE('',*,*,#16921,.T.);
#18724 = ORIENTED_EDGE('',*,*,#18725,.T.);
#18725 = EDGE_CURVE('',#16922,#17726,#18726,.T.);
#18726 = LINE('',#18727,#18728);
#18727 = CARTESIAN_POINT('',(179.33,-107.21,-4.6E-02));
#18728 = VECTOR('',#18729,1.);
#18729 = DIRECTION('',(0.,0.,1.));
#18730 = ORIENTED_EDGE('',*,*,#17725,.F.);
#18731 = ORIENTED_EDGE('',*,*,#18725,.F.);
#18732 = CYLINDRICAL_SURFACE('',#18733,0.5);
#18733 = AXIS2_PLACEMENT_3D('',#18734,#18735,#18736);
#18734 = CARTESIAN_POINT('',(179.33,-106.71,-4.6E-02));
#18735 = DIRECTION('',(-0.,-0.,-1.));
#18736 = DIRECTION('',(-0.,-1.,0.));
#18737 = ADVANCED_FACE('',(#18738),#18749,.F.);
#18738 = FACE_BOUND('',#18739,.T.);
#18739 = EDGE_LOOP('',(#18740,#18741,#18747,#18748));
#18740 = ORIENTED_EDGE('',*,*,#16932,.T.);
#18741 = ORIENTED_EDGE('',*,*,#18742,.T.);
#18742 = EDGE_CURVE('',#16933,#17737,#18743,.T.);
#18743 = LINE('',#18744,#18745);
#18744 = CARTESIAN_POINT('',(103.25,-105.25,-4.6E-02));
#18745 = VECTOR('',#18746,1.);
#18746 = DIRECTION('',(0.,0.,1.));
#18747 = ORIENTED_EDGE('',*,*,#17736,.F.);
#18748 = ORIENTED_EDGE('',*,*,#18742,.F.);
#18749 = CYLINDRICAL_SURFACE('',#18750,0.5);
#18750 = AXIS2_PLACEMENT_3D('',#18751,#18752,#18753);
#18751 = CARTESIAN_POINT('',(103.25,-104.75,-4.6E-02));
#18752 = DIRECTION('',(-0.,-0.,-1.));
#18753 = DIRECTION('',(-0.,-1.,0.));
#18754 = ADVANCED_FACE('',(#18755),#18766,.F.);
#18755 = FACE_BOUND('',#18756,.T.);
#18756 = EDGE_LOOP('',(#18757,#18758,#18764,#18765));
#18757 = ORIENTED_EDGE('',*,*,#16943,.T.);
#18758 = ORIENTED_EDGE('',*,*,#18759,.T.);
#18759 = EDGE_CURVE('',#16944,#17748,#18760,.T.);
#18760 = LINE('',#18761,#18762);
#18761 = CARTESIAN_POINT('',(105.79,-105.25,-4.6E-02));
#18762 = VECTOR('',#18763,1.);
#18763 = DIRECTION('',(0.,0.,1.));
#18764 = ORIENTED_EDGE('',*,*,#17747,.F.);
#18765 = ORIENTED_EDGE('',*,*,#18759,.F.);
#18766 = CYLINDRICAL_SURFACE('',#18767,0.5);
#18767 = AXIS2_PLACEMENT_3D('',#18768,#18769,#18770);
#18768 = CARTESIAN_POINT('',(105.79,-104.75,-4.6E-02));
#18769 = DIRECTION('',(-0.,-0.,-1.));
#18770 = DIRECTION('',(-0.,-1.,0.));
#18771 = ADVANCED_FACE('',(#18772),#18783,.F.);
#18772 = FACE_BOUND('',#18773,.T.);
#18773 = EDGE_LOOP('',(#18774,#18775,#18781,#18782));
#18774 = ORIENTED_EDGE('',*,*,#16954,.T.);
#18775 = ORIENTED_EDGE('',*,*,#18776,.T.);
#18776 = EDGE_CURVE('',#16955,#17759,#18777,.T.);
#18777 = LINE('',#18778,#18779);
#18778 = CARTESIAN_POINT('',(108.33,-105.25,-4.6E-02));
#18779 = VECTOR('',#18780,1.);
#18780 = DIRECTION('',(0.,0.,1.));
#18781 = ORIENTED_EDGE('',*,*,#17758,.F.);
#18782 = ORIENTED_EDGE('',*,*,#18776,.F.);
#18783 = CYLINDRICAL_SURFACE('',#18784,0.5);
#18784 = AXIS2_PLACEMENT_3D('',#18785,#18786,#18787);
#18785 = CARTESIAN_POINT('',(108.33,-104.75,-4.6E-02));
#18786 = DIRECTION('',(-0.,-0.,-1.));
#18787 = DIRECTION('',(-0.,-1.,0.));
#18788 = ADVANCED_FACE('',(#18789),#18800,.F.);
#18789 = FACE_BOUND('',#18790,.T.);
#18790 = EDGE_LOOP('',(#18791,#18792,#18798,#18799));
#18791 = ORIENTED_EDGE('',*,*,#16965,.T.);
#18792 = ORIENTED_EDGE('',*,*,#18793,.T.);
#18793 = EDGE_CURVE('',#16966,#17770,#18794,.T.);
#18794 = LINE('',#18795,#18796);
#18795 = CARTESIAN_POINT('',(110.87,-105.25,-4.6E-02));
#18796 = VECTOR('',#18797,1.);
#18797 = DIRECTION('',(0.,0.,1.));
#18798 = ORIENTED_EDGE('',*,*,#17769,.F.);
#18799 = ORIENTED_EDGE('',*,*,#18793,.F.);
#18800 = CYLINDRICAL_SURFACE('',#18801,0.5);
#18801 = AXIS2_PLACEMENT_3D('',#18802,#18803,#18804);
#18802 = CARTESIAN_POINT('',(110.87,-104.75,-4.6E-02));
#18803 = DIRECTION('',(-0.,-0.,-1.));
#18804 = DIRECTION('',(-0.,-1.,0.));
#18805 = ADVANCED_FACE('',(#18806),#18817,.F.);
#18806 = FACE_BOUND('',#18807,.T.);
#18807 = EDGE_LOOP('',(#18808,#18809,#18815,#18816));
#18808 = ORIENTED_EDGE('',*,*,#16976,.T.);
#18809 = ORIENTED_EDGE('',*,*,#18810,.T.);
#18810 = EDGE_CURVE('',#16977,#17781,#18811,.T.);
#18811 = LINE('',#18812,#18813);
#18812 = CARTESIAN_POINT('',(133.,-105.25,-4.6E-02));
#18813 = VECTOR('',#18814,1.);
#18814 = DIRECTION('',(0.,0.,1.));
#18815 = ORIENTED_EDGE('',*,*,#17780,.F.);
#18816 = ORIENTED_EDGE('',*,*,#18810,.F.);
#18817 = CYLINDRICAL_SURFACE('',#18818,0.5);
#18818 = AXIS2_PLACEMENT_3D('',#18819,#18820,#18821);
#18819 = CARTESIAN_POINT('',(133.,-104.75,-4.6E-02));
#18820 = DIRECTION('',(-0.,-0.,-1.));
#18821 = DIRECTION('',(-0.,-1.,0.));
#18822 = ADVANCED_FACE('',(#18823),#18834,.F.);
#18823 = FACE_BOUND('',#18824,.T.);
#18824 = EDGE_LOOP('',(#18825,#18826,#18832,#18833));
#18825 = ORIENTED_EDGE('',*,*,#16987,.T.);
#18826 = ORIENTED_EDGE('',*,*,#18827,.T.);
#18827 = EDGE_CURVE('',#16988,#17792,#18828,.T.);
#18828 = LINE('',#18829,#18830);
#18829 = CARTESIAN_POINT('',(135.54,-105.25,-4.6E-02));
#18830 = VECTOR('',#18831,1.);
#18831 = DIRECTION('',(0.,0.,1.));
#18832 = ORIENTED_EDGE('',*,*,#17791,.F.);
#18833 = ORIENTED_EDGE('',*,*,#18827,.F.);
#18834 = CYLINDRICAL_SURFACE('',#18835,0.5);
#18835 = AXIS2_PLACEMENT_3D('',#18836,#18837,#18838);
#18836 = CARTESIAN_POINT('',(135.54,-104.75,-4.6E-02));
#18837 = DIRECTION('',(-0.,-0.,-1.));
#18838 = DIRECTION('',(-0.,-1.,0.));
#18839 = ADVANCED_FACE('',(#18840),#18851,.F.);
#18840 = FACE_BOUND('',#18841,.T.);
#18841 = EDGE_LOOP('',(#18842,#18843,#18849,#18850));
#18842 = ORIENTED_EDGE('',*,*,#16998,.T.);
#18843 = ORIENTED_EDGE('',*,*,#18844,.T.);
#18844 = EDGE_CURVE('',#16999,#17803,#18845,.T.);
#18845 = LINE('',#18846,#18847);
#18846 = CARTESIAN_POINT('',(138.08,-105.25,-4.6E-02));
#18847 = VECTOR('',#18848,1.);
#18848 = DIRECTION('',(0.,0.,1.));
#18849 = ORIENTED_EDGE('',*,*,#17802,.F.);
#18850 = ORIENTED_EDGE('',*,*,#18844,.F.);
#18851 = CYLINDRICAL_SURFACE('',#18852,0.5);
#18852 = AXIS2_PLACEMENT_3D('',#18853,#18854,#18855);
#18853 = CARTESIAN_POINT('',(138.08,-104.75,-4.6E-02));
#18854 = DIRECTION('',(-0.,-0.,-1.));
#18855 = DIRECTION('',(-0.,-1.,0.));
#18856 = ADVANCED_FACE('',(#18857),#18868,.F.);
#18857 = FACE_BOUND('',#18858,.T.);
#18858 = EDGE_LOOP('',(#18859,#18860,#18866,#18867));
#18859 = ORIENTED_EDGE('',*,*,#17009,.T.);
#18860 = ORIENTED_EDGE('',*,*,#18861,.T.);
#18861 = EDGE_CURVE('',#17010,#17814,#18862,.T.);
#18862 = LINE('',#18863,#18864);
#18863 = CARTESIAN_POINT('',(140.62,-105.25,-4.6E-02));
#18864 = VECTOR('',#18865,1.);
#18865 = DIRECTION('',(0.,0.,1.));
#18866 = ORIENTED_EDGE('',*,*,#17813,.F.);
#18867 = ORIENTED_EDGE('',*,*,#18861,.F.);
#18868 = CYLINDRICAL_SURFACE('',#18869,0.5);
#18869 = AXIS2_PLACEMENT_3D('',#18870,#18871,#18872);
#18870 = CARTESIAN_POINT('',(140.62,-104.75,-4.6E-02));
#18871 = DIRECTION('',(-0.,-0.,-1.));
#18872 = DIRECTION('',(-0.,-1.,0.));
#18873 = ADVANCED_FACE('',(#18874),#18885,.F.);
#18874 = FACE_BOUND('',#18875,.T.);
#18875 = EDGE_LOOP('',(#18876,#18877,#18883,#18884));
#18876 = ORIENTED_EDGE('',*,*,#17020,.T.);
#18877 = ORIENTED_EDGE('',*,*,#18878,.T.);
#18878 = EDGE_CURVE('',#17021,#17825,#18879,.T.);
#18879 = LINE('',#18880,#18881);
#18880 = CARTESIAN_POINT('',(161.55,-104.67,-4.6E-02));
#18881 = VECTOR('',#18882,1.);
#18882 = DIRECTION('',(0.,0.,1.));
#18883 = ORIENTED_EDGE('',*,*,#17824,.F.);
#18884 = ORIENTED_EDGE('',*,*,#18878,.F.);
#18885 = CYLINDRICAL_SURFACE('',#18886,0.5);
#18886 = AXIS2_PLACEMENT_3D('',#18887,#18888,#18889);
#18887 = CARTESIAN_POINT('',(161.55,-104.17,-4.6E-02));
#18888 = DIRECTION('',(-0.,-0.,-1.));
#18889 = DIRECTION('',(-0.,-1.,0.));
#18890 = ADVANCED_FACE('',(#18891),#18902,.F.);
#18891 = FACE_BOUND('',#18892,.T.);
#18892 = EDGE_LOOP('',(#18893,#18894,#18900,#18901));
#18893 = ORIENTED_EDGE('',*,*,#17031,.T.);
#18894 = ORIENTED_EDGE('',*,*,#18895,.T.);
#18895 = EDGE_CURVE('',#17032,#17836,#18896,.T.);
#18896 = LINE('',#18897,#18898);
#18897 = CARTESIAN_POINT('',(161.55,-102.13,-4.6E-02));
#18898 = VECTOR('',#18899,1.);
#18899 = DIRECTION('',(0.,0.,1.));
#18900 = ORIENTED_EDGE('',*,*,#17835,.F.);
#18901 = ORIENTED_EDGE('',*,*,#18895,.F.);
#18902 = CYLINDRICAL_SURFACE('',#18903,0.5);
#18903 = AXIS2_PLACEMENT_3D('',#18904,#18905,#18906);
#18904 = CARTESIAN_POINT('',(161.55,-101.63,-4.6E-02));
#18905 = DIRECTION('',(-0.,-0.,-1.));
#18906 = DIRECTION('',(-0.,-1.,0.));
#18907 = ADVANCED_FACE('',(#18908),#18919,.F.);
#18908 = FACE_BOUND('',#18909,.T.);
#18909 = EDGE_LOOP('',(#18910,#18911,#18917,#18918));
#18910 = ORIENTED_EDGE('',*,*,#17042,.T.);
#18911 = ORIENTED_EDGE('',*,*,#18912,.T.);
#18912 = EDGE_CURVE('',#17043,#17847,#18913,.T.);
#18913 = LINE('',#18914,#18915);
#18914 = CARTESIAN_POINT('',(161.55,-99.59,-4.6E-02));
#18915 = VECTOR('',#18916,1.);
#18916 = DIRECTION('',(0.,0.,1.));
#18917 = ORIENTED_EDGE('',*,*,#17846,.F.);
#18918 = ORIENTED_EDGE('',*,*,#18912,.F.);
#18919 = CYLINDRICAL_SURFACE('',#18920,0.5);
#18920 = AXIS2_PLACEMENT_3D('',#18921,#18922,#18923);
#18921 = CARTESIAN_POINT('',(161.55,-99.09,-4.6E-02));
#18922 = DIRECTION('',(-0.,-0.,-1.));
#18923 = DIRECTION('',(-0.,-1.,0.));
#18924 = ADVANCED_FACE('',(#18925),#18936,.F.);
#18925 = FACE_BOUND('',#18926,.T.);
#18926 = EDGE_LOOP('',(#18927,#18928,#18934,#18935));
#18927 = ORIENTED_EDGE('',*,*,#17053,.T.);
#18928 = ORIENTED_EDGE('',*,*,#18929,.T.);
#18929 = EDGE_CURVE('',#17054,#17858,#18930,.T.);
#18930 = LINE('',#18931,#18932);
#18931 = CARTESIAN_POINT('',(161.55,-97.05,-4.6E-02));
#18932 = VECTOR('',#18933,1.);
#18933 = DIRECTION('',(0.,0.,1.));
#18934 = ORIENTED_EDGE('',*,*,#17857,.F.);
#18935 = ORIENTED_EDGE('',*,*,#18929,.F.);
#18936 = CYLINDRICAL_SURFACE('',#18937,0.5);
#18937 = AXIS2_PLACEMENT_3D('',#18938,#18939,#18940);
#18938 = CARTESIAN_POINT('',(161.55,-96.55,-4.6E-02));
#18939 = DIRECTION('',(-0.,-0.,-1.));
#18940 = DIRECTION('',(-0.,-1.,0.));
#18941 = ADVANCED_FACE('',(#18942),#18953,.F.);
#18942 = FACE_BOUND('',#18943,.T.);
#18943 = EDGE_LOOP('',(#18944,#18945,#18951,#18952));
#18944 = ORIENTED_EDGE('',*,*,#17064,.T.);
#18945 = ORIENTED_EDGE('',*,*,#18946,.T.);
#18946 = EDGE_CURVE('',#17065,#17869,#18947,.T.);
#18947 = LINE('',#18948,#18949);
#18948 = CARTESIAN_POINT('',(161.55,-94.51,-4.6E-02));
#18949 = VECTOR('',#18950,1.);
#18950 = DIRECTION('',(0.,0.,1.));
#18951 = ORIENTED_EDGE('',*,*,#17868,.F.);
#18952 = ORIENTED_EDGE('',*,*,#18946,.F.);
#18953 = CYLINDRICAL_SURFACE('',#18954,0.5);
#18954 = AXIS2_PLACEMENT_3D('',#18955,#18956,#18957);
#18955 = CARTESIAN_POINT('',(161.55,-94.01,-4.6E-02));
#18956 = DIRECTION('',(-0.,-0.,-1.));
#18957 = DIRECTION('',(-0.,-1.,0.));
#18958 = ADVANCED_FACE('',(#18959),#18970,.F.);
#18959 = FACE_BOUND('',#18960,.T.);
#18960 = EDGE_LOOP('',(#18961,#18962,#18968,#18969));
#18961 = ORIENTED_EDGE('',*,*,#17075,.T.);
#18962 = ORIENTED_EDGE('',*,*,#18963,.T.);
#18963 = EDGE_CURVE('',#17076,#17880,#18964,.T.);
#18964 = LINE('',#18965,#18966);
#18965 = CARTESIAN_POINT('',(179.33,-104.67,-4.6E-02));
#18966 = VECTOR('',#18967,1.);
#18967 = DIRECTION('',(0.,0.,1.));
#18968 = ORIENTED_EDGE('',*,*,#17879,.F.);
#18969 = ORIENTED_EDGE('',*,*,#18963,.F.);
#18970 = CYLINDRICAL_SURFACE('',#18971,0.5);
#18971 = AXIS2_PLACEMENT_3D('',#18972,#18973,#18974);
#18972 = CARTESIAN_POINT('',(179.33,-104.17,-4.6E-02));
#18973 = DIRECTION('',(-0.,-0.,-1.));
#18974 = DIRECTION('',(-0.,-1.,0.));
#18975 = ADVANCED_FACE('',(#18976),#18987,.F.);
#18976 = FACE_BOUND('',#18977,.T.);
#18977 = EDGE_LOOP('',(#18978,#18979,#18985,#18986));
#18978 = ORIENTED_EDGE('',*,*,#17086,.T.);
#18979 = ORIENTED_EDGE('',*,*,#18980,.T.);
#18980 = EDGE_CURVE('',#17087,#17891,#18981,.T.);
#18981 = LINE('',#18982,#18983);
#18982 = CARTESIAN_POINT('',(179.33,-102.13,-4.6E-02));
#18983 = VECTOR('',#18984,1.);
#18984 = DIRECTION('',(0.,0.,1.));
#18985 = ORIENTED_EDGE('',*,*,#17890,.F.);
#18986 = ORIENTED_EDGE('',*,*,#18980,.F.);
#18987 = CYLINDRICAL_SURFACE('',#18988,0.5);
#18988 = AXIS2_PLACEMENT_3D('',#18989,#18990,#18991);
#18989 = CARTESIAN_POINT('',(179.33,-101.63,-4.6E-02));
#18990 = DIRECTION('',(-0.,-0.,-1.));
#18991 = DIRECTION('',(-0.,-1.,0.));
#18992 = ADVANCED_FACE('',(#18993),#19004,.F.);
#18993 = FACE_BOUND('',#18994,.T.);
#18994 = EDGE_LOOP('',(#18995,#18996,#19002,#19003));
#18995 = ORIENTED_EDGE('',*,*,#17097,.T.);
#18996 = ORIENTED_EDGE('',*,*,#18997,.T.);
#18997 = EDGE_CURVE('',#17098,#17902,#18998,.T.);
#18998 = LINE('',#18999,#19000);
#18999 = CARTESIAN_POINT('',(179.33,-99.59,-4.6E-02));
#19000 = VECTOR('',#19001,1.);
#19001 = DIRECTION('',(0.,0.,1.));
#19002 = ORIENTED_EDGE('',*,*,#17901,.F.);
#19003 = ORIENTED_EDGE('',*,*,#18997,.F.);
#19004 = CYLINDRICAL_SURFACE('',#19005,0.5);
#19005 = AXIS2_PLACEMENT_3D('',#19006,#19007,#19008);
#19006 = CARTESIAN_POINT('',(179.33,-99.09,-4.6E-02));
#19007 = DIRECTION('',(-0.,-0.,-1.));
#19008 = DIRECTION('',(-0.,-1.,0.));
#19009 = ADVANCED_FACE('',(#19010),#19021,.F.);
#19010 = FACE_BOUND('',#19011,.T.);
#19011 = EDGE_LOOP('',(#19012,#19013,#19019,#19020));
#19012 = ORIENTED_EDGE('',*,*,#17108,.T.);
#19013 = ORIENTED_EDGE('',*,*,#19014,.T.);
#19014 = EDGE_CURVE('',#17109,#17913,#19015,.T.);
#19015 = LINE('',#19016,#19017);
#19016 = CARTESIAN_POINT('',(179.33,-97.05,-4.6E-02));
#19017 = VECTOR('',#19018,1.);
#19018 = DIRECTION('',(0.,0.,1.));
#19019 = ORIENTED_EDGE('',*,*,#17912,.F.);
#19020 = ORIENTED_EDGE('',*,*,#19014,.F.);
#19021 = CYLINDRICAL_SURFACE('',#19022,0.5);
#19022 = AXIS2_PLACEMENT_3D('',#19023,#19024,#19025);
#19023 = CARTESIAN_POINT('',(179.33,-96.55,-4.6E-02));
#19024 = DIRECTION('',(-0.,-0.,-1.));
#19025 = DIRECTION('',(-0.,-1.,0.));
#19026 = ADVANCED_FACE('',(#19027),#19038,.F.);
#19027 = FACE_BOUND('',#19028,.T.);
#19028 = EDGE_LOOP('',(#19029,#19030,#19036,#19037));
#19029 = ORIENTED_EDGE('',*,*,#17119,.T.);
#19030 = ORIENTED_EDGE('',*,*,#19031,.T.);
#19031 = EDGE_CURVE('',#17120,#17924,#19032,.T.);
#19032 = LINE('',#19033,#19034);
#19033 = CARTESIAN_POINT('',(179.33,-94.51,-4.6E-02));
#19034 = VECTOR('',#19035,1.);
#19035 = DIRECTION('',(0.,0.,1.));
#19036 = ORIENTED_EDGE('',*,*,#17923,.F.);
#19037 = ORIENTED_EDGE('',*,*,#19031,.F.);
#19038 = CYLINDRICAL_SURFACE('',#19039,0.5);
#19039 = AXIS2_PLACEMENT_3D('',#19040,#19041,#19042);
#19040 = CARTESIAN_POINT('',(179.33,-94.01,-4.6E-02));
#19041 = DIRECTION('',(-0.,-0.,-1.));
#19042 = DIRECTION('',(-0.,-1.,0.));
#19043 = ADVANCED_FACE('',(#19044),#19060,.F.);
#19044 = FACE_BOUND('',#19045,.T.);
#19045 = EDGE_LOOP('',(#19046,#19047,#19053,#19054));
#19046 = ORIENTED_EDGE('',*,*,#17130,.T.);
#19047 = ORIENTED_EDGE('',*,*,#19048,.T.);
#19048 = EDGE_CURVE('',#17133,#17937,#19049,.T.);
#19049 = LINE('',#19050,#19051);
#19050 = CARTESIAN_POINT('',(194.7,-95.25,-4.6E-02));
#19051 = VECTOR('',#19052,1.);
#19052 = DIRECTION('',(0.,0.,1.));
#19053 = ORIENTED_EDGE('',*,*,#17934,.F.);
#19054 = ORIENTED_EDGE('',*,*,#19055,.F.);
#19055 = EDGE_CURVE('',#17131,#17935,#19056,.T.);
#19056 = LINE('',#19057,#19058);
#19057 = CARTESIAN_POINT('',(194.7,-94.25,-4.6E-02));
#19058 = VECTOR('',#19059,1.);
#19059 = DIRECTION('',(0.,0.,1.));
#19060 = CYLINDRICAL_SURFACE('',#19061,0.5);
#19061 = AXIS2_PLACEMENT_3D('',#19062,#19063,#19064);
#19062 = CARTESIAN_POINT('',(194.7,-94.75,-4.6E-02));
#19063 = DIRECTION('',(-0.,-0.,-1.));
#19064 = DIRECTION('',(-0.,-1.,0.));
#19065 = ADVANCED_FACE('',(#19066),#19077,.T.);
#19066 = FACE_BOUND('',#19067,.T.);
#19067 = EDGE_LOOP('',(#19068,#19069,#19070,#19071));
#19068 = ORIENTED_EDGE('',*,*,#17158,.T.);
#19069 = ORIENTED_EDGE('',*,*,#19055,.T.);
#19070 = ORIENTED_EDGE('',*,*,#17962,.F.);
#19071 = ORIENTED_EDGE('',*,*,#19072,.F.);
#19072 = EDGE_CURVE('',#17150,#17954,#19073,.T.);
#19073 = LINE('',#19074,#19075);
#19074 = CARTESIAN_POINT('',(194.3,-94.25,-4.6E-02));
#19075 = VECTOR('',#19076,1.);
#19076 = DIRECTION('',(0.,0.,1.));
#19077 = PLANE('',#19078);
#19078 = AXIS2_PLACEMENT_3D('',#19079,#19080,#19081);
#19079 = CARTESIAN_POINT('',(194.7,-94.25,-4.6E-02));
#19080 = DIRECTION('',(0.,-1.,0.));
#19081 = DIRECTION('',(-1.,0.,0.));
#19082 = ADVANCED_FACE('',(#19083),#19094,.F.);
#19083 = FACE_BOUND('',#19084,.T.);
#19084 = EDGE_LOOP('',(#19085,#19086,#19087,#19088));
#19085 = ORIENTED_EDGE('',*,*,#17149,.T.);
#19086 = ORIENTED_EDGE('',*,*,#19072,.T.);
#19087 = ORIENTED_EDGE('',*,*,#17953,.F.);
#19088 = ORIENTED_EDGE('',*,*,#19089,.F.);
#19089 = EDGE_CURVE('',#17142,#17946,#19090,.T.);
#19090 = LINE('',#19091,#19092);
#19091 = CARTESIAN_POINT('',(194.3,-95.25,-4.6E-02));
#19092 = VECTOR('',#19093,1.);
#19093 = DIRECTION('',(0.,0.,1.));
#19094 = CYLINDRICAL_SURFACE('',#19095,0.5);
#19095 = AXIS2_PLACEMENT_3D('',#19096,#19097,#19098);
#19096 = CARTESIAN_POINT('',(194.3,-94.75,-4.6E-02));
#19097 = DIRECTION('',(-0.,0.,-1.));
#19098 = DIRECTION('',(0.,1.,0.));
#19099 = ADVANCED_FACE('',(#19100),#19106,.T.);
#19100 = FACE_BOUND('',#19101,.T.);
#19101 = EDGE_LOOP('',(#19102,#19103,#19104,#19105));
#19102 = ORIENTED_EDGE('',*,*,#17141,.T.);
#19103 = ORIENTED_EDGE('',*,*,#19089,.T.);
#19104 = ORIENTED_EDGE('',*,*,#17945,.F.);
#19105 = ORIENTED_EDGE('',*,*,#19048,.F.);
#19106 = PLANE('',#19107);
#19107 = AXIS2_PLACEMENT_3D('',#19108,#19109,#19110);
#19108 = CARTESIAN_POINT('',(194.3,-95.25,-4.6E-02));
#19109 = DIRECTION('',(0.,1.,0.));
#19110 = DIRECTION('',(1.,0.,0.));
#19111 = ADVANCED_FACE('',(#19112),#19123,.F.);
#19112 = FACE_BOUND('',#19113,.T.);
#19113 = EDGE_LOOP('',(#19114,#19115,#19121,#19122));
#19114 = ORIENTED_EDGE('',*,*,#17166,.T.);
#19115 = ORIENTED_EDGE('',*,*,#19116,.T.);
#19116 = EDGE_CURVE('',#17167,#17971,#19117,.T.);
#19117 = LINE('',#19118,#19119);
#19118 = CARTESIAN_POINT('',(161.55,-91.97,-4.6E-02));
#19119 = VECTOR('',#19120,1.);
#19120 = DIRECTION('',(0.,0.,1.));
#19121 = ORIENTED_EDGE('',*,*,#17970,.F.);
#19122 = ORIENTED_EDGE('',*,*,#19116,.F.);
#19123 = CYLINDRICAL_SURFACE('',#19124,0.5);
#19124 = AXIS2_PLACEMENT_3D('',#19125,#19126,#19127);
#19125 = CARTESIAN_POINT('',(161.55,-91.47,-4.6E-02));
#19126 = DIRECTION('',(-0.,-0.,-1.));
#19127 = DIRECTION('',(-0.,-1.,0.));
#19128 = ADVANCED_FACE('',(#19129),#19140,.F.);
#19129 = FACE_BOUND('',#19130,.T.);
#19130 = EDGE_LOOP('',(#19131,#19132,#19138,#19139));
#19131 = ORIENTED_EDGE('',*,*,#17177,.T.);
#19132 = ORIENTED_EDGE('',*,*,#19133,.T.);
#19133 = EDGE_CURVE('',#17178,#17982,#19134,.T.);
#19134 = LINE('',#19135,#19136);
#19135 = CARTESIAN_POINT('',(161.55,-89.43,-4.6E-02));
#19136 = VECTOR('',#19137,1.);
#19137 = DIRECTION('',(0.,0.,1.));
#19138 = ORIENTED_EDGE('',*,*,#17981,.F.);
#19139 = ORIENTED_EDGE('',*,*,#19133,.F.);
#19140 = CYLINDRICAL_SURFACE('',#19141,0.5);
#19141 = AXIS2_PLACEMENT_3D('',#19142,#19143,#19144);
#19142 = CARTESIAN_POINT('',(161.55,-88.93,-4.6E-02));
#19143 = DIRECTION('',(-0.,-0.,-1.));
#19144 = DIRECTION('',(-0.,-1.,0.));
#19145 = ADVANCED_FACE('',(#19146),#19157,.F.);
#19146 = FACE_BOUND('',#19147,.T.);
#19147 = EDGE_LOOP('',(#19148,#19149,#19155,#19156));
#19148 = ORIENTED_EDGE('',*,*,#17188,.T.);
#19149 = ORIENTED_EDGE('',*,*,#19150,.T.);
#19150 = EDGE_CURVE('',#17189,#17993,#19151,.T.);
#19151 = LINE('',#19152,#19153);
#19152 = CARTESIAN_POINT('',(161.55,-86.89,-4.6E-02));
#19153 = VECTOR('',#19154,1.);
#19154 = DIRECTION('',(0.,0.,1.));
#19155 = ORIENTED_EDGE('',*,*,#17992,.F.);
#19156 = ORIENTED_EDGE('',*,*,#19150,.F.);
#19157 = CYLINDRICAL_SURFACE('',#19158,0.5);
#19158 = AXIS2_PLACEMENT_3D('',#19159,#19160,#19161);
#19159 = CARTESIAN_POINT('',(161.55,-86.39,-4.6E-02));
#19160 = DIRECTION('',(-0.,-0.,-1.));
#19161 = DIRECTION('',(-0.,-1.,0.));
#19162 = ADVANCED_FACE('',(#19163),#19174,.F.);
#19163 = FACE_BOUND('',#19164,.T.);
#19164 = EDGE_LOOP('',(#19165,#19166,#19172,#19173));
#19165 = ORIENTED_EDGE('',*,*,#17199,.T.);
#19166 = ORIENTED_EDGE('',*,*,#19167,.T.);
#19167 = EDGE_CURVE('',#17200,#18004,#19168,.T.);
#19168 = LINE('',#19169,#19170);
#19169 = CARTESIAN_POINT('',(161.55,-84.35,-4.6E-02));
#19170 = VECTOR('',#19171,1.);
#19171 = DIRECTION('',(0.,0.,1.));
#19172 = ORIENTED_EDGE('',*,*,#18003,.F.);
#19173 = ORIENTED_EDGE('',*,*,#19167,.F.);
#19174 = CYLINDRICAL_SURFACE('',#19175,0.5);
#19175 = AXIS2_PLACEMENT_3D('',#19176,#19177,#19178);
#19176 = CARTESIAN_POINT('',(161.55,-83.85,-4.6E-02));
#19177 = DIRECTION('',(-0.,-0.,-1.));
#19178 = DIRECTION('',(-0.,-1.,0.));
#19179 = ADVANCED_FACE('',(#19180),#19191,.F.);
#19180 = FACE_BOUND('',#19181,.T.);
#19181 = EDGE_LOOP('',(#19182,#19183,#19189,#19190));
#19182 = ORIENTED_EDGE('',*,*,#17210,.T.);
#19183 = ORIENTED_EDGE('',*,*,#19184,.T.);
#19184 = EDGE_CURVE('',#17211,#18015,#19185,.T.);
#19185 = LINE('',#19186,#19187);
#19186 = CARTESIAN_POINT('',(161.55,-81.81,-4.6E-02));
#19187 = VECTOR('',#19188,1.);
#19188 = DIRECTION('',(0.,0.,1.));
#19189 = ORIENTED_EDGE('',*,*,#18014,.F.);
#19190 = ORIENTED_EDGE('',*,*,#19184,.F.);
#19191 = CYLINDRICAL_SURFACE('',#19192,0.5);
#19192 = AXIS2_PLACEMENT_3D('',#19193,#19194,#19195);
#19193 = CARTESIAN_POINT('',(161.55,-81.31,-4.6E-02));
#19194 = DIRECTION('',(-0.,-0.,-1.));
#19195 = DIRECTION('',(-0.,-1.,0.));
#19196 = ADVANCED_FACE('',(#19197),#19208,.F.);
#19197 = FACE_BOUND('',#19198,.T.);
#19198 = EDGE_LOOP('',(#19199,#19200,#19206,#19207));
#19199 = ORIENTED_EDGE('',*,*,#17221,.T.);
#19200 = ORIENTED_EDGE('',*,*,#19201,.T.);
#19201 = EDGE_CURVE('',#17222,#18026,#19202,.T.);
#19202 = LINE('',#19203,#19204);
#19203 = CARTESIAN_POINT('',(168.015,-85.395,-4.6E-02));
#19204 = VECTOR('',#19205,1.);
#19205 = DIRECTION('',(0.,0.,1.));
#19206 = ORIENTED_EDGE('',*,*,#18025,.F.);
#19207 = ORIENTED_EDGE('',*,*,#19201,.F.);
#19208 = CYLINDRICAL_SURFACE('',#19209,0.925);
#19209 = AXIS2_PLACEMENT_3D('',#19210,#19211,#19212);
#19210 = CARTESIAN_POINT('',(168.015,-84.47,-4.6E-02));
#19211 = DIRECTION('',(-0.,-0.,-1.));
#19212 = DIRECTION('',(-0.,-1.,0.));
#19213 = ADVANCED_FACE('',(#19214),#19225,.F.);
#19214 = FACE_BOUND('',#19215,.T.);
#19215 = EDGE_LOOP('',(#19216,#19217,#19223,#19224));
#19216 = ORIENTED_EDGE('',*,*,#17232,.T.);
#19217 = ORIENTED_EDGE('',*,*,#19218,.T.);
#19218 = EDGE_CURVE('',#17233,#18037,#19219,.T.);
#19219 = LINE('',#19220,#19221);
#19220 = CARTESIAN_POINT('',(172.865,-85.395,-4.6E-02));
#19221 = VECTOR('',#19222,1.);
#19222 = DIRECTION('',(0.,0.,1.));
#19223 = ORIENTED_EDGE('',*,*,#18036,.F.);
#19224 = ORIENTED_EDGE('',*,*,#19218,.F.);
#19225 = CYLINDRICAL_SURFACE('',#19226,0.925);
#19226 = AXIS2_PLACEMENT_3D('',#19227,#19228,#19229);
#19227 = CARTESIAN_POINT('',(172.865,-84.47,-4.6E-02));
#19228 = DIRECTION('',(-0.,-0.,-1.));
#19229 = DIRECTION('',(-0.,-1.,0.));
#19230 = ADVANCED_FACE('',(#19231),#19242,.F.);
#19231 = FACE_BOUND('',#19232,.T.);
#19232 = EDGE_LOOP('',(#19233,#19234,#19240,#19241));
#19233 = ORIENTED_EDGE('',*,*,#17243,.T.);
#19234 = ORIENTED_EDGE('',*,*,#19235,.T.);
#19235 = EDGE_CURVE('',#17244,#18048,#19236,.T.);
#19236 = LINE('',#19237,#19238);
#19237 = CARTESIAN_POINT('',(167.715,-82.54,-4.6E-02));
#19238 = VECTOR('',#19239,1.);
#19239 = DIRECTION('',(0.,0.,1.));
#19240 = ORIENTED_EDGE('',*,*,#18047,.F.);
#19241 = ORIENTED_EDGE('',*,*,#19235,.F.);
#19242 = CYLINDRICAL_SURFACE('',#19243,1.1);
#19243 = AXIS2_PLACEMENT_3D('',#19244,#19245,#19246);
#19244 = CARTESIAN_POINT('',(167.715,-81.44,-4.6E-02));
#19245 = DIRECTION('',(-0.,-0.,-1.));
#19246 = DIRECTION('',(-0.,-1.,0.));
#19247 = ADVANCED_FACE('',(#19248),#19259,.F.);
#19248 = FACE_BOUND('',#19249,.T.);
#19249 = EDGE_LOOP('',(#19250,#19251,#19257,#19258));
#19250 = ORIENTED_EDGE('',*,*,#17254,.T.);
#19251 = ORIENTED_EDGE('',*,*,#19252,.T.);
#19252 = EDGE_CURVE('',#17255,#18059,#19253,.T.);
#19253 = LINE('',#19254,#19255);
#19254 = CARTESIAN_POINT('',(173.165,-82.54,-4.6E-02));
#19255 = VECTOR('',#19256,1.);
#19256 = DIRECTION('',(0.,0.,1.));
#19257 = ORIENTED_EDGE('',*,*,#18058,.F.);
#19258 = ORIENTED_EDGE('',*,*,#19252,.F.);
#19259 = CYLINDRICAL_SURFACE('',#19260,1.1);
#19260 = AXIS2_PLACEMENT_3D('',#19261,#19262,#19263);
#19261 = CARTESIAN_POINT('',(173.165,-81.44,-4.6E-02));
#19262 = DIRECTION('',(-0.,-0.,-1.));
#19263 = DIRECTION('',(-0.,-1.,0.));
#19264 = ADVANCED_FACE('',(#19265),#19276,.F.);
#19265 = FACE_BOUND('',#19266,.T.);
#19266 = EDGE_LOOP('',(#19267,#19268,#19274,#19275));
#19267 = ORIENTED_EDGE('',*,*,#17265,.T.);
#19268 = ORIENTED_EDGE('',*,*,#19269,.T.);
#19269 = EDGE_CURVE('',#17266,#18070,#19270,.T.);
#19270 = LINE('',#19271,#19272);
#19271 = CARTESIAN_POINT('',(179.33,-91.97,-4.6E-02));
#19272 = VECTOR('',#19273,1.);
#19273 = DIRECTION('',(0.,0.,1.));
#19274 = ORIENTED_EDGE('',*,*,#18069,.F.);
#19275 = ORIENTED_EDGE('',*,*,#19269,.F.);
#19276 = CYLINDRICAL_SURFACE('',#19277,0.5);
#19277 = AXIS2_PLACEMENT_3D('',#19278,#19279,#19280);
#19278 = CARTESIAN_POINT('',(179.33,-91.47,-4.6E-02));
#19279 = DIRECTION('',(-0.,-0.,-1.));
#19280 = DIRECTION('',(-0.,-1.,0.));
#19281 = ADVANCED_FACE('',(#19282),#19293,.F.);
#19282 = FACE_BOUND('',#19283,.T.);
#19283 = EDGE_LOOP('',(#19284,#19285,#19291,#19292));
#19284 = ORIENTED_EDGE('',*,*,#17276,.T.);
#19285 = ORIENTED_EDGE('',*,*,#19286,.T.);
#19286 = EDGE_CURVE('',#17277,#18081,#19287,.T.);
#19287 = LINE('',#19288,#19289);
#19288 = CARTESIAN_POINT('',(179.33,-89.43,-4.6E-02));
#19289 = VECTOR('',#19290,1.);
#19290 = DIRECTION('',(0.,0.,1.));
#19291 = ORIENTED_EDGE('',*,*,#18080,.F.);
#19292 = ORIENTED_EDGE('',*,*,#19286,.F.);
#19293 = CYLINDRICAL_SURFACE('',#19294,0.5);
#19294 = AXIS2_PLACEMENT_3D('',#19295,#19296,#19297);
#19295 = CARTESIAN_POINT('',(179.33,-88.93,-4.6E-02));
#19296 = DIRECTION('',(-0.,-0.,-1.));
#19297 = DIRECTION('',(-0.,-1.,0.));
#19298 = ADVANCED_FACE('',(#19299),#19310,.F.);
#19299 = FACE_BOUND('',#19300,.T.);
#19300 = EDGE_LOOP('',(#19301,#19302,#19308,#19309));
#19301 = ORIENTED_EDGE('',*,*,#17287,.T.);
#19302 = ORIENTED_EDGE('',*,*,#19303,.T.);
#19303 = EDGE_CURVE('',#17288,#18092,#19304,.T.);
#19304 = LINE('',#19305,#19306);
#19305 = CARTESIAN_POINT('',(193.67,-88.13,-4.6E-02));
#19306 = VECTOR('',#19307,1.);
#19307 = DIRECTION('',(0.,0.,1.));
#19308 = ORIENTED_EDGE('',*,*,#18091,.F.);
#19309 = ORIENTED_EDGE('',*,*,#19303,.F.);
#19310 = CYLINDRICAL_SURFACE('',#19311,0.3);
#19311 = AXIS2_PLACEMENT_3D('',#19312,#19313,#19314);
#19312 = CARTESIAN_POINT('',(193.67,-87.83,-4.6E-02));
#19313 = DIRECTION('',(-0.,-0.,-1.));
#19314 = DIRECTION('',(-9.473903143468E-14,-1.,0.));
#19315 = ADVANCED_FACE('',(#19316),#19327,.F.);
#19316 = FACE_BOUND('',#19317,.T.);
#19317 = EDGE_LOOP('',(#19318,#19319,#19325,#19326));
#19318 = ORIENTED_EDGE('',*,*,#17298,.T.);
#19319 = ORIENTED_EDGE('',*,*,#19320,.T.);
#19320 = EDGE_CURVE('',#17299,#18103,#19321,.T.);
#19321 = LINE('',#19322,#19323);
#19322 = CARTESIAN_POINT('',(198.75,-88.13,-4.6E-02));
#19323 = VECTOR('',#19324,1.);
#19324 = DIRECTION('',(0.,0.,1.));
#19325 = ORIENTED_EDGE('',*,*,#18102,.F.);
#19326 = ORIENTED_EDGE('',*,*,#19320,.F.);
#19327 = CYLINDRICAL_SURFACE('',#19328,0.3);
#19328 = AXIS2_PLACEMENT_3D('',#19329,#19330,#19331);
#19329 = CARTESIAN_POINT('',(198.75,-87.83,-4.6E-02));
#19330 = DIRECTION('',(-0.,-0.,-1.));
#19331 = DIRECTION('',(-0.,-1.,0.));
#19332 = ADVANCED_FACE('',(#19333),#19344,.F.);
#19333 = FACE_BOUND('',#19334,.T.);
#19334 = EDGE_LOOP('',(#19335,#19336,#19342,#19343));
#19335 = ORIENTED_EDGE('',*,*,#17309,.T.);
#19336 = ORIENTED_EDGE('',*,*,#19337,.T.);
#19337 = EDGE_CURVE('',#17310,#18114,#19338,.T.);
#19338 = LINE('',#19339,#19340);
#19339 = CARTESIAN_POINT('',(179.33,-86.89,-4.6E-02));
#19340 = VECTOR('',#19341,1.);
#19341 = DIRECTION('',(0.,0.,1.));
#19342 = ORIENTED_EDGE('',*,*,#18113,.F.);
#19343 = ORIENTED_EDGE('',*,*,#19337,.F.);
#19344 = CYLINDRICAL_SURFACE('',#19345,0.5);
#19345 = AXIS2_PLACEMENT_3D('',#19346,#19347,#19348);
#19346 = CARTESIAN_POINT('',(179.33,-86.39,-4.6E-02));
#19347 = DIRECTION('',(-0.,-0.,-1.));
#19348 = DIRECTION('',(-0.,-1.,0.));
#19349 = ADVANCED_FACE('',(#19350),#19361,.F.);
#19350 = FACE_BOUND('',#19351,.T.);
#19351 = EDGE_LOOP('',(#19352,#19353,#19359,#19360));
#19352 = ORIENTED_EDGE('',*,*,#17320,.T.);
#19353 = ORIENTED_EDGE('',*,*,#19354,.T.);
#19354 = EDGE_CURVE('',#17321,#18125,#19355,.T.);
#19355 = LINE('',#19356,#19357);
#19356 = CARTESIAN_POINT('',(179.33,-84.35,-4.6E-02));
#19357 = VECTOR('',#19358,1.);
#19358 = DIRECTION('',(0.,0.,1.));
#19359 = ORIENTED_EDGE('',*,*,#18124,.F.);
#19360 = ORIENTED_EDGE('',*,*,#19354,.F.);
#19361 = CYLINDRICAL_SURFACE('',#19362,0.5);
#19362 = AXIS2_PLACEMENT_3D('',#19363,#19364,#19365);
#19363 = CARTESIAN_POINT('',(179.33,-83.85,-4.6E-02));
#19364 = DIRECTION('',(-0.,-0.,-1.));
#19365 = DIRECTION('',(-0.,-1.,0.));
#19366 = ADVANCED_FACE('',(#19367),#19378,.F.);
#19367 = FACE_BOUND('',#19368,.T.);
#19368 = EDGE_LOOP('',(#19369,#19370,#19376,#19377));
#19369 = ORIENTED_EDGE('',*,*,#17331,.T.);
#19370 = ORIENTED_EDGE('',*,*,#19371,.T.);
#19371 = EDGE_CURVE('',#17332,#18136,#19372,.T.);
#19372 = LINE('',#19373,#19374);
#19373 = CARTESIAN_POINT('',(179.33,-81.81,-4.6E-02));
#19374 = VECTOR('',#19375,1.);
#19375 = DIRECTION('',(0.,0.,1.));
#19376 = ORIENTED_EDGE('',*,*,#18135,.F.);
#19377 = ORIENTED_EDGE('',*,*,#19371,.F.);
#19378 = CYLINDRICAL_SURFACE('',#19379,0.5);
#19379 = AXIS2_PLACEMENT_3D('',#19380,#19381,#19382);
#19380 = CARTESIAN_POINT('',(179.33,-81.31,-4.6E-02));
#19381 = DIRECTION('',(-0.,-0.,-1.));
#19382 = DIRECTION('',(-0.,-1.,0.));
#19383 = ADVANCED_FACE('',(#19384),#19395,.F.);
#19384 = FACE_BOUND('',#19385,.T.);
#19385 = EDGE_LOOP('',(#19386,#19387,#19393,#19394));
#19386 = ORIENTED_EDGE('',*,*,#17342,.T.);
#19387 = ORIENTED_EDGE('',*,*,#19388,.T.);
#19388 = EDGE_CURVE('',#17343,#18147,#19389,.T.);
#19389 = LINE('',#19390,#19391);
#19390 = CARTESIAN_POINT('',(198.75,-85.59,-4.6E-02));
#19391 = VECTOR('',#19392,1.);
#19392 = DIRECTION('',(0.,0.,1.));
#19393 = ORIENTED_EDGE('',*,*,#18146,.F.);
#19394 = ORIENTED_EDGE('',*,*,#19388,.F.);
#19395 = CYLINDRICAL_SURFACE('',#19396,0.3);
#19396 = AXIS2_PLACEMENT_3D('',#19397,#19398,#19399);
#19397 = CARTESIAN_POINT('',(198.75,-85.29,-4.6E-02));
#19398 = DIRECTION('',(-0.,-0.,-1.));
#19399 = DIRECTION('',(-0.,-1.,0.));
#19400 = ADVANCED_FACE('',(#19401),#19412,.F.);
#19401 = FACE_BOUND('',#19402,.T.);
#19402 = EDGE_LOOP('',(#19403,#19404,#19410,#19411));
#19403 = ORIENTED_EDGE('',*,*,#17353,.T.);
#19404 = ORIENTED_EDGE('',*,*,#19405,.T.);
#19405 = EDGE_CURVE('',#17354,#18158,#19406,.T.);
#19406 = LINE('',#19407,#19408);
#19407 = CARTESIAN_POINT('',(193.67,-83.05,-4.6E-02));
#19408 = VECTOR('',#19409,1.);
#19409 = DIRECTION('',(0.,0.,1.));
#19410 = ORIENTED_EDGE('',*,*,#18157,.F.);
#19411 = ORIENTED_EDGE('',*,*,#19405,.F.);
#19412 = CYLINDRICAL_SURFACE('',#19413,0.3);
#19413 = AXIS2_PLACEMENT_3D('',#19414,#19415,#19416);
#19414 = CARTESIAN_POINT('',(193.67,-82.75,-4.6E-02));
#19415 = DIRECTION('',(-0.,-0.,-1.));
#19416 = DIRECTION('',(-9.473903143469E-14,-1.,0.));
#19417 = ADVANCED_FACE('',(#19418),#19429,.F.);
#19418 = FACE_BOUND('',#19419,.T.);
#19419 = EDGE_LOOP('',(#19420,#19421,#19427,#19428));
#19420 = ORIENTED_EDGE('',*,*,#17364,.T.);
#19421 = ORIENTED_EDGE('',*,*,#19422,.T.);
#19422 = EDGE_CURVE('',#17365,#18169,#19423,.T.);
#19423 = LINE('',#19424,#19425);
#19424 = CARTESIAN_POINT('',(198.75,-83.05,-4.6E-02));
#19425 = VECTOR('',#19426,1.);
#19426 = DIRECTION('',(0.,0.,1.));
#19427 = ORIENTED_EDGE('',*,*,#18168,.F.);
#19428 = ORIENTED_EDGE('',*,*,#19422,.F.);
#19429 = CYLINDRICAL_SURFACE('',#19430,0.3);
#19430 = AXIS2_PLACEMENT_3D('',#19431,#19432,#19433);
#19431 = CARTESIAN_POINT('',(198.75,-82.75,-4.6E-02));
#19432 = DIRECTION('',(-0.,-0.,-1.));
#19433 = DIRECTION('',(-0.,-1.,0.));
#19434 = ( GEOMETRIC_REPRESENTATION_CONTEXT(3) 
GLOBAL_UNCERTAINTY_ASSIGNED_CONTEXT((#19438)) 
GLOBAL_UNIT_ASSIGNED_CONTEXT((#19435,#19436,#19437)) 
REPRESENTATION_CONTEXT('Context #1',
  '3D Context with UNIT and UNCERTAINTY') );
#19435 = ( LENGTH_UNIT() NAMED_UNIT(*) SI_UNIT(.MILLI.,.METRE.) );
#19436 = ( NAMED_UNIT(*) PLANE_ANGLE_UNIT() SI_UNIT($,.RADIAN.) );
#19437 = ( NAMED_UNIT(*) SI_UNIT($,.STERADIAN.) SOLID_ANGLE_UNIT() );
#19438 = UNCERTAINTY_MEASURE_WITH_UNIT(LENGTH_MEASURE(1.E-07),#19435,
  'distance_accuracy_value','confusion accuracy');
#19439 = CONTEXT_DEPENDENT_SHAPE_REPRESENTATION(#19440,#19442);
#19440 = ( REPRESENTATION_RELATIONSHIP('','',#16468,#10) 
REPRESENTATION_RELATIONSHIP_WITH_TRANSFORMATION(#19441) 
SHAPE_REPRESENTATION_RELATIONSHIP() );
#19441 = ITEM_DEFINED_TRANSFORMATION('','',#11,#19);
#19442 = PRODUCT_DEFINITION_SHAPE('Placement','Placement of an item',
  #19443);
#19443 = NEXT_ASSEMBLY_USAGE_OCCURRENCE('4','=>[0:1:1:5]','',#5,#16463,$
  );
#19444 = PRODUCT_RELATED_PRODUCT_CATEGORY('part',$,(#16465));
#19445 = MECHANICAL_DESIGN_GEOMETRIC_PRESENTATION_REPRESENTATION('',(
    #19446),#19434);
#19446 = STYLED_ITEM('color',(#19447),#16469);
#19447 = PRESENTATION_STYLE_ASSIGNMENT((#19448));
#19448 = SURFACE_STYLE_USAGE(.BOTH.,#19449);
#19449 = SURFACE_SIDE_STYLE('',(#19450));
#19450 = SURFACE_STYLE_FILL_AREA(#19451);
#19451 = FILL_AREA_STYLE('',(#19452));
#19452 = FILL_AREA_STYLE_COLOUR('',#19453);
#19453 = COLOUR_RGB('',0.313304153717,0.484529207832,0.410020903123);
#19454 = MECHANICAL_DESIGN_GEOMETRIC_PRESENTATION_REPRESENTATION('',(
    #19455,#19466,#19474,#19481,#19488,#19495,#19503,#19510,#19517,
    #19524,#19531,#19539,#19546,#19553,#19561,#19569,#19576,#19583,
    #19590,#19597,#19604,#19611,#19618,#19625,#19632,#19639,#19646,
    #19653,#19660,#19667,#19674,#19681,#19688,#19695,#19702,#19709,
    #19716,#19723,#19730,#19737,#19744,#19751,#19758,#19765,#19772,
    #19779,#19786,#19793,#19800,#19807,#19814,#19821,#19828,#19835,
    #19842,#19849,#19856,#19864,#19871,#19878,#19885,#19892,#19899,
    #19906,#19913,#19920,#19927,#19934,#19941,#19948,#19955,#19962,
    #19969,#19976,#19983,#19990,#19997,#20004,#20011,#20018,#20025,
    #20032,#20039,#20046,#20053,#20060,#20067,#20074,#20081,#20088,
    #20095,#20102,#20109,#20116,#20123,#20130,#20137,#20144,#20151,
    #20158,#20165,#20172,#20179,#20186,#20193,#20200,#20207,#20214,
    #20221,#20228,#20235,#20242,#20250,#20257,#20264,#20271,#20279,
    #20286,#20293,#20300,#20307,#20314,#20321,#20328,#20335,#20342,
    #20350,#20357,#20364,#20371,#20379,#20386,#20393,#20400,#20408,
    #20415,#20422,#20429,#20436,#20443,#20450,#20457,#20464,#20471,
    #20478,#20485,#20492,#20499,#20506,#20513,#20520,#20527,#20534,
    #20541,#20548,#20555,#20562,#20569,#20576,#20583,#20590,#20597,
    #20604,#20611,#20618,#20625,#20632,#20639,#20646,#20653,#20660,
    #20667,#20674,#20681,#20688,#20695,#20702,#20709,#20716,#20723,
    #20730,#20737,#20744,#20751,#20758,#20765,#20772,#20779,#20786,
    #20793,#20800,#20807,#20814,#20821,#20828,#20835,#20842,#20849,
    #20856,#20863,#20870,#20877,#20884,#20891,#20898,#20905,#20912,
    #20919,#20926,#20933,#20940,#20947,#20954,#20961,#20968,#20975,
    #20982,#20989,#20996,#21003,#21010,#21017,#21024,#21031,#21038,
    #21045,#21052,#21059,#21066,#21073,#21080,#21087,#21094,#21101,
    #21108,#21115,#21122,#21129,#21136,#21143,#21150,#21157,#21164,
    #21171,#21178,#21185,#21192,#21199,#21206,#21213,#21220,#21227,
    #21234,#21241,#21248,#21255,#21262,#21269,#21276,#21283,#21290,
    #21297,#21304,#21311,#21318,#21325,#21332,#21339,#21346,#21353,
    #21360,#21367,#21374,#21381,#21388,#21395,#21402,#21409,#21416,
    #21423,#21430,#21437,#21444,#21451,#21458,#21465,#21472,#21479,
    #21486,#21493,#21500,#21507,#21514,#21521,#21528,#21535,#21542,
    #21549,#21556,#21563,#21570,#21577,#21584,#21591,#21598,#21605,
    #21612,#21619,#21626,#21633,#21640,#21647,#21654,#21661,#21668,
    #21675,#21682,#21689,#21696,#21703,#21710,#21717,#21724,#21731,
    #21738,#21745,#21752,#21759,#21766,#21773,#21780,#21787,#21794,
    #21801,#21808,#21815,#21822,#21829,#21836,#21843,#21850,#21857,
    #21864,#21871,#21878,#21885,#21892,#21899,#21906,#21913,#21920,
    #21927,#21934,#21941,#21948,#21955,#21962,#21969,#21976,#21983,
    #21990,#21997,#22004,#22011,#22018,#22025,#22032,#22039,#22046,
    #22053,#22060,#22067,#22074,#22081,#22088,#22095,#22102,#22109,
    #22116,#22123,#22130,#22137,#22144,#22151,#22158,#22165,#22172,
    #22179,#22186,#22193,#22200,#22207,#22214,#22221,#22228,#22235,
    #22242,#22249,#22256,#22263,#22270,#22277,#22284,#22291,#22298,
    #22305,#22312,#22319,#22326,#22333,#22340,#22348,#22355,#22362,
    #22369,#22376,#22383,#22390,#22397,#22404,#22411,#22418,#22425,
    #22432,#22439,#22446,#22453,#22460,#22467,#22474,#22481,#22488,
    #22495,#22502,#22509,#22516,#22523,#22530,#22537,#22544,#22551,
    #22558,#22565,#22572,#22579,#22586,#22593,#22600,#22607,#22614,
    #22621,#22628,#22635,#22642,#22649,#22656,#22663,#22670,#22677,
    #22684,#22691,#22698,#22705,#22712,#22719,#22726,#22733,#22740,
    #22747,#22754,#22761,#22768,#22775,#22782),#16450);
#19455 = STYLED_ITEM('color',(#19456),#83);
#19456 = PRESENTATION_STYLE_ASSIGNMENT((#19457,#19463));
#19457 = SURFACE_STYLE_USAGE(.BOTH.,#19458);
#19458 = SURFACE_SIDE_STYLE('',(#19459));
#19459 = SURFACE_STYLE_FILL_AREA(#19460);
#19460 = FILL_AREA_STYLE('',(#19461));
#19461 = FILL_AREA_STYLE_COLOUR('',#19462);
#19462 = COLOUR_RGB('',0.800000010877,0.800000010877,0.800000010877);
#19463 = CURVE_STYLE('',#19464,POSITIVE_LENGTH_MEASURE(0.1),#19465);
#19464 = DRAUGHTING_PRE_DEFINED_CURVE_FONT('continuous');
#19465 = COLOUR_RGB('',9.803921802644E-02,9.803921802644E-02,
  9.803921802644E-02);
#19466 = OVER_RIDING_STYLED_ITEM('overriding color',(#19467),#85,#19455
  );
#19467 = PRESENTATION_STYLE_ASSIGNMENT((#19468));
#19468 = SURFACE_STYLE_USAGE(.BOTH.,#19469);
#19469 = SURFACE_SIDE_STYLE('',(#19470));
#19470 = SURFACE_STYLE_FILL_AREA(#19471);
#19471 = FILL_AREA_STYLE('',(#19472));
#19472 = FILL_AREA_STYLE_COLOUR('',#19473);
#19473 = DRAUGHTING_PRE_DEFINED_COLOUR('green');
#19474 = OVER_RIDING_STYLED_ITEM('overriding color',(#19475),#125,#19455
  );
#19475 = PRESENTATION_STYLE_ASSIGNMENT((#19476));
#19476 = SURFACE_STYLE_USAGE(.BOTH.,#19477);
#19477 = SURFACE_SIDE_STYLE('',(#19478));
#19478 = SURFACE_STYLE_FILL_AREA(#19479);
#19479 = FILL_AREA_STYLE('',(#19480));
#19480 = FILL_AREA_STYLE_COLOUR('',#19473);
#19481 = OVER_RIDING_STYLED_ITEM('overriding color',(#19482),#156,#19455
  );
#19482 = PRESENTATION_STYLE_ASSIGNMENT((#19483));
#19483 = SURFACE_STYLE_USAGE(.BOTH.,#19484);
#19484 = SURFACE_SIDE_STYLE('',(#19485));
#19485 = SURFACE_STYLE_FILL_AREA(#19486);
#19486 = FILL_AREA_STYLE('',(#19487));
#19487 = FILL_AREA_STYLE_COLOUR('',#19473);
#19488 = OVER_RIDING_STYLED_ITEM('overriding color',(#19489),#180,#19455
  );
#19489 = PRESENTATION_STYLE_ASSIGNMENT((#19490));
#19490 = SURFACE_STYLE_USAGE(.BOTH.,#19491);
#19491 = SURFACE_SIDE_STYLE('',(#19492));
#19492 = SURFACE_STYLE_FILL_AREA(#19493);
#19493 = FILL_AREA_STYLE('',(#19494));
#19494 = FILL_AREA_STYLE_COLOUR('',#19473);
#19495 = OVER_RIDING_STYLED_ITEM('overriding color',(#19496),#204,#19455
  );
#19496 = PRESENTATION_STYLE_ASSIGNMENT((#19497));
#19497 = SURFACE_STYLE_USAGE(.BOTH.,#19498);
#19498 = SURFACE_SIDE_STYLE('',(#19499));
#19499 = SURFACE_STYLE_FILL_AREA(#19500);
#19500 = FILL_AREA_STYLE('',(#19501));
#19501 = FILL_AREA_STYLE_COLOUR('',#19502);
#19502 = COLOUR_RGB('',0.901960800373,0.796078452645,0.670588257465);
#19503 = OVER_RIDING_STYLED_ITEM('overriding color',(#19504),#235,#19455
  );
#19504 = PRESENTATION_STYLE_ASSIGNMENT((#19505));
#19505 = SURFACE_STYLE_USAGE(.BOTH.,#19506);
#19506 = SURFACE_SIDE_STYLE('',(#19507));
#19507 = SURFACE_STYLE_FILL_AREA(#19508);
#19508 = FILL_AREA_STYLE('',(#19509));
#19509 = FILL_AREA_STYLE_COLOUR('',#19502);
#19510 = OVER_RIDING_STYLED_ITEM('overriding color',(#19511),#275,#19455
  );
#19511 = PRESENTATION_STYLE_ASSIGNMENT((#19512));
#19512 = SURFACE_STYLE_USAGE(.BOTH.,#19513);
#19513 = SURFACE_SIDE_STYLE('',(#19514));
#19514 = SURFACE_STYLE_FILL_AREA(#19515);
#19515 = FILL_AREA_STYLE('',(#19516));
#19516 = FILL_AREA_STYLE_COLOUR('',#19473);
#19517 = OVER_RIDING_STYLED_ITEM('overriding color',(#19518),#292,#19455
  );
#19518 = PRESENTATION_STYLE_ASSIGNMENT((#19519));
#19519 = SURFACE_STYLE_USAGE(.BOTH.,#19520);
#19520 = SURFACE_SIDE_STYLE('',(#19521));
#19521 = SURFACE_STYLE_FILL_AREA(#19522);
#19522 = FILL_AREA_STYLE('',(#19523));
#19523 = FILL_AREA_STYLE_COLOUR('',#19502);
#19524 = OVER_RIDING_STYLED_ITEM('overriding color',(#19525),#332,#19455
  );
#19525 = PRESENTATION_STYLE_ASSIGNMENT((#19526));
#19526 = SURFACE_STYLE_USAGE(.BOTH.,#19527);
#19527 = SURFACE_SIDE_STYLE('',(#19528));
#19528 = SURFACE_STYLE_FILL_AREA(#19529);
#19529 = FILL_AREA_STYLE('',(#19530));
#19530 = FILL_AREA_STYLE_COLOUR('',#19502);
#19531 = OVER_RIDING_STYLED_ITEM('overriding color',(#19532),#349,#19455
  );
#19532 = PRESENTATION_STYLE_ASSIGNMENT((#19533));
#19533 = SURFACE_STYLE_USAGE(.BOTH.,#19534);
#19534 = SURFACE_SIDE_STYLE('',(#19535));
#19535 = SURFACE_STYLE_FILL_AREA(#19536);
#19536 = FILL_AREA_STYLE('',(#19537));
#19537 = FILL_AREA_STYLE_COLOUR('',#19538);
#19538 = COLOUR_RGB('',7.843137448654E-03,0.498039215105,0.235294113866
  );
#19539 = OVER_RIDING_STYLED_ITEM('overriding color',(#19540),#2488,
  #19455);
#19540 = PRESENTATION_STYLE_ASSIGNMENT((#19541));
#19541 = SURFACE_STYLE_USAGE(.BOTH.,#19542);
#19542 = SURFACE_SIDE_STYLE('',(#19543));
#19543 = SURFACE_STYLE_FILL_AREA(#19544);
#19544 = FILL_AREA_STYLE('',(#19545));
#19545 = FILL_AREA_STYLE_COLOUR('',#19502);
#19546 = OVER_RIDING_STYLED_ITEM('overriding color',(#19547),#2505,
  #19455);
#19547 = PRESENTATION_STYLE_ASSIGNMENT((#19548));
#19548 = SURFACE_STYLE_USAGE(.BOTH.,#19549);
#19549 = SURFACE_SIDE_STYLE('',(#19550));
#19550 = SURFACE_STYLE_FILL_AREA(#19551);
#19551 = FILL_AREA_STYLE('',(#19552));
#19552 = FILL_AREA_STYLE_COLOUR('',#19502);
#19553 = OVER_RIDING_STYLED_ITEM('overriding color',(#19554),#2517,
  #19455);
#19554 = PRESENTATION_STYLE_ASSIGNMENT((#19555));
#19555 = SURFACE_STYLE_USAGE(.BOTH.,#19556);
#19556 = SURFACE_SIDE_STYLE('',(#19557));
#19557 = SURFACE_STYLE_FILL_AREA(#19558);
#19558 = FILL_AREA_STYLE('',(#19559));
#19559 = FILL_AREA_STYLE_COLOUR('',#19560);
#19560 = COLOUR_RGB('',0.639215714193,0.678431390124,0.454901963324);
#19561 = OVER_RIDING_STYLED_ITEM('overriding color',(#19562),#2548,
  #19455);
#19562 = PRESENTATION_STYLE_ASSIGNMENT((#19563));
#19563 = SURFACE_STYLE_USAGE(.BOTH.,#19564);
#19564 = SURFACE_SIDE_STYLE('',(#19565));
#19565 = SURFACE_STYLE_FILL_AREA(#19566);
#19566 = FILL_AREA_STYLE('',(#19567));
#19567 = FILL_AREA_STYLE_COLOUR('',#19568);
#19568 = COLOUR_RGB('',0.705882360366,0.619607859787,3.921568724327E-03
  );
#19569 = OVER_RIDING_STYLED_ITEM('overriding color',(#19570),#2593,
  #19455);
#19570 = PRESENTATION_STYLE_ASSIGNMENT((#19571));
#19571 = SURFACE_STYLE_USAGE(.BOTH.,#19572);
#19572 = SURFACE_SIDE_STYLE('',(#19573));
#19573 = SURFACE_STYLE_FILL_AREA(#19574);
#19574 = FILL_AREA_STYLE('',(#19575));
#19575 = FILL_AREA_STYLE_COLOUR('',#19560);
#19576 = OVER_RIDING_STYLED_ITEM('overriding color',(#19577),#2624,
  #19455);
#19577 = PRESENTATION_STYLE_ASSIGNMENT((#19578));
#19578 = SURFACE_STYLE_USAGE(.BOTH.,#19579);
#19579 = SURFACE_SIDE_STYLE('',(#19580));
#19580 = SURFACE_STYLE_FILL_AREA(#19581);
#19581 = FILL_AREA_STYLE('',(#19582));
#19582 = FILL_AREA_STYLE_COLOUR('',#19568);
#19583 = OVER_RIDING_STYLED_ITEM('overriding color',(#19584),#2669,
  #19455);
#19584 = PRESENTATION_STYLE_ASSIGNMENT((#19585));
#19585 = SURFACE_STYLE_USAGE(.BOTH.,#19586);
#19586 = SURFACE_SIDE_STYLE('',(#19587));
#19587 = SURFACE_STYLE_FILL_AREA(#19588);
#19588 = FILL_AREA_STYLE('',(#19589));
#19589 = FILL_AREA_STYLE_COLOUR('',#19560);
#19590 = OVER_RIDING_STYLED_ITEM('overriding color',(#19591),#2700,
  #19455);
#19591 = PRESENTATION_STYLE_ASSIGNMENT((#19592));
#19592 = SURFACE_STYLE_USAGE(.BOTH.,#19593);
#19593 = SURFACE_SIDE_STYLE('',(#19594));
#19594 = SURFACE_STYLE_FILL_AREA(#19595);
#19595 = FILL_AREA_STYLE('',(#19596));
#19596 = FILL_AREA_STYLE_COLOUR('',#19568);
#19597 = OVER_RIDING_STYLED_ITEM('overriding color',(#19598),#2747,
  #19455);
#19598 = PRESENTATION_STYLE_ASSIGNMENT((#19599));
#19599 = SURFACE_STYLE_USAGE(.BOTH.,#19600);
#19600 = SURFACE_SIDE_STYLE('',(#19601));
#19601 = SURFACE_STYLE_FILL_AREA(#19602);
#19602 = FILL_AREA_STYLE('',(#19603));
#19603 = FILL_AREA_STYLE_COLOUR('',#19560);
#19604 = OVER_RIDING_STYLED_ITEM('overriding color',(#19605),#2778,
  #19455);
#19605 = PRESENTATION_STYLE_ASSIGNMENT((#19606));
#19606 = SURFACE_STYLE_USAGE(.BOTH.,#19607);
#19607 = SURFACE_SIDE_STYLE('',(#19608));
#19608 = SURFACE_STYLE_FILL_AREA(#19609);
#19609 = FILL_AREA_STYLE('',(#19610));
#19610 = FILL_AREA_STYLE_COLOUR('',#19568);
#19611 = OVER_RIDING_STYLED_ITEM('overriding color',(#19612),#2823,
  #19455);
#19612 = PRESENTATION_STYLE_ASSIGNMENT((#19613));
#19613 = SURFACE_STYLE_USAGE(.BOTH.,#19614);
#19614 = SURFACE_SIDE_STYLE('',(#19615));
#19615 = SURFACE_STYLE_FILL_AREA(#19616);
#19616 = FILL_AREA_STYLE('',(#19617));
#19617 = FILL_AREA_STYLE_COLOUR('',#19560);
#19618 = OVER_RIDING_STYLED_ITEM('overriding color',(#19619),#2854,
  #19455);
#19619 = PRESENTATION_STYLE_ASSIGNMENT((#19620));
#19620 = SURFACE_STYLE_USAGE(.BOTH.,#19621);
#19621 = SURFACE_SIDE_STYLE('',(#19622));
#19622 = SURFACE_STYLE_FILL_AREA(#19623);
#19623 = FILL_AREA_STYLE('',(#19624));
#19624 = FILL_AREA_STYLE_COLOUR('',#19568);
#19625 = OVER_RIDING_STYLED_ITEM('overriding color',(#19626),#2899,
  #19455);
#19626 = PRESENTATION_STYLE_ASSIGNMENT((#19627));
#19627 = SURFACE_STYLE_USAGE(.BOTH.,#19628);
#19628 = SURFACE_SIDE_STYLE('',(#19629));
#19629 = SURFACE_STYLE_FILL_AREA(#19630);
#19630 = FILL_AREA_STYLE('',(#19631));
#19631 = FILL_AREA_STYLE_COLOUR('',#19560);
#19632 = OVER_RIDING_STYLED_ITEM('overriding color',(#19633),#2930,
  #19455);
#19633 = PRESENTATION_STYLE_ASSIGNMENT((#19634));
#19634 = SURFACE_STYLE_USAGE(.BOTH.,#19635);
#19635 = SURFACE_SIDE_STYLE('',(#19636));
#19636 = SURFACE_STYLE_FILL_AREA(#19637);
#19637 = FILL_AREA_STYLE('',(#19638));
#19638 = FILL_AREA_STYLE_COLOUR('',#19568);
#19639 = OVER_RIDING_STYLED_ITEM('overriding color',(#19640),#2975,
  #19455);
#19640 = PRESENTATION_STYLE_ASSIGNMENT((#19641));
#19641 = SURFACE_STYLE_USAGE(.BOTH.,#19642);
#19642 = SURFACE_SIDE_STYLE('',(#19643));
#19643 = SURFACE_STYLE_FILL_AREA(#19644);
#19644 = FILL_AREA_STYLE('',(#19645));
#19645 = FILL_AREA_STYLE_COLOUR('',#19560);
#19646 = OVER_RIDING_STYLED_ITEM('overriding color',(#19647),#3006,
  #19455);
#19647 = PRESENTATION_STYLE_ASSIGNMENT((#19648));
#19648 = SURFACE_STYLE_USAGE(.BOTH.,#19649);
#19649 = SURFACE_SIDE_STYLE('',(#19650));
#19650 = SURFACE_STYLE_FILL_AREA(#19651);
#19651 = FILL_AREA_STYLE('',(#19652));
#19652 = FILL_AREA_STYLE_COLOUR('',#19568);
#19653 = OVER_RIDING_STYLED_ITEM('overriding color',(#19654),#3051,
  #19455);
#19654 = PRESENTATION_STYLE_ASSIGNMENT((#19655));
#19655 = SURFACE_STYLE_USAGE(.BOTH.,#19656);
#19656 = SURFACE_SIDE_STYLE('',(#19657));
#19657 = SURFACE_STYLE_FILL_AREA(#19658);
#19658 = FILL_AREA_STYLE('',(#19659));
#19659 = FILL_AREA_STYLE_COLOUR('',#19560);
#19660 = OVER_RIDING_STYLED_ITEM('overriding color',(#19661),#3082,
  #19455);
#19661 = PRESENTATION_STYLE_ASSIGNMENT((#19662));
#19662 = SURFACE_STYLE_USAGE(.BOTH.,#19663);
#19663 = SURFACE_SIDE_STYLE('',(#19664));
#19664 = SURFACE_STYLE_FILL_AREA(#19665);
#19665 = FILL_AREA_STYLE('',(#19666));
#19666 = FILL_AREA_STYLE_COLOUR('',#19568);
#19667 = OVER_RIDING_STYLED_ITEM('overriding color',(#19668),#3129,
  #19455);
#19668 = PRESENTATION_STYLE_ASSIGNMENT((#19669));
#19669 = SURFACE_STYLE_USAGE(.BOTH.,#19670);
#19670 = SURFACE_SIDE_STYLE('',(#19671));
#19671 = SURFACE_STYLE_FILL_AREA(#19672);
#19672 = FILL_AREA_STYLE('',(#19673));
#19673 = FILL_AREA_STYLE_COLOUR('',#19560);
#19674 = OVER_RIDING_STYLED_ITEM('overriding color',(#19675),#3160,
  #19455);
#19675 = PRESENTATION_STYLE_ASSIGNMENT((#19676));
#19676 = SURFACE_STYLE_USAGE(.BOTH.,#19677);
#19677 = SURFACE_SIDE_STYLE('',(#19678));
#19678 = SURFACE_STYLE_FILL_AREA(#19679);
#19679 = FILL_AREA_STYLE('',(#19680));
#19680 = FILL_AREA_STYLE_COLOUR('',#19568);
#19681 = OVER_RIDING_STYLED_ITEM('overriding color',(#19682),#3205,
  #19455);
#19682 = PRESENTATION_STYLE_ASSIGNMENT((#19683));
#19683 = SURFACE_STYLE_USAGE(.BOTH.,#19684);
#19684 = SURFACE_SIDE_STYLE('',(#19685));
#19685 = SURFACE_STYLE_FILL_AREA(#19686);
#19686 = FILL_AREA_STYLE('',(#19687));
#19687 = FILL_AREA_STYLE_COLOUR('',#19560);
#19688 = OVER_RIDING_STYLED_ITEM('overriding color',(#19689),#3236,
  #19455);
#19689 = PRESENTATION_STYLE_ASSIGNMENT((#19690));
#19690 = SURFACE_STYLE_USAGE(.BOTH.,#19691);
#19691 = SURFACE_SIDE_STYLE('',(#19692));
#19692 = SURFACE_STYLE_FILL_AREA(#19693);
#19693 = FILL_AREA_STYLE('',(#19694));
#19694 = FILL_AREA_STYLE_COLOUR('',#19568);
#19695 = OVER_RIDING_STYLED_ITEM('overriding color',(#19696),#3281,
  #19455);
#19696 = PRESENTATION_STYLE_ASSIGNMENT((#19697));
#19697 = SURFACE_STYLE_USAGE(.BOTH.,#19698);
#19698 = SURFACE_SIDE_STYLE('',(#19699));
#19699 = SURFACE_STYLE_FILL_AREA(#19700);
#19700 = FILL_AREA_STYLE('',(#19701));
#19701 = FILL_AREA_STYLE_COLOUR('',#19560);
#19702 = OVER_RIDING_STYLED_ITEM('overriding color',(#19703),#3312,
  #19455);
#19703 = PRESENTATION_STYLE_ASSIGNMENT((#19704));
#19704 = SURFACE_STYLE_USAGE(.BOTH.,#19705);
#19705 = SURFACE_SIDE_STYLE('',(#19706));
#19706 = SURFACE_STYLE_FILL_AREA(#19707);
#19707 = FILL_AREA_STYLE('',(#19708));
#19708 = FILL_AREA_STYLE_COLOUR('',#19568);
#19709 = OVER_RIDING_STYLED_ITEM('overriding color',(#19710),#3357,
  #19455);
#19710 = PRESENTATION_STYLE_ASSIGNMENT((#19711));
#19711 = SURFACE_STYLE_USAGE(.BOTH.,#19712);
#19712 = SURFACE_SIDE_STYLE('',(#19713));
#19713 = SURFACE_STYLE_FILL_AREA(#19714);
#19714 = FILL_AREA_STYLE('',(#19715));
#19715 = FILL_AREA_STYLE_COLOUR('',#19560);
#19716 = OVER_RIDING_STYLED_ITEM('overriding color',(#19717),#3388,
  #19455);
#19717 = PRESENTATION_STYLE_ASSIGNMENT((#19718));
#19718 = SURFACE_STYLE_USAGE(.BOTH.,#19719);
#19719 = SURFACE_SIDE_STYLE('',(#19720));
#19720 = SURFACE_STYLE_FILL_AREA(#19721);
#19721 = FILL_AREA_STYLE('',(#19722));
#19722 = FILL_AREA_STYLE_COLOUR('',#19568);
#19723 = OVER_RIDING_STYLED_ITEM('overriding color',(#19724),#3433,
  #19455);
#19724 = PRESENTATION_STYLE_ASSIGNMENT((#19725));
#19725 = SURFACE_STYLE_USAGE(.BOTH.,#19726);
#19726 = SURFACE_SIDE_STYLE('',(#19727));
#19727 = SURFACE_STYLE_FILL_AREA(#19728);
#19728 = FILL_AREA_STYLE('',(#19729));
#19729 = FILL_AREA_STYLE_COLOUR('',#19560);
#19730 = OVER_RIDING_STYLED_ITEM('overriding color',(#19731),#3464,
  #19455);
#19731 = PRESENTATION_STYLE_ASSIGNMENT((#19732));
#19732 = SURFACE_STYLE_USAGE(.BOTH.,#19733);
#19733 = SURFACE_SIDE_STYLE('',(#19734));
#19734 = SURFACE_STYLE_FILL_AREA(#19735);
#19735 = FILL_AREA_STYLE('',(#19736));
#19736 = FILL_AREA_STYLE_COLOUR('',#19568);
#19737 = OVER_RIDING_STYLED_ITEM('overriding color',(#19738),#3511,
  #19455);
#19738 = PRESENTATION_STYLE_ASSIGNMENT((#19739));
#19739 = SURFACE_STYLE_USAGE(.BOTH.,#19740);
#19740 = SURFACE_SIDE_STYLE('',(#19741));
#19741 = SURFACE_STYLE_FILL_AREA(#19742);
#19742 = FILL_AREA_STYLE('',(#19743));
#19743 = FILL_AREA_STYLE_COLOUR('',#19560);
#19744 = OVER_RIDING_STYLED_ITEM('overriding color',(#19745),#3542,
  #19455);
#19745 = PRESENTATION_STYLE_ASSIGNMENT((#19746));
#19746 = SURFACE_STYLE_USAGE(.BOTH.,#19747);
#19747 = SURFACE_SIDE_STYLE('',(#19748));
#19748 = SURFACE_STYLE_FILL_AREA(#19749);
#19749 = FILL_AREA_STYLE('',(#19750));
#19750 = FILL_AREA_STYLE_COLOUR('',#19568);
#19751 = OVER_RIDING_STYLED_ITEM('overriding color',(#19752),#3587,
  #19455);
#19752 = PRESENTATION_STYLE_ASSIGNMENT((#19753));
#19753 = SURFACE_STYLE_USAGE(.BOTH.,#19754);
#19754 = SURFACE_SIDE_STYLE('',(#19755));
#19755 = SURFACE_STYLE_FILL_AREA(#19756);
#19756 = FILL_AREA_STYLE('',(#19757));
#19757 = FILL_AREA_STYLE_COLOUR('',#19560);
#19758 = OVER_RIDING_STYLED_ITEM('overriding color',(#19759),#3618,
  #19455);
#19759 = PRESENTATION_STYLE_ASSIGNMENT((#19760));
#19760 = SURFACE_STYLE_USAGE(.BOTH.,#19761);
#19761 = SURFACE_SIDE_STYLE('',(#19762));
#19762 = SURFACE_STYLE_FILL_AREA(#19763);
#19763 = FILL_AREA_STYLE('',(#19764));
#19764 = FILL_AREA_STYLE_COLOUR('',#19568);
#19765 = OVER_RIDING_STYLED_ITEM('overriding color',(#19766),#3663,
  #19455);
#19766 = PRESENTATION_STYLE_ASSIGNMENT((#19767));
#19767 = SURFACE_STYLE_USAGE(.BOTH.,#19768);
#19768 = SURFACE_SIDE_STYLE('',(#19769));
#19769 = SURFACE_STYLE_FILL_AREA(#19770);
#19770 = FILL_AREA_STYLE('',(#19771));
#19771 = FILL_AREA_STYLE_COLOUR('',#19560);
#19772 = OVER_RIDING_STYLED_ITEM('overriding color',(#19773),#3694,
  #19455);
#19773 = PRESENTATION_STYLE_ASSIGNMENT((#19774));
#19774 = SURFACE_STYLE_USAGE(.BOTH.,#19775);
#19775 = SURFACE_SIDE_STYLE('',(#19776));
#19776 = SURFACE_STYLE_FILL_AREA(#19777);
#19777 = FILL_AREA_STYLE('',(#19778));
#19778 = FILL_AREA_STYLE_COLOUR('',#19568);
#19779 = OVER_RIDING_STYLED_ITEM('overriding color',(#19780),#3739,
  #19455);
#19780 = PRESENTATION_STYLE_ASSIGNMENT((#19781));
#19781 = SURFACE_STYLE_USAGE(.BOTH.,#19782);
#19782 = SURFACE_SIDE_STYLE('',(#19783));
#19783 = SURFACE_STYLE_FILL_AREA(#19784);
#19784 = FILL_AREA_STYLE('',(#19785));
#19785 = FILL_AREA_STYLE_COLOUR('',#19560);
#19786 = OVER_RIDING_STYLED_ITEM('overriding color',(#19787),#3770,
  #19455);
#19787 = PRESENTATION_STYLE_ASSIGNMENT((#19788));
#19788 = SURFACE_STYLE_USAGE(.BOTH.,#19789);
#19789 = SURFACE_SIDE_STYLE('',(#19790));
#19790 = SURFACE_STYLE_FILL_AREA(#19791);
#19791 = FILL_AREA_STYLE('',(#19792));
#19792 = FILL_AREA_STYLE_COLOUR('',#19568);
#19793 = OVER_RIDING_STYLED_ITEM('overriding color',(#19794),#3815,
  #19455);
#19794 = PRESENTATION_STYLE_ASSIGNMENT((#19795));
#19795 = SURFACE_STYLE_USAGE(.BOTH.,#19796);
#19796 = SURFACE_SIDE_STYLE('',(#19797));
#19797 = SURFACE_STYLE_FILL_AREA(#19798);
#19798 = FILL_AREA_STYLE('',(#19799));
#19799 = FILL_AREA_STYLE_COLOUR('',#19560);
#19800 = OVER_RIDING_STYLED_ITEM('overriding color',(#19801),#3846,
  #19455);
#19801 = PRESENTATION_STYLE_ASSIGNMENT((#19802));
#19802 = SURFACE_STYLE_USAGE(.BOTH.,#19803);
#19803 = SURFACE_SIDE_STYLE('',(#19804));
#19804 = SURFACE_STYLE_FILL_AREA(#19805);
#19805 = FILL_AREA_STYLE('',(#19806));
#19806 = FILL_AREA_STYLE_COLOUR('',#19568);
#19807 = OVER_RIDING_STYLED_ITEM('overriding color',(#19808),#3893,
  #19455);
#19808 = PRESENTATION_STYLE_ASSIGNMENT((#19809));
#19809 = SURFACE_STYLE_USAGE(.BOTH.,#19810);
#19810 = SURFACE_SIDE_STYLE('',(#19811));
#19811 = SURFACE_STYLE_FILL_AREA(#19812);
#19812 = FILL_AREA_STYLE('',(#19813));
#19813 = FILL_AREA_STYLE_COLOUR('',#19560);
#19814 = OVER_RIDING_STYLED_ITEM('overriding color',(#19815),#3924,
  #19455);
#19815 = PRESENTATION_STYLE_ASSIGNMENT((#19816));
#19816 = SURFACE_STYLE_USAGE(.BOTH.,#19817);
#19817 = SURFACE_SIDE_STYLE('',(#19818));
#19818 = SURFACE_STYLE_FILL_AREA(#19819);
#19819 = FILL_AREA_STYLE('',(#19820));
#19820 = FILL_AREA_STYLE_COLOUR('',#19568);
#19821 = OVER_RIDING_STYLED_ITEM('overriding color',(#19822),#3969,
  #19455);
#19822 = PRESENTATION_STYLE_ASSIGNMENT((#19823));
#19823 = SURFACE_STYLE_USAGE(.BOTH.,#19824);
#19824 = SURFACE_SIDE_STYLE('',(#19825));
#19825 = SURFACE_STYLE_FILL_AREA(#19826);
#19826 = FILL_AREA_STYLE('',(#19827));
#19827 = FILL_AREA_STYLE_COLOUR('',#19560);
#19828 = OVER_RIDING_STYLED_ITEM('overriding color',(#19829),#4000,
  #19455);
#19829 = PRESENTATION_STYLE_ASSIGNMENT((#19830));
#19830 = SURFACE_STYLE_USAGE(.BOTH.,#19831);
#19831 = SURFACE_SIDE_STYLE('',(#19832));
#19832 = SURFACE_STYLE_FILL_AREA(#19833);
#19833 = FILL_AREA_STYLE('',(#19834));
#19834 = FILL_AREA_STYLE_COLOUR('',#19568);
#19835 = OVER_RIDING_STYLED_ITEM('overriding color',(#19836),#4045,
  #19455);
#19836 = PRESENTATION_STYLE_ASSIGNMENT((#19837));
#19837 = SURFACE_STYLE_USAGE(.BOTH.,#19838);
#19838 = SURFACE_SIDE_STYLE('',(#19839));
#19839 = SURFACE_STYLE_FILL_AREA(#19840);
#19840 = FILL_AREA_STYLE('',(#19841));
#19841 = FILL_AREA_STYLE_COLOUR('',#19560);
#19842 = OVER_RIDING_STYLED_ITEM('overriding color',(#19843),#4076,
  #19455);
#19843 = PRESENTATION_STYLE_ASSIGNMENT((#19844));
#19844 = SURFACE_STYLE_USAGE(.BOTH.,#19845);
#19845 = SURFACE_SIDE_STYLE('',(#19846));
#19846 = SURFACE_STYLE_FILL_AREA(#19847);
#19847 = FILL_AREA_STYLE('',(#19848));
#19848 = FILL_AREA_STYLE_COLOUR('',#19560);
#19849 = OVER_RIDING_STYLED_ITEM('overriding color',(#19850),#4101,
  #19455);
#19850 = PRESENTATION_STYLE_ASSIGNMENT((#19851));
#19851 = SURFACE_STYLE_USAGE(.BOTH.,#19852);
#19852 = SURFACE_SIDE_STYLE('',(#19853));
#19853 = SURFACE_STYLE_FILL_AREA(#19854);
#19854 = FILL_AREA_STYLE('',(#19855));
#19855 = FILL_AREA_STYLE_COLOUR('',#19560);
#19856 = OVER_RIDING_STYLED_ITEM('overriding color',(#19857),#4132,
  #19455);
#19857 = PRESENTATION_STYLE_ASSIGNMENT((#19858));
#19858 = SURFACE_STYLE_USAGE(.BOTH.,#19859);
#19859 = SURFACE_SIDE_STYLE('',(#19860));
#19860 = SURFACE_STYLE_FILL_AREA(#19861);
#19861 = FILL_AREA_STYLE('',(#19862));
#19862 = FILL_AREA_STYLE_COLOUR('',#19863);
#19863 = COLOUR_RGB('',0.827450977613,0.823529417451,0.784313732475);
#19864 = OVER_RIDING_STYLED_ITEM('overriding color',(#19865),#4173,
  #19455);
#19865 = PRESENTATION_STYLE_ASSIGNMENT((#19866));
#19866 = SURFACE_STYLE_USAGE(.BOTH.,#19867);
#19867 = SURFACE_SIDE_STYLE('',(#19868));
#19868 = SURFACE_STYLE_FILL_AREA(#19869);
#19869 = FILL_AREA_STYLE('',(#19870));
#19870 = FILL_AREA_STYLE_COLOUR('',#19863);
#19871 = OVER_RIDING_STYLED_ITEM('overriding color',(#19872),#4266,
  #19455);
#19872 = PRESENTATION_STYLE_ASSIGNMENT((#19873));
#19873 = SURFACE_STYLE_USAGE(.BOTH.,#19874);
#19874 = SURFACE_SIDE_STYLE('',(#19875));
#19875 = SURFACE_STYLE_FILL_AREA(#19876);
#19876 = FILL_AREA_STYLE('',(#19877));
#19877 = FILL_AREA_STYLE_COLOUR('',#19863);
#19878 = OVER_RIDING_STYLED_ITEM('overriding color',(#19879),#4299,
  #19455);
#19879 = PRESENTATION_STYLE_ASSIGNMENT((#19880));
#19880 = SURFACE_STYLE_USAGE(.BOTH.,#19881);
#19881 = SURFACE_SIDE_STYLE('',(#19882));
#19882 = SURFACE_STYLE_FILL_AREA(#19883);
#19883 = FILL_AREA_STYLE('',(#19884));
#19884 = FILL_AREA_STYLE_COLOUR('',#19560);
#19885 = OVER_RIDING_STYLED_ITEM('overriding color',(#19886),#4324,
  #19455);
#19886 = PRESENTATION_STYLE_ASSIGNMENT((#19887));
#19887 = SURFACE_STYLE_USAGE(.BOTH.,#19888);
#19888 = SURFACE_SIDE_STYLE('',(#19889));
#19889 = SURFACE_STYLE_FILL_AREA(#19890);
#19890 = FILL_AREA_STYLE('',(#19891));
#19891 = FILL_AREA_STYLE_COLOUR('',#19560);
#19892 = OVER_RIDING_STYLED_ITEM('overriding color',(#19893),#4348,
  #19455);
#19893 = PRESENTATION_STYLE_ASSIGNMENT((#19894));
#19894 = SURFACE_STYLE_USAGE(.BOTH.,#19895);
#19895 = SURFACE_SIDE_STYLE('',(#19896));
#19896 = SURFACE_STYLE_FILL_AREA(#19897);
#19897 = FILL_AREA_STYLE('',(#19898));
#19898 = FILL_AREA_STYLE_COLOUR('',#19568);
#19899 = OVER_RIDING_STYLED_ITEM('overriding color',(#19900),#4393,
  #19455);
#19900 = PRESENTATION_STYLE_ASSIGNMENT((#19901));
#19901 = SURFACE_STYLE_USAGE(.BOTH.,#19902);
#19902 = SURFACE_SIDE_STYLE('',(#19903));
#19903 = SURFACE_STYLE_FILL_AREA(#19904);
#19904 = FILL_AREA_STYLE('',(#19905));
#19905 = FILL_AREA_STYLE_COLOUR('',#19560);
#19906 = OVER_RIDING_STYLED_ITEM('overriding color',(#19907),#4424,
  #19455);
#19907 = PRESENTATION_STYLE_ASSIGNMENT((#19908));
#19908 = SURFACE_STYLE_USAGE(.BOTH.,#19909);
#19909 = SURFACE_SIDE_STYLE('',(#19910));
#19910 = SURFACE_STYLE_FILL_AREA(#19911);
#19911 = FILL_AREA_STYLE('',(#19912));
#19912 = FILL_AREA_STYLE_COLOUR('',#19568);
#19913 = OVER_RIDING_STYLED_ITEM('overriding color',(#19914),#4469,
  #19455);
#19914 = PRESENTATION_STYLE_ASSIGNMENT((#19915));
#19915 = SURFACE_STYLE_USAGE(.BOTH.,#19916);
#19916 = SURFACE_SIDE_STYLE('',(#19917));
#19917 = SURFACE_STYLE_FILL_AREA(#19918);
#19918 = FILL_AREA_STYLE('',(#19919));
#19919 = FILL_AREA_STYLE_COLOUR('',#19560);
#19920 = OVER_RIDING_STYLED_ITEM('overriding color',(#19921),#4500,
  #19455);
#19921 = PRESENTATION_STYLE_ASSIGNMENT((#19922));
#19922 = SURFACE_STYLE_USAGE(.BOTH.,#19923);
#19923 = SURFACE_SIDE_STYLE('',(#19924));
#19924 = SURFACE_STYLE_FILL_AREA(#19925);
#19925 = FILL_AREA_STYLE('',(#19926));
#19926 = FILL_AREA_STYLE_COLOUR('',#19568);
#19927 = OVER_RIDING_STYLED_ITEM('overriding color',(#19928),#4547,
  #19455);
#19928 = PRESENTATION_STYLE_ASSIGNMENT((#19929));
#19929 = SURFACE_STYLE_USAGE(.BOTH.,#19930);
#19930 = SURFACE_SIDE_STYLE('',(#19931));
#19931 = SURFACE_STYLE_FILL_AREA(#19932);
#19932 = FILL_AREA_STYLE('',(#19933));
#19933 = FILL_AREA_STYLE_COLOUR('',#19560);
#19934 = OVER_RIDING_STYLED_ITEM('overriding color',(#19935),#4578,
  #19455);
#19935 = PRESENTATION_STYLE_ASSIGNMENT((#19936));
#19936 = SURFACE_STYLE_USAGE(.BOTH.,#19937);
#19937 = SURFACE_SIDE_STYLE('',(#19938));
#19938 = SURFACE_STYLE_FILL_AREA(#19939);
#19939 = FILL_AREA_STYLE('',(#19940));
#19940 = FILL_AREA_STYLE_COLOUR('',#19568);
#19941 = OVER_RIDING_STYLED_ITEM('overriding color',(#19942),#4623,
  #19455);
#19942 = PRESENTATION_STYLE_ASSIGNMENT((#19943));
#19943 = SURFACE_STYLE_USAGE(.BOTH.,#19944);
#19944 = SURFACE_SIDE_STYLE('',(#19945));
#19945 = SURFACE_STYLE_FILL_AREA(#19946);
#19946 = FILL_AREA_STYLE('',(#19947));
#19947 = FILL_AREA_STYLE_COLOUR('',#19560);
#19948 = OVER_RIDING_STYLED_ITEM('overriding color',(#19949),#4654,
  #19455);
#19949 = PRESENTATION_STYLE_ASSIGNMENT((#19950));
#19950 = SURFACE_STYLE_USAGE(.BOTH.,#19951);
#19951 = SURFACE_SIDE_STYLE('',(#19952));
#19952 = SURFACE_STYLE_FILL_AREA(#19953);
#19953 = FILL_AREA_STYLE('',(#19954));
#19954 = FILL_AREA_STYLE_COLOUR('',#19568);
#19955 = OVER_RIDING_STYLED_ITEM('overriding color',(#19956),#4699,
  #19455);
#19956 = PRESENTATION_STYLE_ASSIGNMENT((#19957));
#19957 = SURFACE_STYLE_USAGE(.BOTH.,#19958);
#19958 = SURFACE_SIDE_STYLE('',(#19959));
#19959 = SURFACE_STYLE_FILL_AREA(#19960);
#19960 = FILL_AREA_STYLE('',(#19961));
#19961 = FILL_AREA_STYLE_COLOUR('',#19560);
#19962 = OVER_RIDING_STYLED_ITEM('overriding color',(#19963),#4730,
  #19455);
#19963 = PRESENTATION_STYLE_ASSIGNMENT((#19964));
#19964 = SURFACE_STYLE_USAGE(.BOTH.,#19965);
#19965 = SURFACE_SIDE_STYLE('',(#19966));
#19966 = SURFACE_STYLE_FILL_AREA(#19967);
#19967 = FILL_AREA_STYLE('',(#19968));
#19968 = FILL_AREA_STYLE_COLOUR('',#19568);
#19969 = OVER_RIDING_STYLED_ITEM('overriding color',(#19970),#4775,
  #19455);
#19970 = PRESENTATION_STYLE_ASSIGNMENT((#19971));
#19971 = SURFACE_STYLE_USAGE(.BOTH.,#19972);
#19972 = SURFACE_SIDE_STYLE('',(#19973));
#19973 = SURFACE_STYLE_FILL_AREA(#19974);
#19974 = FILL_AREA_STYLE('',(#19975));
#19975 = FILL_AREA_STYLE_COLOUR('',#19560);
#19976 = OVER_RIDING_STYLED_ITEM('overriding color',(#19977),#4806,
  #19455);
#19977 = PRESENTATION_STYLE_ASSIGNMENT((#19978));
#19978 = SURFACE_STYLE_USAGE(.BOTH.,#19979);
#19979 = SURFACE_SIDE_STYLE('',(#19980));
#19980 = SURFACE_STYLE_FILL_AREA(#19981);
#19981 = FILL_AREA_STYLE('',(#19982));
#19982 = FILL_AREA_STYLE_COLOUR('',#19568);
#19983 = OVER_RIDING_STYLED_ITEM('overriding color',(#19984),#4851,
  #19455);
#19984 = PRESENTATION_STYLE_ASSIGNMENT((#19985));
#19985 = SURFACE_STYLE_USAGE(.BOTH.,#19986);
#19986 = SURFACE_SIDE_STYLE('',(#19987));
#19987 = SURFACE_STYLE_FILL_AREA(#19988);
#19988 = FILL_AREA_STYLE('',(#19989));
#19989 = FILL_AREA_STYLE_COLOUR('',#19560);
#19990 = OVER_RIDING_STYLED_ITEM('overriding color',(#19991),#4882,
  #19455);
#19991 = PRESENTATION_STYLE_ASSIGNMENT((#19992));
#19992 = SURFACE_STYLE_USAGE(.BOTH.,#19993);
#19993 = SURFACE_SIDE_STYLE('',(#19994));
#19994 = SURFACE_STYLE_FILL_AREA(#19995);
#19995 = FILL_AREA_STYLE('',(#19996));
#19996 = FILL_AREA_STYLE_COLOUR('',#19568);
#19997 = OVER_RIDING_STYLED_ITEM('overriding color',(#19998),#4929,
  #19455);
#19998 = PRESENTATION_STYLE_ASSIGNMENT((#19999));
#19999 = SURFACE_STYLE_USAGE(.BOTH.,#20000);
#20000 = SURFACE_SIDE_STYLE('',(#20001));
#20001 = SURFACE_STYLE_FILL_AREA(#20002);
#20002 = FILL_AREA_STYLE('',(#20003));
#20003 = FILL_AREA_STYLE_COLOUR('',#19560);
#20004 = OVER_RIDING_STYLED_ITEM('overriding color',(#20005),#4960,
  #19455);
#20005 = PRESENTATION_STYLE_ASSIGNMENT((#20006));
#20006 = SURFACE_STYLE_USAGE(.BOTH.,#20007);
#20007 = SURFACE_SIDE_STYLE('',(#20008));
#20008 = SURFACE_STYLE_FILL_AREA(#20009);
#20009 = FILL_AREA_STYLE('',(#20010));
#20010 = FILL_AREA_STYLE_COLOUR('',#19568);
#20011 = OVER_RIDING_STYLED_ITEM('overriding color',(#20012),#5005,
  #19455);
#20012 = PRESENTATION_STYLE_ASSIGNMENT((#20013));
#20013 = SURFACE_STYLE_USAGE(.BOTH.,#20014);
#20014 = SURFACE_SIDE_STYLE('',(#20015));
#20015 = SURFACE_STYLE_FILL_AREA(#20016);
#20016 = FILL_AREA_STYLE('',(#20017));
#20017 = FILL_AREA_STYLE_COLOUR('',#19560);
#20018 = OVER_RIDING_STYLED_ITEM('overriding color',(#20019),#5036,
  #19455);
#20019 = PRESENTATION_STYLE_ASSIGNMENT((#20020));
#20020 = SURFACE_STYLE_USAGE(.BOTH.,#20021);
#20021 = SURFACE_SIDE_STYLE('',(#20022));
#20022 = SURFACE_STYLE_FILL_AREA(#20023);
#20023 = FILL_AREA_STYLE('',(#20024));
#20024 = FILL_AREA_STYLE_COLOUR('',#19568);
#20025 = OVER_RIDING_STYLED_ITEM('overriding color',(#20026),#5081,
  #19455);
#20026 = PRESENTATION_STYLE_ASSIGNMENT((#20027));
#20027 = SURFACE_STYLE_USAGE(.BOTH.,#20028);
#20028 = SURFACE_SIDE_STYLE('',(#20029));
#20029 = SURFACE_STYLE_FILL_AREA(#20030);
#20030 = FILL_AREA_STYLE('',(#20031));
#20031 = FILL_AREA_STYLE_COLOUR('',#19560);
#20032 = OVER_RIDING_STYLED_ITEM('overriding color',(#20033),#5112,
  #19455);
#20033 = PRESENTATION_STYLE_ASSIGNMENT((#20034));
#20034 = SURFACE_STYLE_USAGE(.BOTH.,#20035);
#20035 = SURFACE_SIDE_STYLE('',(#20036));
#20036 = SURFACE_STYLE_FILL_AREA(#20037);
#20037 = FILL_AREA_STYLE('',(#20038));
#20038 = FILL_AREA_STYLE_COLOUR('',#19568);
#20039 = OVER_RIDING_STYLED_ITEM('overriding color',(#20040),#5157,
  #19455);
#20040 = PRESENTATION_STYLE_ASSIGNMENT((#20041));
#20041 = SURFACE_STYLE_USAGE(.BOTH.,#20042);
#20042 = SURFACE_SIDE_STYLE('',(#20043));
#20043 = SURFACE_STYLE_FILL_AREA(#20044);
#20044 = FILL_AREA_STYLE('',(#20045));
#20045 = FILL_AREA_STYLE_COLOUR('',#19560);
#20046 = OVER_RIDING_STYLED_ITEM('overriding color',(#20047),#5188,
  #19455);
#20047 = PRESENTATION_STYLE_ASSIGNMENT((#20048));
#20048 = SURFACE_STYLE_USAGE(.BOTH.,#20049);
#20049 = SURFACE_SIDE_STYLE('',(#20050));
#20050 = SURFACE_STYLE_FILL_AREA(#20051);
#20051 = FILL_AREA_STYLE('',(#20052));
#20052 = FILL_AREA_STYLE_COLOUR('',#19568);
#20053 = OVER_RIDING_STYLED_ITEM('overriding color',(#20054),#5233,
  #19455);
#20054 = PRESENTATION_STYLE_ASSIGNMENT((#20055));
#20055 = SURFACE_STYLE_USAGE(.BOTH.,#20056);
#20056 = SURFACE_SIDE_STYLE('',(#20057));
#20057 = SURFACE_STYLE_FILL_AREA(#20058);
#20058 = FILL_AREA_STYLE('',(#20059));
#20059 = FILL_AREA_STYLE_COLOUR('',#19560);
#20060 = OVER_RIDING_STYLED_ITEM('overriding color',(#20061),#5264,
  #19455);
#20061 = PRESENTATION_STYLE_ASSIGNMENT((#20062));
#20062 = SURFACE_STYLE_USAGE(.BOTH.,#20063);
#20063 = SURFACE_SIDE_STYLE('',(#20064));
#20064 = SURFACE_STYLE_FILL_AREA(#20065);
#20065 = FILL_AREA_STYLE('',(#20066));
#20066 = FILL_AREA_STYLE_COLOUR('',#19568);
#20067 = OVER_RIDING_STYLED_ITEM('overriding color',(#20068),#5311,
  #19455);
#20068 = PRESENTATION_STYLE_ASSIGNMENT((#20069));
#20069 = SURFACE_STYLE_USAGE(.BOTH.,#20070);
#20070 = SURFACE_SIDE_STYLE('',(#20071));
#20071 = SURFACE_STYLE_FILL_AREA(#20072);
#20072 = FILL_AREA_STYLE('',(#20073));
#20073 = FILL_AREA_STYLE_COLOUR('',#19560);
#20074 = OVER_RIDING_STYLED_ITEM('overriding color',(#20075),#5342,
  #19455);
#20075 = PRESENTATION_STYLE_ASSIGNMENT((#20076));
#20076 = SURFACE_STYLE_USAGE(.BOTH.,#20077);
#20077 = SURFACE_SIDE_STYLE('',(#20078));
#20078 = SURFACE_STYLE_FILL_AREA(#20079);
#20079 = FILL_AREA_STYLE('',(#20080));
#20080 = FILL_AREA_STYLE_COLOUR('',#19568);
#20081 = OVER_RIDING_STYLED_ITEM('overriding color',(#20082),#5387,
  #19455);
#20082 = PRESENTATION_STYLE_ASSIGNMENT((#20083));
#20083 = SURFACE_STYLE_USAGE(.BOTH.,#20084);
#20084 = SURFACE_SIDE_STYLE('',(#20085));
#20085 = SURFACE_STYLE_FILL_AREA(#20086);
#20086 = FILL_AREA_STYLE('',(#20087));
#20087 = FILL_AREA_STYLE_COLOUR('',#19560);
#20088 = OVER_RIDING_STYLED_ITEM('overriding color',(#20089),#5418,
  #19455);
#20089 = PRESENTATION_STYLE_ASSIGNMENT((#20090));
#20090 = SURFACE_STYLE_USAGE(.BOTH.,#20091);
#20091 = SURFACE_SIDE_STYLE('',(#20092));
#20092 = SURFACE_STYLE_FILL_AREA(#20093);
#20093 = FILL_AREA_STYLE('',(#20094));
#20094 = FILL_AREA_STYLE_COLOUR('',#19568);
#20095 = OVER_RIDING_STYLED_ITEM('overriding color',(#20096),#5463,
  #19455);
#20096 = PRESENTATION_STYLE_ASSIGNMENT((#20097));
#20097 = SURFACE_STYLE_USAGE(.BOTH.,#20098);
#20098 = SURFACE_SIDE_STYLE('',(#20099));
#20099 = SURFACE_STYLE_FILL_AREA(#20100);
#20100 = FILL_AREA_STYLE('',(#20101));
#20101 = FILL_AREA_STYLE_COLOUR('',#19560);
#20102 = OVER_RIDING_STYLED_ITEM('overriding color',(#20103),#5494,
  #19455);
#20103 = PRESENTATION_STYLE_ASSIGNMENT((#20104));
#20104 = SURFACE_STYLE_USAGE(.BOTH.,#20105);
#20105 = SURFACE_SIDE_STYLE('',(#20106));
#20106 = SURFACE_STYLE_FILL_AREA(#20107);
#20107 = FILL_AREA_STYLE('',(#20108));
#20108 = FILL_AREA_STYLE_COLOUR('',#19568);
#20109 = OVER_RIDING_STYLED_ITEM('overriding color',(#20110),#5539,
  #19455);
#20110 = PRESENTATION_STYLE_ASSIGNMENT((#20111));
#20111 = SURFACE_STYLE_USAGE(.BOTH.,#20112);
#20112 = SURFACE_SIDE_STYLE('',(#20113));
#20113 = SURFACE_STYLE_FILL_AREA(#20114);
#20114 = FILL_AREA_STYLE('',(#20115));
#20115 = FILL_AREA_STYLE_COLOUR('',#19560);
#20116 = OVER_RIDING_STYLED_ITEM('overriding color',(#20117),#5570,
  #19455);
#20117 = PRESENTATION_STYLE_ASSIGNMENT((#20118));
#20118 = SURFACE_STYLE_USAGE(.BOTH.,#20119);
#20119 = SURFACE_SIDE_STYLE('',(#20120));
#20120 = SURFACE_STYLE_FILL_AREA(#20121);
#20121 = FILL_AREA_STYLE('',(#20122));
#20122 = FILL_AREA_STYLE_COLOUR('',#19568);
#20123 = OVER_RIDING_STYLED_ITEM('overriding color',(#20124),#5615,
  #19455);
#20124 = PRESENTATION_STYLE_ASSIGNMENT((#20125));
#20125 = SURFACE_STYLE_USAGE(.BOTH.,#20126);
#20126 = SURFACE_SIDE_STYLE('',(#20127));
#20127 = SURFACE_STYLE_FILL_AREA(#20128);
#20128 = FILL_AREA_STYLE('',(#20129));
#20129 = FILL_AREA_STYLE_COLOUR('',#19560);
#20130 = OVER_RIDING_STYLED_ITEM('overriding color',(#20131),#5646,
  #19455);
#20131 = PRESENTATION_STYLE_ASSIGNMENT((#20132));
#20132 = SURFACE_STYLE_USAGE(.BOTH.,#20133);
#20133 = SURFACE_SIDE_STYLE('',(#20134));
#20134 = SURFACE_STYLE_FILL_AREA(#20135);
#20135 = FILL_AREA_STYLE('',(#20136));
#20136 = FILL_AREA_STYLE_COLOUR('',#19568);
#20137 = OVER_RIDING_STYLED_ITEM('overriding color',(#20138),#5693,
  #19455);
#20138 = PRESENTATION_STYLE_ASSIGNMENT((#20139));
#20139 = SURFACE_STYLE_USAGE(.BOTH.,#20140);
#20140 = SURFACE_SIDE_STYLE('',(#20141));
#20141 = SURFACE_STYLE_FILL_AREA(#20142);
#20142 = FILL_AREA_STYLE('',(#20143));
#20143 = FILL_AREA_STYLE_COLOUR('',#19560);
#20144 = OVER_RIDING_STYLED_ITEM('overriding color',(#20145),#5724,
  #19455);
#20145 = PRESENTATION_STYLE_ASSIGNMENT((#20146));
#20146 = SURFACE_STYLE_USAGE(.BOTH.,#20147);
#20147 = SURFACE_SIDE_STYLE('',(#20148));
#20148 = SURFACE_STYLE_FILL_AREA(#20149);
#20149 = FILL_AREA_STYLE('',(#20150));
#20150 = FILL_AREA_STYLE_COLOUR('',#19568);
#20151 = OVER_RIDING_STYLED_ITEM('overriding color',(#20152),#5769,
  #19455);
#20152 = PRESENTATION_STYLE_ASSIGNMENT((#20153));
#20153 = SURFACE_STYLE_USAGE(.BOTH.,#20154);
#20154 = SURFACE_SIDE_STYLE('',(#20155));
#20155 = SURFACE_STYLE_FILL_AREA(#20156);
#20156 = FILL_AREA_STYLE('',(#20157));
#20157 = FILL_AREA_STYLE_COLOUR('',#19560);
#20158 = OVER_RIDING_STYLED_ITEM('overriding color',(#20159),#5800,
  #19455);
#20159 = PRESENTATION_STYLE_ASSIGNMENT((#20160));
#20160 = SURFACE_STYLE_USAGE(.BOTH.,#20161);
#20161 = SURFACE_SIDE_STYLE('',(#20162));
#20162 = SURFACE_STYLE_FILL_AREA(#20163);
#20163 = FILL_AREA_STYLE('',(#20164));
#20164 = FILL_AREA_STYLE_COLOUR('',#19568);
#20165 = OVER_RIDING_STYLED_ITEM('overriding color',(#20166),#5845,
  #19455);
#20166 = PRESENTATION_STYLE_ASSIGNMENT((#20167));
#20167 = SURFACE_STYLE_USAGE(.BOTH.,#20168);
#20168 = SURFACE_SIDE_STYLE('',(#20169));
#20169 = SURFACE_STYLE_FILL_AREA(#20170);
#20170 = FILL_AREA_STYLE('',(#20171));
#20171 = FILL_AREA_STYLE_COLOUR('',#19560);
#20172 = OVER_RIDING_STYLED_ITEM('overriding color',(#20173),#5876,
  #19455);
#20173 = PRESENTATION_STYLE_ASSIGNMENT((#20174));
#20174 = SURFACE_STYLE_USAGE(.BOTH.,#20175);
#20175 = SURFACE_SIDE_STYLE('',(#20176));
#20176 = SURFACE_STYLE_FILL_AREA(#20177);
#20177 = FILL_AREA_STYLE('',(#20178));
#20178 = FILL_AREA_STYLE_COLOUR('',#19560);
#20179 = OVER_RIDING_STYLED_ITEM('overriding color',(#20180),#5901,
  #19455);
#20180 = PRESENTATION_STYLE_ASSIGNMENT((#20181));
#20181 = SURFACE_STYLE_USAGE(.BOTH.,#20182);
#20182 = SURFACE_SIDE_STYLE('',(#20183));
#20183 = SURFACE_STYLE_FILL_AREA(#20184);
#20184 = FILL_AREA_STYLE('',(#20185));
#20185 = FILL_AREA_STYLE_COLOUR('',#19560);
#20186 = OVER_RIDING_STYLED_ITEM('overriding color',(#20187),#5925,
  #19455);
#20187 = PRESENTATION_STYLE_ASSIGNMENT((#20188));
#20188 = SURFACE_STYLE_USAGE(.BOTH.,#20189);
#20189 = SURFACE_SIDE_STYLE('',(#20190));
#20190 = SURFACE_STYLE_FILL_AREA(#20191);
#20191 = FILL_AREA_STYLE('',(#20192));
#20192 = FILL_AREA_STYLE_COLOUR('',#19568);
#20193 = OVER_RIDING_STYLED_ITEM('overriding color',(#20194),#5970,
  #19455);
#20194 = PRESENTATION_STYLE_ASSIGNMENT((#20195));
#20195 = SURFACE_STYLE_USAGE(.BOTH.,#20196);
#20196 = SURFACE_SIDE_STYLE('',(#20197));
#20197 = SURFACE_STYLE_FILL_AREA(#20198);
#20198 = FILL_AREA_STYLE('',(#20199));
#20199 = FILL_AREA_STYLE_COLOUR('',#19560);
#20200 = OVER_RIDING_STYLED_ITEM('overriding color',(#20201),#6001,
  #19455);
#20201 = PRESENTATION_STYLE_ASSIGNMENT((#20202));
#20202 = SURFACE_STYLE_USAGE(.BOTH.,#20203);
#20203 = SURFACE_SIDE_STYLE('',(#20204));
#20204 = SURFACE_STYLE_FILL_AREA(#20205);
#20205 = FILL_AREA_STYLE('',(#20206));
#20206 = FILL_AREA_STYLE_COLOUR('',#19568);
#20207 = OVER_RIDING_STYLED_ITEM('overriding color',(#20208),#6048,
  #19455);
#20208 = PRESENTATION_STYLE_ASSIGNMENT((#20209));
#20209 = SURFACE_STYLE_USAGE(.BOTH.,#20210);
#20210 = SURFACE_SIDE_STYLE('',(#20211));
#20211 = SURFACE_STYLE_FILL_AREA(#20212);
#20212 = FILL_AREA_STYLE('',(#20213));
#20213 = FILL_AREA_STYLE_COLOUR('',#19560);
#20214 = OVER_RIDING_STYLED_ITEM('overriding color',(#20215),#6079,
  #19455);
#20215 = PRESENTATION_STYLE_ASSIGNMENT((#20216));
#20216 = SURFACE_STYLE_USAGE(.BOTH.,#20217);
#20217 = SURFACE_SIDE_STYLE('',(#20218));
#20218 = SURFACE_STYLE_FILL_AREA(#20219);
#20219 = FILL_AREA_STYLE('',(#20220));
#20220 = FILL_AREA_STYLE_COLOUR('',#19568);
#20221 = OVER_RIDING_STYLED_ITEM('overriding color',(#20222),#6124,
  #19455);
#20222 = PRESENTATION_STYLE_ASSIGNMENT((#20223));
#20223 = SURFACE_STYLE_USAGE(.BOTH.,#20224);
#20224 = SURFACE_SIDE_STYLE('',(#20225));
#20225 = SURFACE_STYLE_FILL_AREA(#20226);
#20226 = FILL_AREA_STYLE('',(#20227));
#20227 = FILL_AREA_STYLE_COLOUR('',#19560);
#20228 = OVER_RIDING_STYLED_ITEM('overriding color',(#20229),#6155,
  #19455);
#20229 = PRESENTATION_STYLE_ASSIGNMENT((#20230));
#20230 = SURFACE_STYLE_USAGE(.BOTH.,#20231);
#20231 = SURFACE_SIDE_STYLE('',(#20232));
#20232 = SURFACE_STYLE_FILL_AREA(#20233);
#20233 = FILL_AREA_STYLE('',(#20234));
#20234 = FILL_AREA_STYLE_COLOUR('',#19560);
#20235 = OVER_RIDING_STYLED_ITEM('overriding color',(#20236),#6173,
  #19455);
#20236 = PRESENTATION_STYLE_ASSIGNMENT((#20237));
#20237 = SURFACE_STYLE_USAGE(.BOTH.,#20238);
#20238 = SURFACE_SIDE_STYLE('',(#20239));
#20239 = SURFACE_STYLE_FILL_AREA(#20240);
#20240 = FILL_AREA_STYLE('',(#20241));
#20241 = FILL_AREA_STYLE_COLOUR('',#19560);
#20242 = OVER_RIDING_STYLED_ITEM('overriding color',(#20243),#6193,
  #19455);
#20243 = PRESENTATION_STYLE_ASSIGNMENT((#20244));
#20244 = SURFACE_STYLE_USAGE(.BOTH.,#20245);
#20245 = SURFACE_SIDE_STYLE('',(#20246));
#20246 = SURFACE_STYLE_FILL_AREA(#20247);
#20247 = FILL_AREA_STYLE('',(#20248));
#20248 = FILL_AREA_STYLE_COLOUR('',#20249);
#20249 = COLOUR_RGB('',0.635294146748,0.635294146748,0.635294146748);
#20250 = OVER_RIDING_STYLED_ITEM('overriding color',(#20251),#6224,
  #19455);
#20251 = PRESENTATION_STYLE_ASSIGNMENT((#20252));
#20252 = SURFACE_STYLE_USAGE(.BOTH.,#20253);
#20253 = SURFACE_SIDE_STYLE('',(#20254));
#20254 = SURFACE_STYLE_FILL_AREA(#20255);
#20255 = FILL_AREA_STYLE('',(#20256));
#20256 = FILL_AREA_STYLE_COLOUR('',#20249);
#20257 = OVER_RIDING_STYLED_ITEM('overriding color',(#20258),#6248,
  #19455);
#20258 = PRESENTATION_STYLE_ASSIGNMENT((#20259));
#20259 = SURFACE_STYLE_USAGE(.BOTH.,#20260);
#20260 = SURFACE_SIDE_STYLE('',(#20261));
#20261 = SURFACE_STYLE_FILL_AREA(#20262);
#20262 = FILL_AREA_STYLE('',(#20263));
#20263 = FILL_AREA_STYLE_COLOUR('',#20249);
#20264 = OVER_RIDING_STYLED_ITEM('overriding color',(#20265),#6272,
  #19455);
#20265 = PRESENTATION_STYLE_ASSIGNMENT((#20266));
#20266 = SURFACE_STYLE_USAGE(.BOTH.,#20267);
#20267 = SURFACE_SIDE_STYLE('',(#20268));
#20268 = SURFACE_STYLE_FILL_AREA(#20269);
#20269 = FILL_AREA_STYLE('',(#20270));
#20270 = FILL_AREA_STYLE_COLOUR('',#20249);
#20271 = OVER_RIDING_STYLED_ITEM('overriding color',(#20272),#6289,
  #19455);
#20272 = PRESENTATION_STYLE_ASSIGNMENT((#20273));
#20273 = SURFACE_STYLE_USAGE(.BOTH.,#20274);
#20274 = SURFACE_SIDE_STYLE('',(#20275));
#20275 = SURFACE_STYLE_FILL_AREA(#20276);
#20276 = FILL_AREA_STYLE('',(#20277));
#20277 = FILL_AREA_STYLE_COLOUR('',#20278);
#20278 = COLOUR_RGB('',0.15294118163,0.149019617616,0.149019617616);
#20279 = OVER_RIDING_STYLED_ITEM('overriding color',(#20280),#6320,
  #19455);
#20280 = PRESENTATION_STYLE_ASSIGNMENT((#20281));
#20281 = SURFACE_STYLE_USAGE(.BOTH.,#20282);
#20282 = SURFACE_SIDE_STYLE('',(#20283));
#20283 = SURFACE_STYLE_FILL_AREA(#20284);
#20284 = FILL_AREA_STYLE('',(#20285));
#20285 = FILL_AREA_STYLE_COLOUR('',#20278);
#20286 = OVER_RIDING_STYLED_ITEM('overriding color',(#20287),#6344,
  #19455);
#20287 = PRESENTATION_STYLE_ASSIGNMENT((#20288));
#20288 = SURFACE_STYLE_USAGE(.BOTH.,#20289);
#20289 = SURFACE_SIDE_STYLE('',(#20290));
#20290 = SURFACE_STYLE_FILL_AREA(#20291);
#20291 = FILL_AREA_STYLE('',(#20292));
#20292 = FILL_AREA_STYLE_COLOUR('',#20278);
#20293 = OVER_RIDING_STYLED_ITEM('overriding color',(#20294),#6368,
  #19455);
#20294 = PRESENTATION_STYLE_ASSIGNMENT((#20295));
#20295 = SURFACE_STYLE_USAGE(.BOTH.,#20296);
#20296 = SURFACE_SIDE_STYLE('',(#20297));
#20297 = SURFACE_STYLE_FILL_AREA(#20298);
#20298 = FILL_AREA_STYLE('',(#20299));
#20299 = FILL_AREA_STYLE_COLOUR('',#20278);
#20300 = OVER_RIDING_STYLED_ITEM('overriding color',(#20301),#6385,
  #19455);
#20301 = PRESENTATION_STYLE_ASSIGNMENT((#20302));
#20302 = SURFACE_STYLE_USAGE(.BOTH.,#20303);
#20303 = SURFACE_SIDE_STYLE('',(#20304));
#20304 = SURFACE_STYLE_FILL_AREA(#20305);
#20305 = FILL_AREA_STYLE('',(#20306));
#20306 = FILL_AREA_STYLE_COLOUR('',#19560);
#20307 = OVER_RIDING_STYLED_ITEM('overriding color',(#20308),#6405,
  #19455);
#20308 = PRESENTATION_STYLE_ASSIGNMENT((#20309));
#20309 = SURFACE_STYLE_USAGE(.BOTH.,#20310);
#20310 = SURFACE_SIDE_STYLE('',(#20311));
#20311 = SURFACE_STYLE_FILL_AREA(#20312);
#20312 = FILL_AREA_STYLE('',(#20313));
#20313 = FILL_AREA_STYLE_COLOUR('',#20278);
#20314 = OVER_RIDING_STYLED_ITEM('overriding color',(#20315),#6436,
  #19455);
#20315 = PRESENTATION_STYLE_ASSIGNMENT((#20316));
#20316 = SURFACE_STYLE_USAGE(.BOTH.,#20317);
#20317 = SURFACE_SIDE_STYLE('',(#20318));
#20318 = SURFACE_STYLE_FILL_AREA(#20319);
#20319 = FILL_AREA_STYLE('',(#20320));
#20320 = FILL_AREA_STYLE_COLOUR('',#20278);
#20321 = OVER_RIDING_STYLED_ITEM('overriding color',(#20322),#6460,
  #19455);
#20322 = PRESENTATION_STYLE_ASSIGNMENT((#20323));
#20323 = SURFACE_STYLE_USAGE(.BOTH.,#20324);
#20324 = SURFACE_SIDE_STYLE('',(#20325));
#20325 = SURFACE_STYLE_FILL_AREA(#20326);
#20326 = FILL_AREA_STYLE('',(#20327));
#20327 = FILL_AREA_STYLE_COLOUR('',#20278);
#20328 = OVER_RIDING_STYLED_ITEM('overriding color',(#20329),#6484,
  #19455);
#20329 = PRESENTATION_STYLE_ASSIGNMENT((#20330));
#20330 = SURFACE_STYLE_USAGE(.BOTH.,#20331);
#20331 = SURFACE_SIDE_STYLE('',(#20332));
#20332 = SURFACE_STYLE_FILL_AREA(#20333);
#20333 = FILL_AREA_STYLE('',(#20334));
#20334 = FILL_AREA_STYLE_COLOUR('',#20278);
#20335 = OVER_RIDING_STYLED_ITEM('overriding color',(#20336),#6501,
  #19455);
#20336 = PRESENTATION_STYLE_ASSIGNMENT((#20337));
#20337 = SURFACE_STYLE_USAGE(.BOTH.,#20338);
#20338 = SURFACE_SIDE_STYLE('',(#20339));
#20339 = SURFACE_STYLE_FILL_AREA(#20340);
#20340 = FILL_AREA_STYLE('',(#20341));
#20341 = FILL_AREA_STYLE_COLOUR('',#19560);
#20342 = OVER_RIDING_STYLED_ITEM('overriding color',(#20343),#6521,
  #19455);
#20343 = PRESENTATION_STYLE_ASSIGNMENT((#20344));
#20344 = SURFACE_STYLE_USAGE(.BOTH.,#20345);
#20345 = SURFACE_SIDE_STYLE('',(#20346));
#20346 = SURFACE_STYLE_FILL_AREA(#20347);
#20347 = FILL_AREA_STYLE('',(#20348));
#20348 = FILL_AREA_STYLE_COLOUR('',#20349);
#20349 = COLOUR_RGB('',0.898039222556,0.894117649055,0.815686284108);
#20350 = OVER_RIDING_STYLED_ITEM('overriding color',(#20351),#6552,
  #19455);
#20351 = PRESENTATION_STYLE_ASSIGNMENT((#20352));
#20352 = SURFACE_STYLE_USAGE(.BOTH.,#20353);
#20353 = SURFACE_SIDE_STYLE('',(#20354));
#20354 = SURFACE_STYLE_FILL_AREA(#20355);
#20355 = FILL_AREA_STYLE('',(#20356));
#20356 = FILL_AREA_STYLE_COLOUR('',#20349);
#20357 = OVER_RIDING_STYLED_ITEM('overriding color',(#20358),#6576,
  #19455);
#20358 = PRESENTATION_STYLE_ASSIGNMENT((#20359));
#20359 = SURFACE_STYLE_USAGE(.BOTH.,#20360);
#20360 = SURFACE_SIDE_STYLE('',(#20361));
#20361 = SURFACE_STYLE_FILL_AREA(#20362);
#20362 = FILL_AREA_STYLE('',(#20363));
#20363 = FILL_AREA_STYLE_COLOUR('',#20349);
#20364 = OVER_RIDING_STYLED_ITEM('overriding color',(#20365),#6600,
  #19455);
#20365 = PRESENTATION_STYLE_ASSIGNMENT((#20366));
#20366 = SURFACE_STYLE_USAGE(.BOTH.,#20367);
#20367 = SURFACE_SIDE_STYLE('',(#20368));
#20368 = SURFACE_STYLE_FILL_AREA(#20369);
#20369 = FILL_AREA_STYLE('',(#20370));
#20370 = FILL_AREA_STYLE_COLOUR('',#20349);
#20371 = OVER_RIDING_STYLED_ITEM('overriding color',(#20372),#6617,
  #19455);
#20372 = PRESENTATION_STYLE_ASSIGNMENT((#20373));
#20373 = SURFACE_STYLE_USAGE(.BOTH.,#20374);
#20374 = SURFACE_SIDE_STYLE('',(#20375));
#20375 = SURFACE_STYLE_FILL_AREA(#20376);
#20376 = FILL_AREA_STYLE('',(#20377));
#20377 = FILL_AREA_STYLE_COLOUR('',#20378);
#20378 = COLOUR_RGB('',0.478431380801,0.368627460923,9.019607955318E-02
  );
#20379 = OVER_RIDING_STYLED_ITEM('overriding color',(#20380),#6648,
  #19455);
#20380 = PRESENTATION_STYLE_ASSIGNMENT((#20381));
#20381 = SURFACE_STYLE_USAGE(.BOTH.,#20382);
#20382 = SURFACE_SIDE_STYLE('',(#20383));
#20383 = SURFACE_STYLE_FILL_AREA(#20384);
#20384 = FILL_AREA_STYLE('',(#20385));
#20385 = FILL_AREA_STYLE_COLOUR('',#20378);
#20386 = OVER_RIDING_STYLED_ITEM('overriding color',(#20387),#6672,
  #19455);
#20387 = PRESENTATION_STYLE_ASSIGNMENT((#20388));
#20388 = SURFACE_STYLE_USAGE(.BOTH.,#20389);
#20389 = SURFACE_SIDE_STYLE('',(#20390));
#20390 = SURFACE_STYLE_FILL_AREA(#20391);
#20391 = FILL_AREA_STYLE('',(#20392));
#20392 = FILL_AREA_STYLE_COLOUR('',#20378);
#20393 = OVER_RIDING_STYLED_ITEM('overriding color',(#20394),#6696,
  #19455);
#20394 = PRESENTATION_STYLE_ASSIGNMENT((#20395));
#20395 = SURFACE_STYLE_USAGE(.BOTH.,#20396);
#20396 = SURFACE_SIDE_STYLE('',(#20397));
#20397 = SURFACE_STYLE_FILL_AREA(#20398);
#20398 = FILL_AREA_STYLE('',(#20399));
#20399 = FILL_AREA_STYLE_COLOUR('',#20378);
#20400 = OVER_RIDING_STYLED_ITEM('overriding color',(#20401),#6713,
  #19455);
#20401 = PRESENTATION_STYLE_ASSIGNMENT((#20402));
#20402 = SURFACE_STYLE_USAGE(.BOTH.,#20403);
#20403 = SURFACE_SIDE_STYLE('',(#20404));
#20404 = SURFACE_STYLE_FILL_AREA(#20405);
#20405 = FILL_AREA_STYLE('',(#20406));
#20406 = FILL_AREA_STYLE_COLOUR('',#20407);
#20407 = COLOUR_RGB('',0.137254909518,0.137254909518,0.137254909518);
#20408 = OVER_RIDING_STYLED_ITEM('overriding color',(#20409),#6744,
  #19455);
#20409 = PRESENTATION_STYLE_ASSIGNMENT((#20410));
#20410 = SURFACE_STYLE_USAGE(.BOTH.,#20411);
#20411 = SURFACE_SIDE_STYLE('',(#20412));
#20412 = SURFACE_STYLE_FILL_AREA(#20413);
#20413 = FILL_AREA_STYLE('',(#20414));
#20414 = FILL_AREA_STYLE_COLOUR('',#20407);
#20415 = OVER_RIDING_STYLED_ITEM('overriding color',(#20416),#6768,
  #19455);
#20416 = PRESENTATION_STYLE_ASSIGNMENT((#20417));
#20417 = SURFACE_STYLE_USAGE(.BOTH.,#20418);
#20418 = SURFACE_SIDE_STYLE('',(#20419));
#20419 = SURFACE_STYLE_FILL_AREA(#20420);
#20420 = FILL_AREA_STYLE('',(#20421));
#20421 = FILL_AREA_STYLE_COLOUR('',#20407);
#20422 = OVER_RIDING_STYLED_ITEM('overriding color',(#20423),#6792,
  #19455);
#20423 = PRESENTATION_STYLE_ASSIGNMENT((#20424));
#20424 = SURFACE_STYLE_USAGE(.BOTH.,#20425);
#20425 = SURFACE_SIDE_STYLE('',(#20426));
#20426 = SURFACE_STYLE_FILL_AREA(#20427);
#20427 = FILL_AREA_STYLE('',(#20428));
#20428 = FILL_AREA_STYLE_COLOUR('',#20407);
#20429 = OVER_RIDING_STYLED_ITEM('overriding color',(#20430),#6809,
  #19455);
#20430 = PRESENTATION_STYLE_ASSIGNMENT((#20431));
#20431 = SURFACE_STYLE_USAGE(.BOTH.,#20432);
#20432 = SURFACE_SIDE_STYLE('',(#20433));
#20433 = SURFACE_STYLE_FILL_AREA(#20434);
#20434 = FILL_AREA_STYLE('',(#20435));
#20435 = FILL_AREA_STYLE_COLOUR('',#20278);
#20436 = OVER_RIDING_STYLED_ITEM('overriding color',(#20437),#6840,
  #19455);
#20437 = PRESENTATION_STYLE_ASSIGNMENT((#20438));
#20438 = SURFACE_STYLE_USAGE(.BOTH.,#20439);
#20439 = SURFACE_SIDE_STYLE('',(#20440));
#20440 = SURFACE_STYLE_FILL_AREA(#20441);
#20441 = FILL_AREA_STYLE('',(#20442));
#20442 = FILL_AREA_STYLE_COLOUR('',#20278);
#20443 = OVER_RIDING_STYLED_ITEM('overriding color',(#20444),#6864,
  #19455);
#20444 = PRESENTATION_STYLE_ASSIGNMENT((#20445));
#20445 = SURFACE_STYLE_USAGE(.BOTH.,#20446);
#20446 = SURFACE_SIDE_STYLE('',(#20447));
#20447 = SURFACE_STYLE_FILL_AREA(#20448);
#20448 = FILL_AREA_STYLE('',(#20449));
#20449 = FILL_AREA_STYLE_COLOUR('',#20278);
#20450 = OVER_RIDING_STYLED_ITEM('overriding color',(#20451),#6888,
  #19455);
#20451 = PRESENTATION_STYLE_ASSIGNMENT((#20452));
#20452 = SURFACE_STYLE_USAGE(.BOTH.,#20453);
#20453 = SURFACE_SIDE_STYLE('',(#20454));
#20454 = SURFACE_STYLE_FILL_AREA(#20455);
#20455 = FILL_AREA_STYLE('',(#20456));
#20456 = FILL_AREA_STYLE_COLOUR('',#20278);
#20457 = OVER_RIDING_STYLED_ITEM('overriding color',(#20458),#6905,
  #19455);
#20458 = PRESENTATION_STYLE_ASSIGNMENT((#20459));
#20459 = SURFACE_STYLE_USAGE(.BOTH.,#20460);
#20460 = SURFACE_SIDE_STYLE('',(#20461));
#20461 = SURFACE_STYLE_FILL_AREA(#20462);
#20462 = FILL_AREA_STYLE('',(#20463));
#20463 = FILL_AREA_STYLE_COLOUR('',#20378);
#20464 = OVER_RIDING_STYLED_ITEM('overriding color',(#20465),#6936,
  #19455);
#20465 = PRESENTATION_STYLE_ASSIGNMENT((#20466));
#20466 = SURFACE_STYLE_USAGE(.BOTH.,#20467);
#20467 = SURFACE_SIDE_STYLE('',(#20468));
#20468 = SURFACE_STYLE_FILL_AREA(#20469);
#20469 = FILL_AREA_STYLE('',(#20470));
#20470 = FILL_AREA_STYLE_COLOUR('',#20378);
#20471 = OVER_RIDING_STYLED_ITEM('overriding color',(#20472),#6960,
  #19455);
#20472 = PRESENTATION_STYLE_ASSIGNMENT((#20473));
#20473 = SURFACE_STYLE_USAGE(.BOTH.,#20474);
#20474 = SURFACE_SIDE_STYLE('',(#20475));
#20475 = SURFACE_STYLE_FILL_AREA(#20476);
#20476 = FILL_AREA_STYLE('',(#20477));
#20477 = FILL_AREA_STYLE_COLOUR('',#20378);
#20478 = OVER_RIDING_STYLED_ITEM('overriding color',(#20479),#6984,
  #19455);
#20479 = PRESENTATION_STYLE_ASSIGNMENT((#20480));
#20480 = SURFACE_STYLE_USAGE(.BOTH.,#20481);
#20481 = SURFACE_SIDE_STYLE('',(#20482));
#20482 = SURFACE_STYLE_FILL_AREA(#20483);
#20483 = FILL_AREA_STYLE('',(#20484));
#20484 = FILL_AREA_STYLE_COLOUR('',#20378);
#20485 = OVER_RIDING_STYLED_ITEM('overriding color',(#20486),#7001,
  #19455);
#20486 = PRESENTATION_STYLE_ASSIGNMENT((#20487));
#20487 = SURFACE_STYLE_USAGE(.BOTH.,#20488);
#20488 = SURFACE_SIDE_STYLE('',(#20489));
#20489 = SURFACE_STYLE_FILL_AREA(#20490);
#20490 = FILL_AREA_STYLE('',(#20491));
#20491 = FILL_AREA_STYLE_COLOUR('',#20278);
#20492 = OVER_RIDING_STYLED_ITEM('overriding color',(#20493),#7032,
  #19455);
#20493 = PRESENTATION_STYLE_ASSIGNMENT((#20494));
#20494 = SURFACE_STYLE_USAGE(.BOTH.,#20495);
#20495 = SURFACE_SIDE_STYLE('',(#20496));
#20496 = SURFACE_STYLE_FILL_AREA(#20497);
#20497 = FILL_AREA_STYLE('',(#20498));
#20498 = FILL_AREA_STYLE_COLOUR('',#20278);
#20499 = OVER_RIDING_STYLED_ITEM('overriding color',(#20500),#7056,
  #19455);
#20500 = PRESENTATION_STYLE_ASSIGNMENT((#20501));
#20501 = SURFACE_STYLE_USAGE(.BOTH.,#20502);
#20502 = SURFACE_SIDE_STYLE('',(#20503));
#20503 = SURFACE_STYLE_FILL_AREA(#20504);
#20504 = FILL_AREA_STYLE('',(#20505));
#20505 = FILL_AREA_STYLE_COLOUR('',#20278);
#20506 = OVER_RIDING_STYLED_ITEM('overriding color',(#20507),#7080,
  #19455);
#20507 = PRESENTATION_STYLE_ASSIGNMENT((#20508));
#20508 = SURFACE_STYLE_USAGE(.BOTH.,#20509);
#20509 = SURFACE_SIDE_STYLE('',(#20510));
#20510 = SURFACE_STYLE_FILL_AREA(#20511);
#20511 = FILL_AREA_STYLE('',(#20512));
#20512 = FILL_AREA_STYLE_COLOUR('',#20278);
#20513 = OVER_RIDING_STYLED_ITEM('overriding color',(#20514),#7097,
  #19455);
#20514 = PRESENTATION_STYLE_ASSIGNMENT((#20515));
#20515 = SURFACE_STYLE_USAGE(.BOTH.,#20516);
#20516 = SURFACE_SIDE_STYLE('',(#20517));
#20517 = SURFACE_STYLE_FILL_AREA(#20518);
#20518 = FILL_AREA_STYLE('',(#20519));
#20519 = FILL_AREA_STYLE_COLOUR('',#20407);
#20520 = OVER_RIDING_STYLED_ITEM('overriding color',(#20521),#7128,
  #19455);
#20521 = PRESENTATION_STYLE_ASSIGNMENT((#20522));
#20522 = SURFACE_STYLE_USAGE(.BOTH.,#20523);
#20523 = SURFACE_SIDE_STYLE('',(#20524));
#20524 = SURFACE_STYLE_FILL_AREA(#20525);
#20525 = FILL_AREA_STYLE('',(#20526));
#20526 = FILL_AREA_STYLE_COLOUR('',#20407);
#20527 = OVER_RIDING_STYLED_ITEM('overriding color',(#20528),#7191,
  #19455);
#20528 = PRESENTATION_STYLE_ASSIGNMENT((#20529));
#20529 = SURFACE_STYLE_USAGE(.BOTH.,#20530);
#20530 = SURFACE_SIDE_STYLE('',(#20531));
#20531 = SURFACE_STYLE_FILL_AREA(#20532);
#20532 = FILL_AREA_STYLE('',(#20533));
#20533 = FILL_AREA_STYLE_COLOUR('',#19863);
#20534 = OVER_RIDING_STYLED_ITEM('overriding color',(#20535),#7216,
  #19455);
#20535 = PRESENTATION_STYLE_ASSIGNMENT((#20536));
#20536 = SURFACE_STYLE_USAGE(.BOTH.,#20537);
#20537 = SURFACE_SIDE_STYLE('',(#20538));
#20538 = SURFACE_STYLE_FILL_AREA(#20539);
#20539 = FILL_AREA_STYLE('',(#20540));
#20540 = FILL_AREA_STYLE_COLOUR('',#19863);
#20541 = OVER_RIDING_STYLED_ITEM('overriding color',(#20542),#7240,
  #19455);
#20542 = PRESENTATION_STYLE_ASSIGNMENT((#20543));
#20543 = SURFACE_STYLE_USAGE(.BOTH.,#20544);
#20544 = SURFACE_SIDE_STYLE('',(#20545));
#20545 = SURFACE_STYLE_FILL_AREA(#20546);
#20546 = FILL_AREA_STYLE('',(#20547));
#20547 = FILL_AREA_STYLE_COLOUR('',#19863);
#20548 = OVER_RIDING_STYLED_ITEM('overriding color',(#20549),#7258,
  #19455);
#20549 = PRESENTATION_STYLE_ASSIGNMENT((#20550));
#20550 = SURFACE_STYLE_USAGE(.BOTH.,#20551);
#20551 = SURFACE_SIDE_STYLE('',(#20552));
#20552 = SURFACE_STYLE_FILL_AREA(#20553);
#20553 = FILL_AREA_STYLE('',(#20554));
#20554 = FILL_AREA_STYLE_COLOUR('',#20407);
#20555 = OVER_RIDING_STYLED_ITEM('overriding color',(#20556),#7282,
  #19455);
#20556 = PRESENTATION_STYLE_ASSIGNMENT((#20557));
#20557 = SURFACE_STYLE_USAGE(.BOTH.,#20558);
#20558 = SURFACE_SIDE_STYLE('',(#20559));
#20559 = SURFACE_STYLE_FILL_AREA(#20560);
#20560 = FILL_AREA_STYLE('',(#20561));
#20561 = FILL_AREA_STYLE_COLOUR('',#20407);
#20562 = OVER_RIDING_STYLED_ITEM('overriding color',(#20563),#7338,
  #19455);
#20563 = PRESENTATION_STYLE_ASSIGNMENT((#20564));
#20564 = SURFACE_STYLE_USAGE(.BOTH.,#20565);
#20565 = SURFACE_SIDE_STYLE('',(#20566));
#20566 = SURFACE_STYLE_FILL_AREA(#20567);
#20567 = FILL_AREA_STYLE('',(#20568));
#20568 = FILL_AREA_STYLE_COLOUR('',#19863);
#20569 = OVER_RIDING_STYLED_ITEM('overriding color',(#20570),#7363,
  #19455);
#20570 = PRESENTATION_STYLE_ASSIGNMENT((#20571));
#20571 = SURFACE_STYLE_USAGE(.BOTH.,#20572);
#20572 = SURFACE_SIDE_STYLE('',(#20573));
#20573 = SURFACE_STYLE_FILL_AREA(#20574);
#20574 = FILL_AREA_STYLE('',(#20575));
#20575 = FILL_AREA_STYLE_COLOUR('',#19863);
#20576 = OVER_RIDING_STYLED_ITEM('overriding color',(#20577),#7387,
  #19455);
#20577 = PRESENTATION_STYLE_ASSIGNMENT((#20578));
#20578 = SURFACE_STYLE_USAGE(.BOTH.,#20579);
#20579 = SURFACE_SIDE_STYLE('',(#20580));
#20580 = SURFACE_STYLE_FILL_AREA(#20581);
#20581 = FILL_AREA_STYLE('',(#20582));
#20582 = FILL_AREA_STYLE_COLOUR('',#19863);
#20583 = OVER_RIDING_STYLED_ITEM('overriding color',(#20584),#7405,
  #19455);
#20584 = PRESENTATION_STYLE_ASSIGNMENT((#20585));
#20585 = SURFACE_STYLE_USAGE(.BOTH.,#20586);
#20586 = SURFACE_SIDE_STYLE('',(#20587));
#20587 = SURFACE_STYLE_FILL_AREA(#20588);
#20588 = FILL_AREA_STYLE('',(#20589));
#20589 = FILL_AREA_STYLE_COLOUR('',#19560);
#20590 = OVER_RIDING_STYLED_ITEM('overriding color',(#20591),#7425,
  #19455);
#20591 = PRESENTATION_STYLE_ASSIGNMENT((#20592));
#20592 = SURFACE_STYLE_USAGE(.BOTH.,#20593);
#20593 = SURFACE_SIDE_STYLE('',(#20594));
#20594 = SURFACE_STYLE_FILL_AREA(#20595);
#20595 = FILL_AREA_STYLE('',(#20596));
#20596 = FILL_AREA_STYLE_COLOUR('',#19538);
#20597 = OVER_RIDING_STYLED_ITEM('overriding color',(#20598),#9234,
  #19455);
#20598 = PRESENTATION_STYLE_ASSIGNMENT((#20599));
#20599 = SURFACE_STYLE_USAGE(.BOTH.,#20600);
#20600 = SURFACE_SIDE_STYLE('',(#20601));
#20601 = SURFACE_STYLE_FILL_AREA(#20602);
#20602 = FILL_AREA_STYLE('',(#20603));
#20603 = FILL_AREA_STYLE_COLOUR('',#19568);
#20604 = OVER_RIDING_STYLED_ITEM('overriding color',(#20605),#9258,
  #19455);
#20605 = PRESENTATION_STYLE_ASSIGNMENT((#20606));
#20606 = SURFACE_STYLE_USAGE(.BOTH.,#20607);
#20607 = SURFACE_SIDE_STYLE('',(#20608));
#20608 = SURFACE_STYLE_FILL_AREA(#20609);
#20609 = FILL_AREA_STYLE('',(#20610));
#20610 = FILL_AREA_STYLE_COLOUR('',#19568);
#20611 = OVER_RIDING_STYLED_ITEM('overriding color',(#20612),#9283,
  #19455);
#20612 = PRESENTATION_STYLE_ASSIGNMENT((#20613));
#20613 = SURFACE_STYLE_USAGE(.BOTH.,#20614);
#20614 = SURFACE_SIDE_STYLE('',(#20615));
#20615 = SURFACE_STYLE_FILL_AREA(#20616);
#20616 = FILL_AREA_STYLE('',(#20617));
#20617 = FILL_AREA_STYLE_COLOUR('',#19568);
#20618 = OVER_RIDING_STYLED_ITEM('overriding color',(#20619),#9300,
  #19455);
#20619 = PRESENTATION_STYLE_ASSIGNMENT((#20620));
#20620 = SURFACE_STYLE_USAGE(.BOTH.,#20621);
#20621 = SURFACE_SIDE_STYLE('',(#20622));
#20622 = SURFACE_STYLE_FILL_AREA(#20623);
#20623 = FILL_AREA_STYLE('',(#20624));
#20624 = FILL_AREA_STYLE_COLOUR('',#19568);
#20625 = OVER_RIDING_STYLED_ITEM('overriding color',(#20626),#9325,
  #19455);
#20626 = PRESENTATION_STYLE_ASSIGNMENT((#20627));
#20627 = SURFACE_STYLE_USAGE(.BOTH.,#20628);
#20628 = SURFACE_SIDE_STYLE('',(#20629));
#20629 = SURFACE_STYLE_FILL_AREA(#20630);
#20630 = FILL_AREA_STYLE('',(#20631));
#20631 = FILL_AREA_STYLE_COLOUR('',#19568);
#20632 = OVER_RIDING_STYLED_ITEM('overriding color',(#20633),#9349,
  #19455);
#20633 = PRESENTATION_STYLE_ASSIGNMENT((#20634));
#20634 = SURFACE_STYLE_USAGE(.BOTH.,#20635);
#20635 = SURFACE_SIDE_STYLE('',(#20636));
#20636 = SURFACE_STYLE_FILL_AREA(#20637);
#20637 = FILL_AREA_STYLE('',(#20638));
#20638 = FILL_AREA_STYLE_COLOUR('',#19568);
#20639 = OVER_RIDING_STYLED_ITEM('overriding color',(#20640),#9374,
  #19455);
#20640 = PRESENTATION_STYLE_ASSIGNMENT((#20641));
#20641 = SURFACE_STYLE_USAGE(.BOTH.,#20642);
#20642 = SURFACE_SIDE_STYLE('',(#20643));
#20643 = SURFACE_STYLE_FILL_AREA(#20644);
#20644 = FILL_AREA_STYLE('',(#20645));
#20645 = FILL_AREA_STYLE_COLOUR('',#19568);
#20646 = OVER_RIDING_STYLED_ITEM('overriding color',(#20647),#9391,
  #19455);
#20647 = PRESENTATION_STYLE_ASSIGNMENT((#20648));
#20648 = SURFACE_STYLE_USAGE(.BOTH.,#20649);
#20649 = SURFACE_SIDE_STYLE('',(#20650));
#20650 = SURFACE_STYLE_FILL_AREA(#20651);
#20651 = FILL_AREA_STYLE('',(#20652));
#20652 = FILL_AREA_STYLE_COLOUR('',#19568);
#20653 = OVER_RIDING_STYLED_ITEM('overriding color',(#20654),#9416,
  #19455);
#20654 = PRESENTATION_STYLE_ASSIGNMENT((#20655));
#20655 = SURFACE_STYLE_USAGE(.BOTH.,#20656);
#20656 = SURFACE_SIDE_STYLE('',(#20657));
#20657 = SURFACE_STYLE_FILL_AREA(#20658);
#20658 = FILL_AREA_STYLE('',(#20659));
#20659 = FILL_AREA_STYLE_COLOUR('',#19568);
#20660 = OVER_RIDING_STYLED_ITEM('overriding color',(#20661),#9440,
  #19455);
#20661 = PRESENTATION_STYLE_ASSIGNMENT((#20662));
#20662 = SURFACE_STYLE_USAGE(.BOTH.,#20663);
#20663 = SURFACE_SIDE_STYLE('',(#20664));
#20664 = SURFACE_STYLE_FILL_AREA(#20665);
#20665 = FILL_AREA_STYLE('',(#20666));
#20666 = FILL_AREA_STYLE_COLOUR('',#19568);
#20667 = OVER_RIDING_STYLED_ITEM('overriding color',(#20668),#9465,
  #19455);
#20668 = PRESENTATION_STYLE_ASSIGNMENT((#20669));
#20669 = SURFACE_STYLE_USAGE(.BOTH.,#20670);
#20670 = SURFACE_SIDE_STYLE('',(#20671));
#20671 = SURFACE_STYLE_FILL_AREA(#20672);
#20672 = FILL_AREA_STYLE('',(#20673));
#20673 = FILL_AREA_STYLE_COLOUR('',#19568);
#20674 = OVER_RIDING_STYLED_ITEM('overriding color',(#20675),#9482,
  #19455);
#20675 = PRESENTATION_STYLE_ASSIGNMENT((#20676));
#20676 = SURFACE_STYLE_USAGE(.BOTH.,#20677);
#20677 = SURFACE_SIDE_STYLE('',(#20678));
#20678 = SURFACE_STYLE_FILL_AREA(#20679);
#20679 = FILL_AREA_STYLE('',(#20680));
#20680 = FILL_AREA_STYLE_COLOUR('',#19568);
#20681 = OVER_RIDING_STYLED_ITEM('overriding color',(#20682),#9507,
  #19455);
#20682 = PRESENTATION_STYLE_ASSIGNMENT((#20683));
#20683 = SURFACE_STYLE_USAGE(.BOTH.,#20684);
#20684 = SURFACE_SIDE_STYLE('',(#20685));
#20685 = SURFACE_STYLE_FILL_AREA(#20686);
#20686 = FILL_AREA_STYLE('',(#20687));
#20687 = FILL_AREA_STYLE_COLOUR('',#19568);
#20688 = OVER_RIDING_STYLED_ITEM('overriding color',(#20689),#9531,
  #19455);
#20689 = PRESENTATION_STYLE_ASSIGNMENT((#20690));
#20690 = SURFACE_STYLE_USAGE(.BOTH.,#20691);
#20691 = SURFACE_SIDE_STYLE('',(#20692));
#20692 = SURFACE_STYLE_FILL_AREA(#20693);
#20693 = FILL_AREA_STYLE('',(#20694));
#20694 = FILL_AREA_STYLE_COLOUR('',#19568);
#20695 = OVER_RIDING_STYLED_ITEM('overriding color',(#20696),#9556,
  #19455);
#20696 = PRESENTATION_STYLE_ASSIGNMENT((#20697));
#20697 = SURFACE_STYLE_USAGE(.BOTH.,#20698);
#20698 = SURFACE_SIDE_STYLE('',(#20699));
#20699 = SURFACE_STYLE_FILL_AREA(#20700);
#20700 = FILL_AREA_STYLE('',(#20701));
#20701 = FILL_AREA_STYLE_COLOUR('',#19568);
#20702 = OVER_RIDING_STYLED_ITEM('overriding color',(#20703),#9573,
  #19455);
#20703 = PRESENTATION_STYLE_ASSIGNMENT((#20704));
#20704 = SURFACE_STYLE_USAGE(.BOTH.,#20705);
#20705 = SURFACE_SIDE_STYLE('',(#20706));
#20706 = SURFACE_STYLE_FILL_AREA(#20707);
#20707 = FILL_AREA_STYLE('',(#20708));
#20708 = FILL_AREA_STYLE_COLOUR('',#19568);
#20709 = OVER_RIDING_STYLED_ITEM('overriding color',(#20710),#9598,
  #19455);
#20710 = PRESENTATION_STYLE_ASSIGNMENT((#20711));
#20711 = SURFACE_STYLE_USAGE(.BOTH.,#20712);
#20712 = SURFACE_SIDE_STYLE('',(#20713));
#20713 = SURFACE_STYLE_FILL_AREA(#20714);
#20714 = FILL_AREA_STYLE('',(#20715));
#20715 = FILL_AREA_STYLE_COLOUR('',#19568);
#20716 = OVER_RIDING_STYLED_ITEM('overriding color',(#20717),#9622,
  #19455);
#20717 = PRESENTATION_STYLE_ASSIGNMENT((#20718));
#20718 = SURFACE_STYLE_USAGE(.BOTH.,#20719);
#20719 = SURFACE_SIDE_STYLE('',(#20720));
#20720 = SURFACE_STYLE_FILL_AREA(#20721);
#20721 = FILL_AREA_STYLE('',(#20722));
#20722 = FILL_AREA_STYLE_COLOUR('',#19568);
#20723 = OVER_RIDING_STYLED_ITEM('overriding color',(#20724),#9647,
  #19455);
#20724 = PRESENTATION_STYLE_ASSIGNMENT((#20725));
#20725 = SURFACE_STYLE_USAGE(.BOTH.,#20726);
#20726 = SURFACE_SIDE_STYLE('',(#20727));
#20727 = SURFACE_STYLE_FILL_AREA(#20728);
#20728 = FILL_AREA_STYLE('',(#20729));
#20729 = FILL_AREA_STYLE_COLOUR('',#19568);
#20730 = OVER_RIDING_STYLED_ITEM('overriding color',(#20731),#9664,
  #19455);
#20731 = PRESENTATION_STYLE_ASSIGNMENT((#20732));
#20732 = SURFACE_STYLE_USAGE(.BOTH.,#20733);
#20733 = SURFACE_SIDE_STYLE('',(#20734));
#20734 = SURFACE_STYLE_FILL_AREA(#20735);
#20735 = FILL_AREA_STYLE('',(#20736));
#20736 = FILL_AREA_STYLE_COLOUR('',#19568);
#20737 = OVER_RIDING_STYLED_ITEM('overriding color',(#20738),#9689,
  #19455);
#20738 = PRESENTATION_STYLE_ASSIGNMENT((#20739));
#20739 = SURFACE_STYLE_USAGE(.BOTH.,#20740);
#20740 = SURFACE_SIDE_STYLE('',(#20741));
#20741 = SURFACE_STYLE_FILL_AREA(#20742);
#20742 = FILL_AREA_STYLE('',(#20743));
#20743 = FILL_AREA_STYLE_COLOUR('',#19568);
#20744 = OVER_RIDING_STYLED_ITEM('overriding color',(#20745),#9713,
  #19455);
#20745 = PRESENTATION_STYLE_ASSIGNMENT((#20746));
#20746 = SURFACE_STYLE_USAGE(.BOTH.,#20747);
#20747 = SURFACE_SIDE_STYLE('',(#20748));
#20748 = SURFACE_STYLE_FILL_AREA(#20749);
#20749 = FILL_AREA_STYLE('',(#20750));
#20750 = FILL_AREA_STYLE_COLOUR('',#19568);
#20751 = OVER_RIDING_STYLED_ITEM('overriding color',(#20752),#9738,
  #19455);
#20752 = PRESENTATION_STYLE_ASSIGNMENT((#20753));
#20753 = SURFACE_STYLE_USAGE(.BOTH.,#20754);
#20754 = SURFACE_SIDE_STYLE('',(#20755));
#20755 = SURFACE_STYLE_FILL_AREA(#20756);
#20756 = FILL_AREA_STYLE('',(#20757));
#20757 = FILL_AREA_STYLE_COLOUR('',#19568);
#20758 = OVER_RIDING_STYLED_ITEM('overriding color',(#20759),#9755,
  #19455);
#20759 = PRESENTATION_STYLE_ASSIGNMENT((#20760));
#20760 = SURFACE_STYLE_USAGE(.BOTH.,#20761);
#20761 = SURFACE_SIDE_STYLE('',(#20762));
#20762 = SURFACE_STYLE_FILL_AREA(#20763);
#20763 = FILL_AREA_STYLE('',(#20764));
#20764 = FILL_AREA_STYLE_COLOUR('',#19568);
#20765 = OVER_RIDING_STYLED_ITEM('overriding color',(#20766),#9780,
  #19455);
#20766 = PRESENTATION_STYLE_ASSIGNMENT((#20767));
#20767 = SURFACE_STYLE_USAGE(.BOTH.,#20768);
#20768 = SURFACE_SIDE_STYLE('',(#20769));
#20769 = SURFACE_STYLE_FILL_AREA(#20770);
#20770 = FILL_AREA_STYLE('',(#20771));
#20771 = FILL_AREA_STYLE_COLOUR('',#19568);
#20772 = OVER_RIDING_STYLED_ITEM('overriding color',(#20773),#9804,
  #19455);
#20773 = PRESENTATION_STYLE_ASSIGNMENT((#20774));
#20774 = SURFACE_STYLE_USAGE(.BOTH.,#20775);
#20775 = SURFACE_SIDE_STYLE('',(#20776));
#20776 = SURFACE_STYLE_FILL_AREA(#20777);
#20777 = FILL_AREA_STYLE('',(#20778));
#20778 = FILL_AREA_STYLE_COLOUR('',#19568);
#20779 = OVER_RIDING_STYLED_ITEM('overriding color',(#20780),#9829,
  #19455);
#20780 = PRESENTATION_STYLE_ASSIGNMENT((#20781));
#20781 = SURFACE_STYLE_USAGE(.BOTH.,#20782);
#20782 = SURFACE_SIDE_STYLE('',(#20783));
#20783 = SURFACE_STYLE_FILL_AREA(#20784);
#20784 = FILL_AREA_STYLE('',(#20785));
#20785 = FILL_AREA_STYLE_COLOUR('',#19568);
#20786 = OVER_RIDING_STYLED_ITEM('overriding color',(#20787),#9846,
  #19455);
#20787 = PRESENTATION_STYLE_ASSIGNMENT((#20788));
#20788 = SURFACE_STYLE_USAGE(.BOTH.,#20789);
#20789 = SURFACE_SIDE_STYLE('',(#20790));
#20790 = SURFACE_STYLE_FILL_AREA(#20791);
#20791 = FILL_AREA_STYLE('',(#20792));
#20792 = FILL_AREA_STYLE_COLOUR('',#19568);
#20793 = OVER_RIDING_STYLED_ITEM('overriding color',(#20794),#9871,
  #19455);
#20794 = PRESENTATION_STYLE_ASSIGNMENT((#20795));
#20795 = SURFACE_STYLE_USAGE(.BOTH.,#20796);
#20796 = SURFACE_SIDE_STYLE('',(#20797));
#20797 = SURFACE_STYLE_FILL_AREA(#20798);
#20798 = FILL_AREA_STYLE('',(#20799));
#20799 = FILL_AREA_STYLE_COLOUR('',#19568);
#20800 = OVER_RIDING_STYLED_ITEM('overriding color',(#20801),#9895,
  #19455);
#20801 = PRESENTATION_STYLE_ASSIGNMENT((#20802));
#20802 = SURFACE_STYLE_USAGE(.BOTH.,#20803);
#20803 = SURFACE_SIDE_STYLE('',(#20804));
#20804 = SURFACE_STYLE_FILL_AREA(#20805);
#20805 = FILL_AREA_STYLE('',(#20806));
#20806 = FILL_AREA_STYLE_COLOUR('',#19568);
#20807 = OVER_RIDING_STYLED_ITEM('overriding color',(#20808),#9920,
  #19455);
#20808 = PRESENTATION_STYLE_ASSIGNMENT((#20809));
#20809 = SURFACE_STYLE_USAGE(.BOTH.,#20810);
#20810 = SURFACE_SIDE_STYLE('',(#20811));
#20811 = SURFACE_STYLE_FILL_AREA(#20812);
#20812 = FILL_AREA_STYLE('',(#20813));
#20813 = FILL_AREA_STYLE_COLOUR('',#19568);
#20814 = OVER_RIDING_STYLED_ITEM('overriding color',(#20815),#9937,
  #19455);
#20815 = PRESENTATION_STYLE_ASSIGNMENT((#20816));
#20816 = SURFACE_STYLE_USAGE(.BOTH.,#20817);
#20817 = SURFACE_SIDE_STYLE('',(#20818));
#20818 = SURFACE_STYLE_FILL_AREA(#20819);
#20819 = FILL_AREA_STYLE('',(#20820));
#20820 = FILL_AREA_STYLE_COLOUR('',#19568);
#20821 = OVER_RIDING_STYLED_ITEM('overriding color',(#20822),#9962,
  #19455);
#20822 = PRESENTATION_STYLE_ASSIGNMENT((#20823));
#20823 = SURFACE_STYLE_USAGE(.BOTH.,#20824);
#20824 = SURFACE_SIDE_STYLE('',(#20825));
#20825 = SURFACE_STYLE_FILL_AREA(#20826);
#20826 = FILL_AREA_STYLE('',(#20827));
#20827 = FILL_AREA_STYLE_COLOUR('',#19568);
#20828 = OVER_RIDING_STYLED_ITEM('overriding color',(#20829),#9986,
  #19455);
#20829 = PRESENTATION_STYLE_ASSIGNMENT((#20830));
#20830 = SURFACE_STYLE_USAGE(.BOTH.,#20831);
#20831 = SURFACE_SIDE_STYLE('',(#20832));
#20832 = SURFACE_STYLE_FILL_AREA(#20833);
#20833 = FILL_AREA_STYLE('',(#20834));
#20834 = FILL_AREA_STYLE_COLOUR('',#19568);
#20835 = OVER_RIDING_STYLED_ITEM('overriding color',(#20836),#10011,
  #19455);
#20836 = PRESENTATION_STYLE_ASSIGNMENT((#20837));
#20837 = SURFACE_STYLE_USAGE(.BOTH.,#20838);
#20838 = SURFACE_SIDE_STYLE('',(#20839));
#20839 = SURFACE_STYLE_FILL_AREA(#20840);
#20840 = FILL_AREA_STYLE('',(#20841));
#20841 = FILL_AREA_STYLE_COLOUR('',#19568);
#20842 = OVER_RIDING_STYLED_ITEM('overriding color',(#20843),#10028,
  #19455);
#20843 = PRESENTATION_STYLE_ASSIGNMENT((#20844));
#20844 = SURFACE_STYLE_USAGE(.BOTH.,#20845);
#20845 = SURFACE_SIDE_STYLE('',(#20846));
#20846 = SURFACE_STYLE_FILL_AREA(#20847);
#20847 = FILL_AREA_STYLE('',(#20848));
#20848 = FILL_AREA_STYLE_COLOUR('',#19568);
#20849 = OVER_RIDING_STYLED_ITEM('overriding color',(#20850),#10053,
  #19455);
#20850 = PRESENTATION_STYLE_ASSIGNMENT((#20851));
#20851 = SURFACE_STYLE_USAGE(.BOTH.,#20852);
#20852 = SURFACE_SIDE_STYLE('',(#20853));
#20853 = SURFACE_STYLE_FILL_AREA(#20854);
#20854 = FILL_AREA_STYLE('',(#20855));
#20855 = FILL_AREA_STYLE_COLOUR('',#19568);
#20856 = OVER_RIDING_STYLED_ITEM('overriding color',(#20857),#10077,
  #19455);
#20857 = PRESENTATION_STYLE_ASSIGNMENT((#20858));
#20858 = SURFACE_STYLE_USAGE(.BOTH.,#20859);
#20859 = SURFACE_SIDE_STYLE('',(#20860));
#20860 = SURFACE_STYLE_FILL_AREA(#20861);
#20861 = FILL_AREA_STYLE('',(#20862));
#20862 = FILL_AREA_STYLE_COLOUR('',#19568);
#20863 = OVER_RIDING_STYLED_ITEM('overriding color',(#20864),#10102,
  #19455);
#20864 = PRESENTATION_STYLE_ASSIGNMENT((#20865));
#20865 = SURFACE_STYLE_USAGE(.BOTH.,#20866);
#20866 = SURFACE_SIDE_STYLE('',(#20867));
#20867 = SURFACE_STYLE_FILL_AREA(#20868);
#20868 = FILL_AREA_STYLE('',(#20869));
#20869 = FILL_AREA_STYLE_COLOUR('',#19568);
#20870 = OVER_RIDING_STYLED_ITEM('overriding color',(#20871),#10119,
  #19455);
#20871 = PRESENTATION_STYLE_ASSIGNMENT((#20872));
#20872 = SURFACE_STYLE_USAGE(.BOTH.,#20873);
#20873 = SURFACE_SIDE_STYLE('',(#20874));
#20874 = SURFACE_STYLE_FILL_AREA(#20875);
#20875 = FILL_AREA_STYLE('',(#20876));
#20876 = FILL_AREA_STYLE_COLOUR('',#19568);
#20877 = OVER_RIDING_STYLED_ITEM('overriding color',(#20878),#10144,
  #19455);
#20878 = PRESENTATION_STYLE_ASSIGNMENT((#20879));
#20879 = SURFACE_STYLE_USAGE(.BOTH.,#20880);
#20880 = SURFACE_SIDE_STYLE('',(#20881));
#20881 = SURFACE_STYLE_FILL_AREA(#20882);
#20882 = FILL_AREA_STYLE('',(#20883));
#20883 = FILL_AREA_STYLE_COLOUR('',#19568);
#20884 = OVER_RIDING_STYLED_ITEM('overriding color',(#20885),#10168,
  #19455);
#20885 = PRESENTATION_STYLE_ASSIGNMENT((#20886));
#20886 = SURFACE_STYLE_USAGE(.BOTH.,#20887);
#20887 = SURFACE_SIDE_STYLE('',(#20888));
#20888 = SURFACE_STYLE_FILL_AREA(#20889);
#20889 = FILL_AREA_STYLE('',(#20890));
#20890 = FILL_AREA_STYLE_COLOUR('',#19568);
#20891 = OVER_RIDING_STYLED_ITEM('overriding color',(#20892),#10193,
  #19455);
#20892 = PRESENTATION_STYLE_ASSIGNMENT((#20893));
#20893 = SURFACE_STYLE_USAGE(.BOTH.,#20894);
#20894 = SURFACE_SIDE_STYLE('',(#20895));
#20895 = SURFACE_STYLE_FILL_AREA(#20896);
#20896 = FILL_AREA_STYLE('',(#20897));
#20897 = FILL_AREA_STYLE_COLOUR('',#19568);
#20898 = OVER_RIDING_STYLED_ITEM('overriding color',(#20899),#10210,
  #19455);
#20899 = PRESENTATION_STYLE_ASSIGNMENT((#20900));
#20900 = SURFACE_STYLE_USAGE(.BOTH.,#20901);
#20901 = SURFACE_SIDE_STYLE('',(#20902));
#20902 = SURFACE_STYLE_FILL_AREA(#20903);
#20903 = FILL_AREA_STYLE('',(#20904));
#20904 = FILL_AREA_STYLE_COLOUR('',#19568);
#20905 = OVER_RIDING_STYLED_ITEM('overriding color',(#20906),#10235,
  #19455);
#20906 = PRESENTATION_STYLE_ASSIGNMENT((#20907));
#20907 = SURFACE_STYLE_USAGE(.BOTH.,#20908);
#20908 = SURFACE_SIDE_STYLE('',(#20909));
#20909 = SURFACE_STYLE_FILL_AREA(#20910);
#20910 = FILL_AREA_STYLE('',(#20911));
#20911 = FILL_AREA_STYLE_COLOUR('',#19568);
#20912 = OVER_RIDING_STYLED_ITEM('overriding color',(#20913),#10259,
  #19455);
#20913 = PRESENTATION_STYLE_ASSIGNMENT((#20914));
#20914 = SURFACE_STYLE_USAGE(.BOTH.,#20915);
#20915 = SURFACE_SIDE_STYLE('',(#20916));
#20916 = SURFACE_STYLE_FILL_AREA(#20917);
#20917 = FILL_AREA_STYLE('',(#20918));
#20918 = FILL_AREA_STYLE_COLOUR('',#19568);
#20919 = OVER_RIDING_STYLED_ITEM('overriding color',(#20920),#10284,
  #19455);
#20920 = PRESENTATION_STYLE_ASSIGNMENT((#20921));
#20921 = SURFACE_STYLE_USAGE(.BOTH.,#20922);
#20922 = SURFACE_SIDE_STYLE('',(#20923));
#20923 = SURFACE_STYLE_FILL_AREA(#20924);
#20924 = FILL_AREA_STYLE('',(#20925));
#20925 = FILL_AREA_STYLE_COLOUR('',#19568);
#20926 = OVER_RIDING_STYLED_ITEM('overriding color',(#20927),#10301,
  #19455);
#20927 = PRESENTATION_STYLE_ASSIGNMENT((#20928));
#20928 = SURFACE_STYLE_USAGE(.BOTH.,#20929);
#20929 = SURFACE_SIDE_STYLE('',(#20930));
#20930 = SURFACE_STYLE_FILL_AREA(#20931);
#20931 = FILL_AREA_STYLE('',(#20932));
#20932 = FILL_AREA_STYLE_COLOUR('',#19568);
#20933 = OVER_RIDING_STYLED_ITEM('overriding color',(#20934),#10326,
  #19455);
#20934 = PRESENTATION_STYLE_ASSIGNMENT((#20935));
#20935 = SURFACE_STYLE_USAGE(.BOTH.,#20936);
#20936 = SURFACE_SIDE_STYLE('',(#20937));
#20937 = SURFACE_STYLE_FILL_AREA(#20938);
#20938 = FILL_AREA_STYLE('',(#20939));
#20939 = FILL_AREA_STYLE_COLOUR('',#19568);
#20940 = OVER_RIDING_STYLED_ITEM('overriding color',(#20941),#10350,
  #19455);
#20941 = PRESENTATION_STYLE_ASSIGNMENT((#20942));
#20942 = SURFACE_STYLE_USAGE(.BOTH.,#20943);
#20943 = SURFACE_SIDE_STYLE('',(#20944));
#20944 = SURFACE_STYLE_FILL_AREA(#20945);
#20945 = FILL_AREA_STYLE('',(#20946));
#20946 = FILL_AREA_STYLE_COLOUR('',#19568);
#20947 = OVER_RIDING_STYLED_ITEM('overriding color',(#20948),#10375,
  #19455);
#20948 = PRESENTATION_STYLE_ASSIGNMENT((#20949));
#20949 = SURFACE_STYLE_USAGE(.BOTH.,#20950);
#20950 = SURFACE_SIDE_STYLE('',(#20951));
#20951 = SURFACE_STYLE_FILL_AREA(#20952);
#20952 = FILL_AREA_STYLE('',(#20953));
#20953 = FILL_AREA_STYLE_COLOUR('',#19568);
#20954 = OVER_RIDING_STYLED_ITEM('overriding color',(#20955),#10392,
  #19455);
#20955 = PRESENTATION_STYLE_ASSIGNMENT((#20956));
#20956 = SURFACE_STYLE_USAGE(.BOTH.,#20957);
#20957 = SURFACE_SIDE_STYLE('',(#20958));
#20958 = SURFACE_STYLE_FILL_AREA(#20959);
#20959 = FILL_AREA_STYLE('',(#20960));
#20960 = FILL_AREA_STYLE_COLOUR('',#19568);
#20961 = OVER_RIDING_STYLED_ITEM('overriding color',(#20962),#10417,
  #19455);
#20962 = PRESENTATION_STYLE_ASSIGNMENT((#20963));
#20963 = SURFACE_STYLE_USAGE(.BOTH.,#20964);
#20964 = SURFACE_SIDE_STYLE('',(#20965));
#20965 = SURFACE_STYLE_FILL_AREA(#20966);
#20966 = FILL_AREA_STYLE('',(#20967));
#20967 = FILL_AREA_STYLE_COLOUR('',#19568);
#20968 = OVER_RIDING_STYLED_ITEM('overriding color',(#20969),#10441,
  #19455);
#20969 = PRESENTATION_STYLE_ASSIGNMENT((#20970));
#20970 = SURFACE_STYLE_USAGE(.BOTH.,#20971);
#20971 = SURFACE_SIDE_STYLE('',(#20972));
#20972 = SURFACE_STYLE_FILL_AREA(#20973);
#20973 = FILL_AREA_STYLE('',(#20974));
#20974 = FILL_AREA_STYLE_COLOUR('',#19568);
#20975 = OVER_RIDING_STYLED_ITEM('overriding color',(#20976),#10466,
  #19455);
#20976 = PRESENTATION_STYLE_ASSIGNMENT((#20977));
#20977 = SURFACE_STYLE_USAGE(.BOTH.,#20978);
#20978 = SURFACE_SIDE_STYLE('',(#20979));
#20979 = SURFACE_STYLE_FILL_AREA(#20980);
#20980 = FILL_AREA_STYLE('',(#20981));
#20981 = FILL_AREA_STYLE_COLOUR('',#19568);
#20982 = OVER_RIDING_STYLED_ITEM('overriding color',(#20983),#10483,
  #19455);
#20983 = PRESENTATION_STYLE_ASSIGNMENT((#20984));
#20984 = SURFACE_STYLE_USAGE(.BOTH.,#20985);
#20985 = SURFACE_SIDE_STYLE('',(#20986));
#20986 = SURFACE_STYLE_FILL_AREA(#20987);
#20987 = FILL_AREA_STYLE('',(#20988));
#20988 = FILL_AREA_STYLE_COLOUR('',#19568);
#20989 = OVER_RIDING_STYLED_ITEM('overriding color',(#20990),#10508,
  #19455);
#20990 = PRESENTATION_STYLE_ASSIGNMENT((#20991));
#20991 = SURFACE_STYLE_USAGE(.BOTH.,#20992);
#20992 = SURFACE_SIDE_STYLE('',(#20993));
#20993 = SURFACE_STYLE_FILL_AREA(#20994);
#20994 = FILL_AREA_STYLE('',(#20995));
#20995 = FILL_AREA_STYLE_COLOUR('',#19568);
#20996 = OVER_RIDING_STYLED_ITEM('overriding color',(#20997),#10532,
  #19455);
#20997 = PRESENTATION_STYLE_ASSIGNMENT((#20998));
#20998 = SURFACE_STYLE_USAGE(.BOTH.,#20999);
#20999 = SURFACE_SIDE_STYLE('',(#21000));
#21000 = SURFACE_STYLE_FILL_AREA(#21001);
#21001 = FILL_AREA_STYLE('',(#21002));
#21002 = FILL_AREA_STYLE_COLOUR('',#19568);
#21003 = OVER_RIDING_STYLED_ITEM('overriding color',(#21004),#10557,
  #19455);
#21004 = PRESENTATION_STYLE_ASSIGNMENT((#21005));
#21005 = SURFACE_STYLE_USAGE(.BOTH.,#21006);
#21006 = SURFACE_SIDE_STYLE('',(#21007));
#21007 = SURFACE_STYLE_FILL_AREA(#21008);
#21008 = FILL_AREA_STYLE('',(#21009));
#21009 = FILL_AREA_STYLE_COLOUR('',#19568);
#21010 = OVER_RIDING_STYLED_ITEM('overriding color',(#21011),#10574,
  #19455);
#21011 = PRESENTATION_STYLE_ASSIGNMENT((#21012));
#21012 = SURFACE_STYLE_USAGE(.BOTH.,#21013);
#21013 = SURFACE_SIDE_STYLE('',(#21014));
#21014 = SURFACE_STYLE_FILL_AREA(#21015);
#21015 = FILL_AREA_STYLE('',(#21016));
#21016 = FILL_AREA_STYLE_COLOUR('',#19568);
#21017 = OVER_RIDING_STYLED_ITEM('overriding color',(#21018),#10599,
  #19455);
#21018 = PRESENTATION_STYLE_ASSIGNMENT((#21019));
#21019 = SURFACE_STYLE_USAGE(.BOTH.,#21020);
#21020 = SURFACE_SIDE_STYLE('',(#21021));
#21021 = SURFACE_STYLE_FILL_AREA(#21022);
#21022 = FILL_AREA_STYLE('',(#21023));
#21023 = FILL_AREA_STYLE_COLOUR('',#19568);
#21024 = OVER_RIDING_STYLED_ITEM('overriding color',(#21025),#10623,
  #19455);
#21025 = PRESENTATION_STYLE_ASSIGNMENT((#21026));
#21026 = SURFACE_STYLE_USAGE(.BOTH.,#21027);
#21027 = SURFACE_SIDE_STYLE('',(#21028));
#21028 = SURFACE_STYLE_FILL_AREA(#21029);
#21029 = FILL_AREA_STYLE('',(#21030));
#21030 = FILL_AREA_STYLE_COLOUR('',#19568);
#21031 = OVER_RIDING_STYLED_ITEM('overriding color',(#21032),#10648,
  #19455);
#21032 = PRESENTATION_STYLE_ASSIGNMENT((#21033));
#21033 = SURFACE_STYLE_USAGE(.BOTH.,#21034);
#21034 = SURFACE_SIDE_STYLE('',(#21035));
#21035 = SURFACE_STYLE_FILL_AREA(#21036);
#21036 = FILL_AREA_STYLE('',(#21037));
#21037 = FILL_AREA_STYLE_COLOUR('',#19568);
#21038 = OVER_RIDING_STYLED_ITEM('overriding color',(#21039),#10665,
  #19455);
#21039 = PRESENTATION_STYLE_ASSIGNMENT((#21040));
#21040 = SURFACE_STYLE_USAGE(.BOTH.,#21041);
#21041 = SURFACE_SIDE_STYLE('',(#21042));
#21042 = SURFACE_STYLE_FILL_AREA(#21043);
#21043 = FILL_AREA_STYLE('',(#21044));
#21044 = FILL_AREA_STYLE_COLOUR('',#19568);
#21045 = OVER_RIDING_STYLED_ITEM('overriding color',(#21046),#10690,
  #19455);
#21046 = PRESENTATION_STYLE_ASSIGNMENT((#21047));
#21047 = SURFACE_STYLE_USAGE(.BOTH.,#21048);
#21048 = SURFACE_SIDE_STYLE('',(#21049));
#21049 = SURFACE_STYLE_FILL_AREA(#21050);
#21050 = FILL_AREA_STYLE('',(#21051));
#21051 = FILL_AREA_STYLE_COLOUR('',#19568);
#21052 = OVER_RIDING_STYLED_ITEM('overriding color',(#21053),#10714,
  #19455);
#21053 = PRESENTATION_STYLE_ASSIGNMENT((#21054));
#21054 = SURFACE_STYLE_USAGE(.BOTH.,#21055);
#21055 = SURFACE_SIDE_STYLE('',(#21056));
#21056 = SURFACE_STYLE_FILL_AREA(#21057);
#21057 = FILL_AREA_STYLE('',(#21058));
#21058 = FILL_AREA_STYLE_COLOUR('',#19568);
#21059 = OVER_RIDING_STYLED_ITEM('overriding color',(#21060),#10739,
  #19455);
#21060 = PRESENTATION_STYLE_ASSIGNMENT((#21061));
#21061 = SURFACE_STYLE_USAGE(.BOTH.,#21062);
#21062 = SURFACE_SIDE_STYLE('',(#21063));
#21063 = SURFACE_STYLE_FILL_AREA(#21064);
#21064 = FILL_AREA_STYLE('',(#21065));
#21065 = FILL_AREA_STYLE_COLOUR('',#19568);
#21066 = OVER_RIDING_STYLED_ITEM('overriding color',(#21067),#10756,
  #19455);
#21067 = PRESENTATION_STYLE_ASSIGNMENT((#21068));
#21068 = SURFACE_STYLE_USAGE(.BOTH.,#21069);
#21069 = SURFACE_SIDE_STYLE('',(#21070));
#21070 = SURFACE_STYLE_FILL_AREA(#21071);
#21071 = FILL_AREA_STYLE('',(#21072));
#21072 = FILL_AREA_STYLE_COLOUR('',#19568);
#21073 = OVER_RIDING_STYLED_ITEM('overriding color',(#21074),#10781,
  #19455);
#21074 = PRESENTATION_STYLE_ASSIGNMENT((#21075));
#21075 = SURFACE_STYLE_USAGE(.BOTH.,#21076);
#21076 = SURFACE_SIDE_STYLE('',(#21077));
#21077 = SURFACE_STYLE_FILL_AREA(#21078);
#21078 = FILL_AREA_STYLE('',(#21079));
#21079 = FILL_AREA_STYLE_COLOUR('',#19568);
#21080 = OVER_RIDING_STYLED_ITEM('overriding color',(#21081),#10805,
  #19455);
#21081 = PRESENTATION_STYLE_ASSIGNMENT((#21082));
#21082 = SURFACE_STYLE_USAGE(.BOTH.,#21083);
#21083 = SURFACE_SIDE_STYLE('',(#21084));
#21084 = SURFACE_STYLE_FILL_AREA(#21085);
#21085 = FILL_AREA_STYLE('',(#21086));
#21086 = FILL_AREA_STYLE_COLOUR('',#19568);
#21087 = OVER_RIDING_STYLED_ITEM('overriding color',(#21088),#10830,
  #19455);
#21088 = PRESENTATION_STYLE_ASSIGNMENT((#21089));
#21089 = SURFACE_STYLE_USAGE(.BOTH.,#21090);
#21090 = SURFACE_SIDE_STYLE('',(#21091));
#21091 = SURFACE_STYLE_FILL_AREA(#21092);
#21092 = FILL_AREA_STYLE('',(#21093));
#21093 = FILL_AREA_STYLE_COLOUR('',#19568);
#21094 = OVER_RIDING_STYLED_ITEM('overriding color',(#21095),#10847,
  #19455);
#21095 = PRESENTATION_STYLE_ASSIGNMENT((#21096));
#21096 = SURFACE_STYLE_USAGE(.BOTH.,#21097);
#21097 = SURFACE_SIDE_STYLE('',(#21098));
#21098 = SURFACE_STYLE_FILL_AREA(#21099);
#21099 = FILL_AREA_STYLE('',(#21100));
#21100 = FILL_AREA_STYLE_COLOUR('',#19568);
#21101 = OVER_RIDING_STYLED_ITEM('overriding color',(#21102),#10872,
  #19455);
#21102 = PRESENTATION_STYLE_ASSIGNMENT((#21103));
#21103 = SURFACE_STYLE_USAGE(.BOTH.,#21104);
#21104 = SURFACE_SIDE_STYLE('',(#21105));
#21105 = SURFACE_STYLE_FILL_AREA(#21106);
#21106 = FILL_AREA_STYLE('',(#21107));
#21107 = FILL_AREA_STYLE_COLOUR('',#19568);
#21108 = OVER_RIDING_STYLED_ITEM('overriding color',(#21109),#10896,
  #19455);
#21109 = PRESENTATION_STYLE_ASSIGNMENT((#21110));
#21110 = SURFACE_STYLE_USAGE(.BOTH.,#21111);
#21111 = SURFACE_SIDE_STYLE('',(#21112));
#21112 = SURFACE_STYLE_FILL_AREA(#21113);
#21113 = FILL_AREA_STYLE('',(#21114));
#21114 = FILL_AREA_STYLE_COLOUR('',#19568);
#21115 = OVER_RIDING_STYLED_ITEM('overriding color',(#21116),#10921,
  #19455);
#21116 = PRESENTATION_STYLE_ASSIGNMENT((#21117));
#21117 = SURFACE_STYLE_USAGE(.BOTH.,#21118);
#21118 = SURFACE_SIDE_STYLE('',(#21119));
#21119 = SURFACE_STYLE_FILL_AREA(#21120);
#21120 = FILL_AREA_STYLE('',(#21121));
#21121 = FILL_AREA_STYLE_COLOUR('',#19568);
#21122 = OVER_RIDING_STYLED_ITEM('overriding color',(#21123),#10938,
  #19455);
#21123 = PRESENTATION_STYLE_ASSIGNMENT((#21124));
#21124 = SURFACE_STYLE_USAGE(.BOTH.,#21125);
#21125 = SURFACE_SIDE_STYLE('',(#21126));
#21126 = SURFACE_STYLE_FILL_AREA(#21127);
#21127 = FILL_AREA_STYLE('',(#21128));
#21128 = FILL_AREA_STYLE_COLOUR('',#19568);
#21129 = OVER_RIDING_STYLED_ITEM('overriding color',(#21130),#10963,
  #19455);
#21130 = PRESENTATION_STYLE_ASSIGNMENT((#21131));
#21131 = SURFACE_STYLE_USAGE(.BOTH.,#21132);
#21132 = SURFACE_SIDE_STYLE('',(#21133));
#21133 = SURFACE_STYLE_FILL_AREA(#21134);
#21134 = FILL_AREA_STYLE('',(#21135));
#21135 = FILL_AREA_STYLE_COLOUR('',#19568);
#21136 = OVER_RIDING_STYLED_ITEM('overriding color',(#21137),#10987,
  #19455);
#21137 = PRESENTATION_STYLE_ASSIGNMENT((#21138));
#21138 = SURFACE_STYLE_USAGE(.BOTH.,#21139);
#21139 = SURFACE_SIDE_STYLE('',(#21140));
#21140 = SURFACE_STYLE_FILL_AREA(#21141);
#21141 = FILL_AREA_STYLE('',(#21142));
#21142 = FILL_AREA_STYLE_COLOUR('',#19568);
#21143 = OVER_RIDING_STYLED_ITEM('overriding color',(#21144),#11012,
  #19455);
#21144 = PRESENTATION_STYLE_ASSIGNMENT((#21145));
#21145 = SURFACE_STYLE_USAGE(.BOTH.,#21146);
#21146 = SURFACE_SIDE_STYLE('',(#21147));
#21147 = SURFACE_STYLE_FILL_AREA(#21148);
#21148 = FILL_AREA_STYLE('',(#21149));
#21149 = FILL_AREA_STYLE_COLOUR('',#19568);
#21150 = OVER_RIDING_STYLED_ITEM('overriding color',(#21151),#11029,
  #19455);
#21151 = PRESENTATION_STYLE_ASSIGNMENT((#21152));
#21152 = SURFACE_STYLE_USAGE(.BOTH.,#21153);
#21153 = SURFACE_SIDE_STYLE('',(#21154));
#21154 = SURFACE_STYLE_FILL_AREA(#21155);
#21155 = FILL_AREA_STYLE('',(#21156));
#21156 = FILL_AREA_STYLE_COLOUR('',#19568);
#21157 = OVER_RIDING_STYLED_ITEM('overriding color',(#21158),#11054,
  #19455);
#21158 = PRESENTATION_STYLE_ASSIGNMENT((#21159));
#21159 = SURFACE_STYLE_USAGE(.BOTH.,#21160);
#21160 = SURFACE_SIDE_STYLE('',(#21161));
#21161 = SURFACE_STYLE_FILL_AREA(#21162);
#21162 = FILL_AREA_STYLE('',(#21163));
#21163 = FILL_AREA_STYLE_COLOUR('',#19863);
#21164 = OVER_RIDING_STYLED_ITEM('overriding color',(#21165),#11103,
  #19455);
#21165 = PRESENTATION_STYLE_ASSIGNMENT((#21166));
#21166 = SURFACE_STYLE_USAGE(.BOTH.,#21167);
#21167 = SURFACE_SIDE_STYLE('',(#21168));
#21168 = SURFACE_STYLE_FILL_AREA(#21169);
#21169 = FILL_AREA_STYLE('',(#21170));
#21170 = FILL_AREA_STYLE_COLOUR('',#19863);
#21171 = OVER_RIDING_STYLED_ITEM('overriding color',(#21172),#11194,
  #19455);
#21172 = PRESENTATION_STYLE_ASSIGNMENT((#21173));
#21173 = SURFACE_STYLE_USAGE(.BOTH.,#21174);
#21174 = SURFACE_SIDE_STYLE('',(#21175));
#21175 = SURFACE_STYLE_FILL_AREA(#21176);
#21176 = FILL_AREA_STYLE('',(#21177));
#21177 = FILL_AREA_STYLE_COLOUR('',#19863);
#21178 = OVER_RIDING_STYLED_ITEM('overriding color',(#21179),#11211,
  #19455);
#21179 = PRESENTATION_STYLE_ASSIGNMENT((#21180));
#21180 = SURFACE_STYLE_USAGE(.BOTH.,#21181);
#21181 = SURFACE_SIDE_STYLE('',(#21182));
#21182 = SURFACE_STYLE_FILL_AREA(#21183);
#21183 = FILL_AREA_STYLE('',(#21184));
#21184 = FILL_AREA_STYLE_COLOUR('',#19863);
#21185 = OVER_RIDING_STYLED_ITEM('overriding color',(#21186),#11235,
  #19455);
#21186 = PRESENTATION_STYLE_ASSIGNMENT((#21187));
#21187 = SURFACE_STYLE_USAGE(.BOTH.,#21188);
#21188 = SURFACE_SIDE_STYLE('',(#21189));
#21189 = SURFACE_STYLE_FILL_AREA(#21190);
#21190 = FILL_AREA_STYLE('',(#21191));
#21191 = FILL_AREA_STYLE_COLOUR('',#19863);
#21192 = OVER_RIDING_STYLED_ITEM('overriding color',(#21193),#11252,
  #19455);
#21193 = PRESENTATION_STYLE_ASSIGNMENT((#21194));
#21194 = SURFACE_STYLE_USAGE(.BOTH.,#21195);
#21195 = SURFACE_SIDE_STYLE('',(#21196));
#21196 = SURFACE_STYLE_FILL_AREA(#21197);
#21197 = FILL_AREA_STYLE('',(#21198));
#21198 = FILL_AREA_STYLE_COLOUR('',#19863);
#21199 = OVER_RIDING_STYLED_ITEM('overriding color',(#21200),#11277,
  #19455);
#21200 = PRESENTATION_STYLE_ASSIGNMENT((#21201));
#21201 = SURFACE_STYLE_USAGE(.BOTH.,#21202);
#21202 = SURFACE_SIDE_STYLE('',(#21203));
#21203 = SURFACE_STYLE_FILL_AREA(#21204);
#21204 = FILL_AREA_STYLE('',(#21205));
#21205 = FILL_AREA_STYLE_COLOUR('',#19863);
#21206 = OVER_RIDING_STYLED_ITEM('overriding color',(#21207),#11326,
  #19455);
#21207 = PRESENTATION_STYLE_ASSIGNMENT((#21208));
#21208 = SURFACE_STYLE_USAGE(.BOTH.,#21209);
#21209 = SURFACE_SIDE_STYLE('',(#21210));
#21210 = SURFACE_STYLE_FILL_AREA(#21211);
#21211 = FILL_AREA_STYLE('',(#21212));
#21212 = FILL_AREA_STYLE_COLOUR('',#19863);
#21213 = OVER_RIDING_STYLED_ITEM('overriding color',(#21214),#11382,
  #19455);
#21214 = PRESENTATION_STYLE_ASSIGNMENT((#21215));
#21215 = SURFACE_STYLE_USAGE(.BOTH.,#21216);
#21216 = SURFACE_SIDE_STYLE('',(#21217));
#21217 = SURFACE_STYLE_FILL_AREA(#21218);
#21218 = FILL_AREA_STYLE('',(#21219));
#21219 = FILL_AREA_STYLE_COLOUR('',#19863);
#21220 = OVER_RIDING_STYLED_ITEM('overriding color',(#21221),#11407,
  #19455);
#21221 = PRESENTATION_STYLE_ASSIGNMENT((#21222));
#21222 = SURFACE_STYLE_USAGE(.BOTH.,#21223);
#21223 = SURFACE_SIDE_STYLE('',(#21224));
#21224 = SURFACE_STYLE_FILL_AREA(#21225);
#21225 = FILL_AREA_STYLE('',(#21226));
#21226 = FILL_AREA_STYLE_COLOUR('',#19863);
#21227 = OVER_RIDING_STYLED_ITEM('overriding color',(#21228),#11432,
  #19455);
#21228 = PRESENTATION_STYLE_ASSIGNMENT((#21229));
#21229 = SURFACE_STYLE_USAGE(.BOTH.,#21230);
#21230 = SURFACE_SIDE_STYLE('',(#21231));
#21231 = SURFACE_STYLE_FILL_AREA(#21232);
#21232 = FILL_AREA_STYLE('',(#21233));
#21233 = FILL_AREA_STYLE_COLOUR('',#19863);
#21234 = OVER_RIDING_STYLED_ITEM('overriding color',(#21235),#11481,
  #19455);
#21235 = PRESENTATION_STYLE_ASSIGNMENT((#21236));
#21236 = SURFACE_STYLE_USAGE(.BOTH.,#21237);
#21237 = SURFACE_SIDE_STYLE('',(#21238));
#21238 = SURFACE_STYLE_FILL_AREA(#21239);
#21239 = FILL_AREA_STYLE('',(#21240));
#21240 = FILL_AREA_STYLE_COLOUR('',#19863);
#21241 = OVER_RIDING_STYLED_ITEM('overriding color',(#21242),#11550,
  #19455);
#21242 = PRESENTATION_STYLE_ASSIGNMENT((#21243));
#21243 = SURFACE_STYLE_USAGE(.BOTH.,#21244);
#21244 = SURFACE_SIDE_STYLE('',(#21245));
#21245 = SURFACE_STYLE_FILL_AREA(#21246);
#21246 = FILL_AREA_STYLE('',(#21247));
#21247 = FILL_AREA_STYLE_COLOUR('',#19568);
#21248 = OVER_RIDING_STYLED_ITEM('overriding color',(#21249),#11574,
  #19455);
#21249 = PRESENTATION_STYLE_ASSIGNMENT((#21250));
#21250 = SURFACE_STYLE_USAGE(.BOTH.,#21251);
#21251 = SURFACE_SIDE_STYLE('',(#21252));
#21252 = SURFACE_STYLE_FILL_AREA(#21253);
#21253 = FILL_AREA_STYLE('',(#21254));
#21254 = FILL_AREA_STYLE_COLOUR('',#19568);
#21255 = OVER_RIDING_STYLED_ITEM('overriding color',(#21256),#11599,
  #19455);
#21256 = PRESENTATION_STYLE_ASSIGNMENT((#21257));
#21257 = SURFACE_STYLE_USAGE(.BOTH.,#21258);
#21258 = SURFACE_SIDE_STYLE('',(#21259));
#21259 = SURFACE_STYLE_FILL_AREA(#21260);
#21260 = FILL_AREA_STYLE('',(#21261));
#21261 = FILL_AREA_STYLE_COLOUR('',#19568);
#21262 = OVER_RIDING_STYLED_ITEM('overriding color',(#21263),#11616,
  #19455);
#21263 = PRESENTATION_STYLE_ASSIGNMENT((#21264));
#21264 = SURFACE_STYLE_USAGE(.BOTH.,#21265);
#21265 = SURFACE_SIDE_STYLE('',(#21266));
#21266 = SURFACE_STYLE_FILL_AREA(#21267);
#21267 = FILL_AREA_STYLE('',(#21268));
#21268 = FILL_AREA_STYLE_COLOUR('',#19568);
#21269 = OVER_RIDING_STYLED_ITEM('overriding color',(#21270),#11641,
  #19455);
#21270 = PRESENTATION_STYLE_ASSIGNMENT((#21271));
#21271 = SURFACE_STYLE_USAGE(.BOTH.,#21272);
#21272 = SURFACE_SIDE_STYLE('',(#21273));
#21273 = SURFACE_STYLE_FILL_AREA(#21274);
#21274 = FILL_AREA_STYLE('',(#21275));
#21275 = FILL_AREA_STYLE_COLOUR('',#19568);
#21276 = OVER_RIDING_STYLED_ITEM('overriding color',(#21277),#11665,
  #19455);
#21277 = PRESENTATION_STYLE_ASSIGNMENT((#21278));
#21278 = SURFACE_STYLE_USAGE(.BOTH.,#21279);
#21279 = SURFACE_SIDE_STYLE('',(#21280));
#21280 = SURFACE_STYLE_FILL_AREA(#21281);
#21281 = FILL_AREA_STYLE('',(#21282));
#21282 = FILL_AREA_STYLE_COLOUR('',#19568);
#21283 = OVER_RIDING_STYLED_ITEM('overriding color',(#21284),#11690,
  #19455);
#21284 = PRESENTATION_STYLE_ASSIGNMENT((#21285));
#21285 = SURFACE_STYLE_USAGE(.BOTH.,#21286);
#21286 = SURFACE_SIDE_STYLE('',(#21287));
#21287 = SURFACE_STYLE_FILL_AREA(#21288);
#21288 = FILL_AREA_STYLE('',(#21289));
#21289 = FILL_AREA_STYLE_COLOUR('',#19568);
#21290 = OVER_RIDING_STYLED_ITEM('overriding color',(#21291),#11707,
  #19455);
#21291 = PRESENTATION_STYLE_ASSIGNMENT((#21292));
#21292 = SURFACE_STYLE_USAGE(.BOTH.,#21293);
#21293 = SURFACE_SIDE_STYLE('',(#21294));
#21294 = SURFACE_STYLE_FILL_AREA(#21295);
#21295 = FILL_AREA_STYLE('',(#21296));
#21296 = FILL_AREA_STYLE_COLOUR('',#19568);
#21297 = OVER_RIDING_STYLED_ITEM('overriding color',(#21298),#11732,
  #19455);
#21298 = PRESENTATION_STYLE_ASSIGNMENT((#21299));
#21299 = SURFACE_STYLE_USAGE(.BOTH.,#21300);
#21300 = SURFACE_SIDE_STYLE('',(#21301));
#21301 = SURFACE_STYLE_FILL_AREA(#21302);
#21302 = FILL_AREA_STYLE('',(#21303));
#21303 = FILL_AREA_STYLE_COLOUR('',#19568);
#21304 = OVER_RIDING_STYLED_ITEM('overriding color',(#21305),#11756,
  #19455);
#21305 = PRESENTATION_STYLE_ASSIGNMENT((#21306));
#21306 = SURFACE_STYLE_USAGE(.BOTH.,#21307);
#21307 = SURFACE_SIDE_STYLE('',(#21308));
#21308 = SURFACE_STYLE_FILL_AREA(#21309);
#21309 = FILL_AREA_STYLE('',(#21310));
#21310 = FILL_AREA_STYLE_COLOUR('',#19568);
#21311 = OVER_RIDING_STYLED_ITEM('overriding color',(#21312),#11781,
  #19455);
#21312 = PRESENTATION_STYLE_ASSIGNMENT((#21313));
#21313 = SURFACE_STYLE_USAGE(.BOTH.,#21314);
#21314 = SURFACE_SIDE_STYLE('',(#21315));
#21315 = SURFACE_STYLE_FILL_AREA(#21316);
#21316 = FILL_AREA_STYLE('',(#21317));
#21317 = FILL_AREA_STYLE_COLOUR('',#19568);
#21318 = OVER_RIDING_STYLED_ITEM('overriding color',(#21319),#11798,
  #19455);
#21319 = PRESENTATION_STYLE_ASSIGNMENT((#21320));
#21320 = SURFACE_STYLE_USAGE(.BOTH.,#21321);
#21321 = SURFACE_SIDE_STYLE('',(#21322));
#21322 = SURFACE_STYLE_FILL_AREA(#21323);
#21323 = FILL_AREA_STYLE('',(#21324));
#21324 = FILL_AREA_STYLE_COLOUR('',#19568);
#21325 = OVER_RIDING_STYLED_ITEM('overriding color',(#21326),#11823,
  #19455);
#21326 = PRESENTATION_STYLE_ASSIGNMENT((#21327));
#21327 = SURFACE_STYLE_USAGE(.BOTH.,#21328);
#21328 = SURFACE_SIDE_STYLE('',(#21329));
#21329 = SURFACE_STYLE_FILL_AREA(#21330);
#21330 = FILL_AREA_STYLE('',(#21331));
#21331 = FILL_AREA_STYLE_COLOUR('',#19568);
#21332 = OVER_RIDING_STYLED_ITEM('overriding color',(#21333),#11847,
  #19455);
#21333 = PRESENTATION_STYLE_ASSIGNMENT((#21334));
#21334 = SURFACE_STYLE_USAGE(.BOTH.,#21335);
#21335 = SURFACE_SIDE_STYLE('',(#21336));
#21336 = SURFACE_STYLE_FILL_AREA(#21337);
#21337 = FILL_AREA_STYLE('',(#21338));
#21338 = FILL_AREA_STYLE_COLOUR('',#19568);
#21339 = OVER_RIDING_STYLED_ITEM('overriding color',(#21340),#11872,
  #19455);
#21340 = PRESENTATION_STYLE_ASSIGNMENT((#21341));
#21341 = SURFACE_STYLE_USAGE(.BOTH.,#21342);
#21342 = SURFACE_SIDE_STYLE('',(#21343));
#21343 = SURFACE_STYLE_FILL_AREA(#21344);
#21344 = FILL_AREA_STYLE('',(#21345));
#21345 = FILL_AREA_STYLE_COLOUR('',#19568);
#21346 = OVER_RIDING_STYLED_ITEM('overriding color',(#21347),#11889,
  #19455);
#21347 = PRESENTATION_STYLE_ASSIGNMENT((#21348));
#21348 = SURFACE_STYLE_USAGE(.BOTH.,#21349);
#21349 = SURFACE_SIDE_STYLE('',(#21350));
#21350 = SURFACE_STYLE_FILL_AREA(#21351);
#21351 = FILL_AREA_STYLE('',(#21352));
#21352 = FILL_AREA_STYLE_COLOUR('',#19568);
#21353 = OVER_RIDING_STYLED_ITEM('overriding color',(#21354),#11914,
  #19455);
#21354 = PRESENTATION_STYLE_ASSIGNMENT((#21355));
#21355 = SURFACE_STYLE_USAGE(.BOTH.,#21356);
#21356 = SURFACE_SIDE_STYLE('',(#21357));
#21357 = SURFACE_STYLE_FILL_AREA(#21358);
#21358 = FILL_AREA_STYLE('',(#21359));
#21359 = FILL_AREA_STYLE_COLOUR('',#19568);
#21360 = OVER_RIDING_STYLED_ITEM('overriding color',(#21361),#11938,
  #19455);
#21361 = PRESENTATION_STYLE_ASSIGNMENT((#21362));
#21362 = SURFACE_STYLE_USAGE(.BOTH.,#21363);
#21363 = SURFACE_SIDE_STYLE('',(#21364));
#21364 = SURFACE_STYLE_FILL_AREA(#21365);
#21365 = FILL_AREA_STYLE('',(#21366));
#21366 = FILL_AREA_STYLE_COLOUR('',#19568);
#21367 = OVER_RIDING_STYLED_ITEM('overriding color',(#21368),#11963,
  #19455);
#21368 = PRESENTATION_STYLE_ASSIGNMENT((#21369));
#21369 = SURFACE_STYLE_USAGE(.BOTH.,#21370);
#21370 = SURFACE_SIDE_STYLE('',(#21371));
#21371 = SURFACE_STYLE_FILL_AREA(#21372);
#21372 = FILL_AREA_STYLE('',(#21373));
#21373 = FILL_AREA_STYLE_COLOUR('',#19568);
#21374 = OVER_RIDING_STYLED_ITEM('overriding color',(#21375),#11980,
  #19455);
#21375 = PRESENTATION_STYLE_ASSIGNMENT((#21376));
#21376 = SURFACE_STYLE_USAGE(.BOTH.,#21377);
#21377 = SURFACE_SIDE_STYLE('',(#21378));
#21378 = SURFACE_STYLE_FILL_AREA(#21379);
#21379 = FILL_AREA_STYLE('',(#21380));
#21380 = FILL_AREA_STYLE_COLOUR('',#19568);
#21381 = OVER_RIDING_STYLED_ITEM('overriding color',(#21382),#12005,
  #19455);
#21382 = PRESENTATION_STYLE_ASSIGNMENT((#21383));
#21383 = SURFACE_STYLE_USAGE(.BOTH.,#21384);
#21384 = SURFACE_SIDE_STYLE('',(#21385));
#21385 = SURFACE_STYLE_FILL_AREA(#21386);
#21386 = FILL_AREA_STYLE('',(#21387));
#21387 = FILL_AREA_STYLE_COLOUR('',#19568);
#21388 = OVER_RIDING_STYLED_ITEM('overriding color',(#21389),#12029,
  #19455);
#21389 = PRESENTATION_STYLE_ASSIGNMENT((#21390));
#21390 = SURFACE_STYLE_USAGE(.BOTH.,#21391);
#21391 = SURFACE_SIDE_STYLE('',(#21392));
#21392 = SURFACE_STYLE_FILL_AREA(#21393);
#21393 = FILL_AREA_STYLE('',(#21394));
#21394 = FILL_AREA_STYLE_COLOUR('',#19568);
#21395 = OVER_RIDING_STYLED_ITEM('overriding color',(#21396),#12054,
  #19455);
#21396 = PRESENTATION_STYLE_ASSIGNMENT((#21397));
#21397 = SURFACE_STYLE_USAGE(.BOTH.,#21398);
#21398 = SURFACE_SIDE_STYLE('',(#21399));
#21399 = SURFACE_STYLE_FILL_AREA(#21400);
#21400 = FILL_AREA_STYLE('',(#21401));
#21401 = FILL_AREA_STYLE_COLOUR('',#19568);
#21402 = OVER_RIDING_STYLED_ITEM('overriding color',(#21403),#12071,
  #19455);
#21403 = PRESENTATION_STYLE_ASSIGNMENT((#21404));
#21404 = SURFACE_STYLE_USAGE(.BOTH.,#21405);
#21405 = SURFACE_SIDE_STYLE('',(#21406));
#21406 = SURFACE_STYLE_FILL_AREA(#21407);
#21407 = FILL_AREA_STYLE('',(#21408));
#21408 = FILL_AREA_STYLE_COLOUR('',#19568);
#21409 = OVER_RIDING_STYLED_ITEM('overriding color',(#21410),#12096,
  #19455);
#21410 = PRESENTATION_STYLE_ASSIGNMENT((#21411));
#21411 = SURFACE_STYLE_USAGE(.BOTH.,#21412);
#21412 = SURFACE_SIDE_STYLE('',(#21413));
#21413 = SURFACE_STYLE_FILL_AREA(#21414);
#21414 = FILL_AREA_STYLE('',(#21415));
#21415 = FILL_AREA_STYLE_COLOUR('',#19568);
#21416 = OVER_RIDING_STYLED_ITEM('overriding color',(#21417),#12120,
  #19455);
#21417 = PRESENTATION_STYLE_ASSIGNMENT((#21418));
#21418 = SURFACE_STYLE_USAGE(.BOTH.,#21419);
#21419 = SURFACE_SIDE_STYLE('',(#21420));
#21420 = SURFACE_STYLE_FILL_AREA(#21421);
#21421 = FILL_AREA_STYLE('',(#21422));
#21422 = FILL_AREA_STYLE_COLOUR('',#19568);
#21423 = OVER_RIDING_STYLED_ITEM('overriding color',(#21424),#12145,
  #19455);
#21424 = PRESENTATION_STYLE_ASSIGNMENT((#21425));
#21425 = SURFACE_STYLE_USAGE(.BOTH.,#21426);
#21426 = SURFACE_SIDE_STYLE('',(#21427));
#21427 = SURFACE_STYLE_FILL_AREA(#21428);
#21428 = FILL_AREA_STYLE('',(#21429));
#21429 = FILL_AREA_STYLE_COLOUR('',#19568);
#21430 = OVER_RIDING_STYLED_ITEM('overriding color',(#21431),#12162,
  #19455);
#21431 = PRESENTATION_STYLE_ASSIGNMENT((#21432));
#21432 = SURFACE_STYLE_USAGE(.BOTH.,#21433);
#21433 = SURFACE_SIDE_STYLE('',(#21434));
#21434 = SURFACE_STYLE_FILL_AREA(#21435);
#21435 = FILL_AREA_STYLE('',(#21436));
#21436 = FILL_AREA_STYLE_COLOUR('',#19568);
#21437 = OVER_RIDING_STYLED_ITEM('overriding color',(#21438),#12187,
  #19455);
#21438 = PRESENTATION_STYLE_ASSIGNMENT((#21439));
#21439 = SURFACE_STYLE_USAGE(.BOTH.,#21440);
#21440 = SURFACE_SIDE_STYLE('',(#21441));
#21441 = SURFACE_STYLE_FILL_AREA(#21442);
#21442 = FILL_AREA_STYLE('',(#21443));
#21443 = FILL_AREA_STYLE_COLOUR('',#19568);
#21444 = OVER_RIDING_STYLED_ITEM('overriding color',(#21445),#12211,
  #19455);
#21445 = PRESENTATION_STYLE_ASSIGNMENT((#21446));
#21446 = SURFACE_STYLE_USAGE(.BOTH.,#21447);
#21447 = SURFACE_SIDE_STYLE('',(#21448));
#21448 = SURFACE_STYLE_FILL_AREA(#21449);
#21449 = FILL_AREA_STYLE('',(#21450));
#21450 = FILL_AREA_STYLE_COLOUR('',#19568);
#21451 = OVER_RIDING_STYLED_ITEM('overriding color',(#21452),#12236,
  #19455);
#21452 = PRESENTATION_STYLE_ASSIGNMENT((#21453));
#21453 = SURFACE_STYLE_USAGE(.BOTH.,#21454);
#21454 = SURFACE_SIDE_STYLE('',(#21455));
#21455 = SURFACE_STYLE_FILL_AREA(#21456);
#21456 = FILL_AREA_STYLE('',(#21457));
#21457 = FILL_AREA_STYLE_COLOUR('',#19568);
#21458 = OVER_RIDING_STYLED_ITEM('overriding color',(#21459),#12253,
  #19455);
#21459 = PRESENTATION_STYLE_ASSIGNMENT((#21460));
#21460 = SURFACE_STYLE_USAGE(.BOTH.,#21461);
#21461 = SURFACE_SIDE_STYLE('',(#21462));
#21462 = SURFACE_STYLE_FILL_AREA(#21463);
#21463 = FILL_AREA_STYLE('',(#21464));
#21464 = FILL_AREA_STYLE_COLOUR('',#19568);
#21465 = OVER_RIDING_STYLED_ITEM('overriding color',(#21466),#12278,
  #19455);
#21466 = PRESENTATION_STYLE_ASSIGNMENT((#21467));
#21467 = SURFACE_STYLE_USAGE(.BOTH.,#21468);
#21468 = SURFACE_SIDE_STYLE('',(#21469));
#21469 = SURFACE_STYLE_FILL_AREA(#21470);
#21470 = FILL_AREA_STYLE('',(#21471));
#21471 = FILL_AREA_STYLE_COLOUR('',#19568);
#21472 = OVER_RIDING_STYLED_ITEM('overriding color',(#21473),#12302,
  #19455);
#21473 = PRESENTATION_STYLE_ASSIGNMENT((#21474));
#21474 = SURFACE_STYLE_USAGE(.BOTH.,#21475);
#21475 = SURFACE_SIDE_STYLE('',(#21476));
#21476 = SURFACE_STYLE_FILL_AREA(#21477);
#21477 = FILL_AREA_STYLE('',(#21478));
#21478 = FILL_AREA_STYLE_COLOUR('',#19568);
#21479 = OVER_RIDING_STYLED_ITEM('overriding color',(#21480),#12327,
  #19455);
#21480 = PRESENTATION_STYLE_ASSIGNMENT((#21481));
#21481 = SURFACE_STYLE_USAGE(.BOTH.,#21482);
#21482 = SURFACE_SIDE_STYLE('',(#21483));
#21483 = SURFACE_STYLE_FILL_AREA(#21484);
#21484 = FILL_AREA_STYLE('',(#21485));
#21485 = FILL_AREA_STYLE_COLOUR('',#19568);
#21486 = OVER_RIDING_STYLED_ITEM('overriding color',(#21487),#12344,
  #19455);
#21487 = PRESENTATION_STYLE_ASSIGNMENT((#21488));
#21488 = SURFACE_STYLE_USAGE(.BOTH.,#21489);
#21489 = SURFACE_SIDE_STYLE('',(#21490));
#21490 = SURFACE_STYLE_FILL_AREA(#21491);
#21491 = FILL_AREA_STYLE('',(#21492));
#21492 = FILL_AREA_STYLE_COLOUR('',#19568);
#21493 = OVER_RIDING_STYLED_ITEM('overriding color',(#21494),#12369,
  #19455);
#21494 = PRESENTATION_STYLE_ASSIGNMENT((#21495));
#21495 = SURFACE_STYLE_USAGE(.BOTH.,#21496);
#21496 = SURFACE_SIDE_STYLE('',(#21497));
#21497 = SURFACE_STYLE_FILL_AREA(#21498);
#21498 = FILL_AREA_STYLE('',(#21499));
#21499 = FILL_AREA_STYLE_COLOUR('',#19568);
#21500 = OVER_RIDING_STYLED_ITEM('overriding color',(#21501),#12393,
  #19455);
#21501 = PRESENTATION_STYLE_ASSIGNMENT((#21502));
#21502 = SURFACE_STYLE_USAGE(.BOTH.,#21503);
#21503 = SURFACE_SIDE_STYLE('',(#21504));
#21504 = SURFACE_STYLE_FILL_AREA(#21505);
#21505 = FILL_AREA_STYLE('',(#21506));
#21506 = FILL_AREA_STYLE_COLOUR('',#19568);
#21507 = OVER_RIDING_STYLED_ITEM('overriding color',(#21508),#12418,
  #19455);
#21508 = PRESENTATION_STYLE_ASSIGNMENT((#21509));
#21509 = SURFACE_STYLE_USAGE(.BOTH.,#21510);
#21510 = SURFACE_SIDE_STYLE('',(#21511));
#21511 = SURFACE_STYLE_FILL_AREA(#21512);
#21512 = FILL_AREA_STYLE('',(#21513));
#21513 = FILL_AREA_STYLE_COLOUR('',#19568);
#21514 = OVER_RIDING_STYLED_ITEM('overriding color',(#21515),#12435,
  #19455);
#21515 = PRESENTATION_STYLE_ASSIGNMENT((#21516));
#21516 = SURFACE_STYLE_USAGE(.BOTH.,#21517);
#21517 = SURFACE_SIDE_STYLE('',(#21518));
#21518 = SURFACE_STYLE_FILL_AREA(#21519);
#21519 = FILL_AREA_STYLE('',(#21520));
#21520 = FILL_AREA_STYLE_COLOUR('',#19568);
#21521 = OVER_RIDING_STYLED_ITEM('overriding color',(#21522),#12460,
  #19455);
#21522 = PRESENTATION_STYLE_ASSIGNMENT((#21523));
#21523 = SURFACE_STYLE_USAGE(.BOTH.,#21524);
#21524 = SURFACE_SIDE_STYLE('',(#21525));
#21525 = SURFACE_STYLE_FILL_AREA(#21526);
#21526 = FILL_AREA_STYLE('',(#21527));
#21527 = FILL_AREA_STYLE_COLOUR('',#19568);
#21528 = OVER_RIDING_STYLED_ITEM('overriding color',(#21529),#12484,
  #19455);
#21529 = PRESENTATION_STYLE_ASSIGNMENT((#21530));
#21530 = SURFACE_STYLE_USAGE(.BOTH.,#21531);
#21531 = SURFACE_SIDE_STYLE('',(#21532));
#21532 = SURFACE_STYLE_FILL_AREA(#21533);
#21533 = FILL_AREA_STYLE('',(#21534));
#21534 = FILL_AREA_STYLE_COLOUR('',#19568);
#21535 = OVER_RIDING_STYLED_ITEM('overriding color',(#21536),#12509,
  #19455);
#21536 = PRESENTATION_STYLE_ASSIGNMENT((#21537));
#21537 = SURFACE_STYLE_USAGE(.BOTH.,#21538);
#21538 = SURFACE_SIDE_STYLE('',(#21539));
#21539 = SURFACE_STYLE_FILL_AREA(#21540);
#21540 = FILL_AREA_STYLE('',(#21541));
#21541 = FILL_AREA_STYLE_COLOUR('',#19568);
#21542 = OVER_RIDING_STYLED_ITEM('overriding color',(#21543),#12526,
  #19455);
#21543 = PRESENTATION_STYLE_ASSIGNMENT((#21544));
#21544 = SURFACE_STYLE_USAGE(.BOTH.,#21545);
#21545 = SURFACE_SIDE_STYLE('',(#21546));
#21546 = SURFACE_STYLE_FILL_AREA(#21547);
#21547 = FILL_AREA_STYLE('',(#21548));
#21548 = FILL_AREA_STYLE_COLOUR('',#19568);
#21549 = OVER_RIDING_STYLED_ITEM('overriding color',(#21550),#12551,
  #19455);
#21550 = PRESENTATION_STYLE_ASSIGNMENT((#21551));
#21551 = SURFACE_STYLE_USAGE(.BOTH.,#21552);
#21552 = SURFACE_SIDE_STYLE('',(#21553));
#21553 = SURFACE_STYLE_FILL_AREA(#21554);
#21554 = FILL_AREA_STYLE('',(#21555));
#21555 = FILL_AREA_STYLE_COLOUR('',#19568);
#21556 = OVER_RIDING_STYLED_ITEM('overriding color',(#21557),#12575,
  #19455);
#21557 = PRESENTATION_STYLE_ASSIGNMENT((#21558));
#21558 = SURFACE_STYLE_USAGE(.BOTH.,#21559);
#21559 = SURFACE_SIDE_STYLE('',(#21560));
#21560 = SURFACE_STYLE_FILL_AREA(#21561);
#21561 = FILL_AREA_STYLE('',(#21562));
#21562 = FILL_AREA_STYLE_COLOUR('',#19568);
#21563 = OVER_RIDING_STYLED_ITEM('overriding color',(#21564),#12600,
  #19455);
#21564 = PRESENTATION_STYLE_ASSIGNMENT((#21565));
#21565 = SURFACE_STYLE_USAGE(.BOTH.,#21566);
#21566 = SURFACE_SIDE_STYLE('',(#21567));
#21567 = SURFACE_STYLE_FILL_AREA(#21568);
#21568 = FILL_AREA_STYLE('',(#21569));
#21569 = FILL_AREA_STYLE_COLOUR('',#19568);
#21570 = OVER_RIDING_STYLED_ITEM('overriding color',(#21571),#12617,
  #19455);
#21571 = PRESENTATION_STYLE_ASSIGNMENT((#21572));
#21572 = SURFACE_STYLE_USAGE(.BOTH.,#21573);
#21573 = SURFACE_SIDE_STYLE('',(#21574));
#21574 = SURFACE_STYLE_FILL_AREA(#21575);
#21575 = FILL_AREA_STYLE('',(#21576));
#21576 = FILL_AREA_STYLE_COLOUR('',#19568);
#21577 = OVER_RIDING_STYLED_ITEM('overriding color',(#21578),#12642,
  #19455);
#21578 = PRESENTATION_STYLE_ASSIGNMENT((#21579));
#21579 = SURFACE_STYLE_USAGE(.BOTH.,#21580);
#21580 = SURFACE_SIDE_STYLE('',(#21581));
#21581 = SURFACE_STYLE_FILL_AREA(#21582);
#21582 = FILL_AREA_STYLE('',(#21583));
#21583 = FILL_AREA_STYLE_COLOUR('',#19568);
#21584 = OVER_RIDING_STYLED_ITEM('overriding color',(#21585),#12666,
  #19455);
#21585 = PRESENTATION_STYLE_ASSIGNMENT((#21586));
#21586 = SURFACE_STYLE_USAGE(.BOTH.,#21587);
#21587 = SURFACE_SIDE_STYLE('',(#21588));
#21588 = SURFACE_STYLE_FILL_AREA(#21589);
#21589 = FILL_AREA_STYLE('',(#21590));
#21590 = FILL_AREA_STYLE_COLOUR('',#19568);
#21591 = OVER_RIDING_STYLED_ITEM('overriding color',(#21592),#12691,
  #19455);
#21592 = PRESENTATION_STYLE_ASSIGNMENT((#21593));
#21593 = SURFACE_STYLE_USAGE(.BOTH.,#21594);
#21594 = SURFACE_SIDE_STYLE('',(#21595));
#21595 = SURFACE_STYLE_FILL_AREA(#21596);
#21596 = FILL_AREA_STYLE('',(#21597));
#21597 = FILL_AREA_STYLE_COLOUR('',#19568);
#21598 = OVER_RIDING_STYLED_ITEM('overriding color',(#21599),#12708,
  #19455);
#21599 = PRESENTATION_STYLE_ASSIGNMENT((#21600));
#21600 = SURFACE_STYLE_USAGE(.BOTH.,#21601);
#21601 = SURFACE_SIDE_STYLE('',(#21602));
#21602 = SURFACE_STYLE_FILL_AREA(#21603);
#21603 = FILL_AREA_STYLE('',(#21604));
#21604 = FILL_AREA_STYLE_COLOUR('',#19568);
#21605 = OVER_RIDING_STYLED_ITEM('overriding color',(#21606),#12733,
  #19455);
#21606 = PRESENTATION_STYLE_ASSIGNMENT((#21607));
#21607 = SURFACE_STYLE_USAGE(.BOTH.,#21608);
#21608 = SURFACE_SIDE_STYLE('',(#21609));
#21609 = SURFACE_STYLE_FILL_AREA(#21610);
#21610 = FILL_AREA_STYLE('',(#21611));
#21611 = FILL_AREA_STYLE_COLOUR('',#19568);
#21612 = OVER_RIDING_STYLED_ITEM('overriding color',(#21613),#12757,
  #19455);
#21613 = PRESENTATION_STYLE_ASSIGNMENT((#21614));
#21614 = SURFACE_STYLE_USAGE(.BOTH.,#21615);
#21615 = SURFACE_SIDE_STYLE('',(#21616));
#21616 = SURFACE_STYLE_FILL_AREA(#21617);
#21617 = FILL_AREA_STYLE('',(#21618));
#21618 = FILL_AREA_STYLE_COLOUR('',#19568);
#21619 = OVER_RIDING_STYLED_ITEM('overriding color',(#21620),#12782,
  #19455);
#21620 = PRESENTATION_STYLE_ASSIGNMENT((#21621));
#21621 = SURFACE_STYLE_USAGE(.BOTH.,#21622);
#21622 = SURFACE_SIDE_STYLE('',(#21623));
#21623 = SURFACE_STYLE_FILL_AREA(#21624);
#21624 = FILL_AREA_STYLE('',(#21625));
#21625 = FILL_AREA_STYLE_COLOUR('',#19568);
#21626 = OVER_RIDING_STYLED_ITEM('overriding color',(#21627),#12799,
  #19455);
#21627 = PRESENTATION_STYLE_ASSIGNMENT((#21628));
#21628 = SURFACE_STYLE_USAGE(.BOTH.,#21629);
#21629 = SURFACE_SIDE_STYLE('',(#21630));
#21630 = SURFACE_STYLE_FILL_AREA(#21631);
#21631 = FILL_AREA_STYLE('',(#21632));
#21632 = FILL_AREA_STYLE_COLOUR('',#19568);
#21633 = OVER_RIDING_STYLED_ITEM('overriding color',(#21634),#12824,
  #19455);
#21634 = PRESENTATION_STYLE_ASSIGNMENT((#21635));
#21635 = SURFACE_STYLE_USAGE(.BOTH.,#21636);
#21636 = SURFACE_SIDE_STYLE('',(#21637));
#21637 = SURFACE_STYLE_FILL_AREA(#21638);
#21638 = FILL_AREA_STYLE('',(#21639));
#21639 = FILL_AREA_STYLE_COLOUR('',#19568);
#21640 = OVER_RIDING_STYLED_ITEM('overriding color',(#21641),#12848,
  #19455);
#21641 = PRESENTATION_STYLE_ASSIGNMENT((#21642));
#21642 = SURFACE_STYLE_USAGE(.BOTH.,#21643);
#21643 = SURFACE_SIDE_STYLE('',(#21644));
#21644 = SURFACE_STYLE_FILL_AREA(#21645);
#21645 = FILL_AREA_STYLE('',(#21646));
#21646 = FILL_AREA_STYLE_COLOUR('',#19568);
#21647 = OVER_RIDING_STYLED_ITEM('overriding color',(#21648),#12873,
  #19455);
#21648 = PRESENTATION_STYLE_ASSIGNMENT((#21649));
#21649 = SURFACE_STYLE_USAGE(.BOTH.,#21650);
#21650 = SURFACE_SIDE_STYLE('',(#21651));
#21651 = SURFACE_STYLE_FILL_AREA(#21652);
#21652 = FILL_AREA_STYLE('',(#21653));
#21653 = FILL_AREA_STYLE_COLOUR('',#19568);
#21654 = OVER_RIDING_STYLED_ITEM('overriding color',(#21655),#12890,
  #19455);
#21655 = PRESENTATION_STYLE_ASSIGNMENT((#21656));
#21656 = SURFACE_STYLE_USAGE(.BOTH.,#21657);
#21657 = SURFACE_SIDE_STYLE('',(#21658));
#21658 = SURFACE_STYLE_FILL_AREA(#21659);
#21659 = FILL_AREA_STYLE('',(#21660));
#21660 = FILL_AREA_STYLE_COLOUR('',#19568);
#21661 = OVER_RIDING_STYLED_ITEM('overriding color',(#21662),#12915,
  #19455);
#21662 = PRESENTATION_STYLE_ASSIGNMENT((#21663));
#21663 = SURFACE_STYLE_USAGE(.BOTH.,#21664);
#21664 = SURFACE_SIDE_STYLE('',(#21665));
#21665 = SURFACE_STYLE_FILL_AREA(#21666);
#21666 = FILL_AREA_STYLE('',(#21667));
#21667 = FILL_AREA_STYLE_COLOUR('',#19568);
#21668 = OVER_RIDING_STYLED_ITEM('overriding color',(#21669),#12939,
  #19455);
#21669 = PRESENTATION_STYLE_ASSIGNMENT((#21670));
#21670 = SURFACE_STYLE_USAGE(.BOTH.,#21671);
#21671 = SURFACE_SIDE_STYLE('',(#21672));
#21672 = SURFACE_STYLE_FILL_AREA(#21673);
#21673 = FILL_AREA_STYLE('',(#21674));
#21674 = FILL_AREA_STYLE_COLOUR('',#19568);
#21675 = OVER_RIDING_STYLED_ITEM('overriding color',(#21676),#12964,
  #19455);
#21676 = PRESENTATION_STYLE_ASSIGNMENT((#21677));
#21677 = SURFACE_STYLE_USAGE(.BOTH.,#21678);
#21678 = SURFACE_SIDE_STYLE('',(#21679));
#21679 = SURFACE_STYLE_FILL_AREA(#21680);
#21680 = FILL_AREA_STYLE('',(#21681));
#21681 = FILL_AREA_STYLE_COLOUR('',#19568);
#21682 = OVER_RIDING_STYLED_ITEM('overriding color',(#21683),#12981,
  #19455);
#21683 = PRESENTATION_STYLE_ASSIGNMENT((#21684));
#21684 = SURFACE_STYLE_USAGE(.BOTH.,#21685);
#21685 = SURFACE_SIDE_STYLE('',(#21686));
#21686 = SURFACE_STYLE_FILL_AREA(#21687);
#21687 = FILL_AREA_STYLE('',(#21688));
#21688 = FILL_AREA_STYLE_COLOUR('',#19568);
#21689 = OVER_RIDING_STYLED_ITEM('overriding color',(#21690),#13006,
  #19455);
#21690 = PRESENTATION_STYLE_ASSIGNMENT((#21691));
#21691 = SURFACE_STYLE_USAGE(.BOTH.,#21692);
#21692 = SURFACE_SIDE_STYLE('',(#21693));
#21693 = SURFACE_STYLE_FILL_AREA(#21694);
#21694 = FILL_AREA_STYLE('',(#21695));
#21695 = FILL_AREA_STYLE_COLOUR('',#19568);
#21696 = OVER_RIDING_STYLED_ITEM('overriding color',(#21697),#13030,
  #19455);
#21697 = PRESENTATION_STYLE_ASSIGNMENT((#21698));
#21698 = SURFACE_STYLE_USAGE(.BOTH.,#21699);
#21699 = SURFACE_SIDE_STYLE('',(#21700));
#21700 = SURFACE_STYLE_FILL_AREA(#21701);
#21701 = FILL_AREA_STYLE('',(#21702));
#21702 = FILL_AREA_STYLE_COLOUR('',#19568);
#21703 = OVER_RIDING_STYLED_ITEM('overriding color',(#21704),#13055,
  #19455);
#21704 = PRESENTATION_STYLE_ASSIGNMENT((#21705));
#21705 = SURFACE_STYLE_USAGE(.BOTH.,#21706);
#21706 = SURFACE_SIDE_STYLE('',(#21707));
#21707 = SURFACE_STYLE_FILL_AREA(#21708);
#21708 = FILL_AREA_STYLE('',(#21709));
#21709 = FILL_AREA_STYLE_COLOUR('',#19568);
#21710 = OVER_RIDING_STYLED_ITEM('overriding color',(#21711),#13072,
  #19455);
#21711 = PRESENTATION_STYLE_ASSIGNMENT((#21712));
#21712 = SURFACE_STYLE_USAGE(.BOTH.,#21713);
#21713 = SURFACE_SIDE_STYLE('',(#21714));
#21714 = SURFACE_STYLE_FILL_AREA(#21715);
#21715 = FILL_AREA_STYLE('',(#21716));
#21716 = FILL_AREA_STYLE_COLOUR('',#19568);
#21717 = OVER_RIDING_STYLED_ITEM('overriding color',(#21718),#13097,
  #19455);
#21718 = PRESENTATION_STYLE_ASSIGNMENT((#21719));
#21719 = SURFACE_STYLE_USAGE(.BOTH.,#21720);
#21720 = SURFACE_SIDE_STYLE('',(#21721));
#21721 = SURFACE_STYLE_FILL_AREA(#21722);
#21722 = FILL_AREA_STYLE('',(#21723));
#21723 = FILL_AREA_STYLE_COLOUR('',#19568);
#21724 = OVER_RIDING_STYLED_ITEM('overriding color',(#21725),#13121,
  #19455);
#21725 = PRESENTATION_STYLE_ASSIGNMENT((#21726));
#21726 = SURFACE_STYLE_USAGE(.BOTH.,#21727);
#21727 = SURFACE_SIDE_STYLE('',(#21728));
#21728 = SURFACE_STYLE_FILL_AREA(#21729);
#21729 = FILL_AREA_STYLE('',(#21730));
#21730 = FILL_AREA_STYLE_COLOUR('',#19568);
#21731 = OVER_RIDING_STYLED_ITEM('overriding color',(#21732),#13146,
  #19455);
#21732 = PRESENTATION_STYLE_ASSIGNMENT((#21733));
#21733 = SURFACE_STYLE_USAGE(.BOTH.,#21734);
#21734 = SURFACE_SIDE_STYLE('',(#21735));
#21735 = SURFACE_STYLE_FILL_AREA(#21736);
#21736 = FILL_AREA_STYLE('',(#21737));
#21737 = FILL_AREA_STYLE_COLOUR('',#19568);
#21738 = OVER_RIDING_STYLED_ITEM('overriding color',(#21739),#13163,
  #19455);
#21739 = PRESENTATION_STYLE_ASSIGNMENT((#21740));
#21740 = SURFACE_STYLE_USAGE(.BOTH.,#21741);
#21741 = SURFACE_SIDE_STYLE('',(#21742));
#21742 = SURFACE_STYLE_FILL_AREA(#21743);
#21743 = FILL_AREA_STYLE('',(#21744));
#21744 = FILL_AREA_STYLE_COLOUR('',#19568);
#21745 = OVER_RIDING_STYLED_ITEM('overriding color',(#21746),#13188,
  #19455);
#21746 = PRESENTATION_STYLE_ASSIGNMENT((#21747));
#21747 = SURFACE_STYLE_USAGE(.BOTH.,#21748);
#21748 = SURFACE_SIDE_STYLE('',(#21749));
#21749 = SURFACE_STYLE_FILL_AREA(#21750);
#21750 = FILL_AREA_STYLE('',(#21751));
#21751 = FILL_AREA_STYLE_COLOUR('',#19568);
#21752 = OVER_RIDING_STYLED_ITEM('overriding color',(#21753),#13212,
  #19455);
#21753 = PRESENTATION_STYLE_ASSIGNMENT((#21754));
#21754 = SURFACE_STYLE_USAGE(.BOTH.,#21755);
#21755 = SURFACE_SIDE_STYLE('',(#21756));
#21756 = SURFACE_STYLE_FILL_AREA(#21757);
#21757 = FILL_AREA_STYLE('',(#21758));
#21758 = FILL_AREA_STYLE_COLOUR('',#19568);
#21759 = OVER_RIDING_STYLED_ITEM('overriding color',(#21760),#13237,
  #19455);
#21760 = PRESENTATION_STYLE_ASSIGNMENT((#21761));
#21761 = SURFACE_STYLE_USAGE(.BOTH.,#21762);
#21762 = SURFACE_SIDE_STYLE('',(#21763));
#21763 = SURFACE_STYLE_FILL_AREA(#21764);
#21764 = FILL_AREA_STYLE('',(#21765));
#21765 = FILL_AREA_STYLE_COLOUR('',#19568);
#21766 = OVER_RIDING_STYLED_ITEM('overriding color',(#21767),#13254,
  #19455);
#21767 = PRESENTATION_STYLE_ASSIGNMENT((#21768));
#21768 = SURFACE_STYLE_USAGE(.BOTH.,#21769);
#21769 = SURFACE_SIDE_STYLE('',(#21770));
#21770 = SURFACE_STYLE_FILL_AREA(#21771);
#21771 = FILL_AREA_STYLE('',(#21772));
#21772 = FILL_AREA_STYLE_COLOUR('',#19568);
#21773 = OVER_RIDING_STYLED_ITEM('overriding color',(#21774),#13279,
  #19455);
#21774 = PRESENTATION_STYLE_ASSIGNMENT((#21775));
#21775 = SURFACE_STYLE_USAGE(.BOTH.,#21776);
#21776 = SURFACE_SIDE_STYLE('',(#21777));
#21777 = SURFACE_STYLE_FILL_AREA(#21778);
#21778 = FILL_AREA_STYLE('',(#21779));
#21779 = FILL_AREA_STYLE_COLOUR('',#19568);
#21780 = OVER_RIDING_STYLED_ITEM('overriding color',(#21781),#13303,
  #19455);
#21781 = PRESENTATION_STYLE_ASSIGNMENT((#21782));
#21782 = SURFACE_STYLE_USAGE(.BOTH.,#21783);
#21783 = SURFACE_SIDE_STYLE('',(#21784));
#21784 = SURFACE_STYLE_FILL_AREA(#21785);
#21785 = FILL_AREA_STYLE('',(#21786));
#21786 = FILL_AREA_STYLE_COLOUR('',#19568);
#21787 = OVER_RIDING_STYLED_ITEM('overriding color',(#21788),#13328,
  #19455);
#21788 = PRESENTATION_STYLE_ASSIGNMENT((#21789));
#21789 = SURFACE_STYLE_USAGE(.BOTH.,#21790);
#21790 = SURFACE_SIDE_STYLE('',(#21791));
#21791 = SURFACE_STYLE_FILL_AREA(#21792);
#21792 = FILL_AREA_STYLE('',(#21793));
#21793 = FILL_AREA_STYLE_COLOUR('',#19568);
#21794 = OVER_RIDING_STYLED_ITEM('overriding color',(#21795),#13345,
  #19455);
#21795 = PRESENTATION_STYLE_ASSIGNMENT((#21796));
#21796 = SURFACE_STYLE_USAGE(.BOTH.,#21797);
#21797 = SURFACE_SIDE_STYLE('',(#21798));
#21798 = SURFACE_STYLE_FILL_AREA(#21799);
#21799 = FILL_AREA_STYLE('',(#21800));
#21800 = FILL_AREA_STYLE_COLOUR('',#19568);
#21801 = OVER_RIDING_STYLED_ITEM('overriding color',(#21802),#13370,
  #19455);
#21802 = PRESENTATION_STYLE_ASSIGNMENT((#21803));
#21803 = SURFACE_STYLE_USAGE(.BOTH.,#21804);
#21804 = SURFACE_SIDE_STYLE('',(#21805));
#21805 = SURFACE_STYLE_FILL_AREA(#21806);
#21806 = FILL_AREA_STYLE('',(#21807));
#21807 = FILL_AREA_STYLE_COLOUR('',#19568);
#21808 = OVER_RIDING_STYLED_ITEM('overriding color',(#21809),#13394,
  #19455);
#21809 = PRESENTATION_STYLE_ASSIGNMENT((#21810));
#21810 = SURFACE_STYLE_USAGE(.BOTH.,#21811);
#21811 = SURFACE_SIDE_STYLE('',(#21812));
#21812 = SURFACE_STYLE_FILL_AREA(#21813);
#21813 = FILL_AREA_STYLE('',(#21814));
#21814 = FILL_AREA_STYLE_COLOUR('',#19568);
#21815 = OVER_RIDING_STYLED_ITEM('overriding color',(#21816),#13419,
  #19455);
#21816 = PRESENTATION_STYLE_ASSIGNMENT((#21817));
#21817 = SURFACE_STYLE_USAGE(.BOTH.,#21818);
#21818 = SURFACE_SIDE_STYLE('',(#21819));
#21819 = SURFACE_STYLE_FILL_AREA(#21820);
#21820 = FILL_AREA_STYLE('',(#21821));
#21821 = FILL_AREA_STYLE_COLOUR('',#19568);
#21822 = OVER_RIDING_STYLED_ITEM('overriding color',(#21823),#13436,
  #19455);
#21823 = PRESENTATION_STYLE_ASSIGNMENT((#21824));
#21824 = SURFACE_STYLE_USAGE(.BOTH.,#21825);
#21825 = SURFACE_SIDE_STYLE('',(#21826));
#21826 = SURFACE_STYLE_FILL_AREA(#21827);
#21827 = FILL_AREA_STYLE('',(#21828));
#21828 = FILL_AREA_STYLE_COLOUR('',#19568);
#21829 = OVER_RIDING_STYLED_ITEM('overriding color',(#21830),#13461,
  #19455);
#21830 = PRESENTATION_STYLE_ASSIGNMENT((#21831));
#21831 = SURFACE_STYLE_USAGE(.BOTH.,#21832);
#21832 = SURFACE_SIDE_STYLE('',(#21833));
#21833 = SURFACE_STYLE_FILL_AREA(#21834);
#21834 = FILL_AREA_STYLE('',(#21835));
#21835 = FILL_AREA_STYLE_COLOUR('',#19568);
#21836 = OVER_RIDING_STYLED_ITEM('overriding color',(#21837),#13485,
  #19455);
#21837 = PRESENTATION_STYLE_ASSIGNMENT((#21838));
#21838 = SURFACE_STYLE_USAGE(.BOTH.,#21839);
#21839 = SURFACE_SIDE_STYLE('',(#21840));
#21840 = SURFACE_STYLE_FILL_AREA(#21841);
#21841 = FILL_AREA_STYLE('',(#21842));
#21842 = FILL_AREA_STYLE_COLOUR('',#19568);
#21843 = OVER_RIDING_STYLED_ITEM('overriding color',(#21844),#13510,
  #19455);
#21844 = PRESENTATION_STYLE_ASSIGNMENT((#21845));
#21845 = SURFACE_STYLE_USAGE(.BOTH.,#21846);
#21846 = SURFACE_SIDE_STYLE('',(#21847));
#21847 = SURFACE_STYLE_FILL_AREA(#21848);
#21848 = FILL_AREA_STYLE('',(#21849));
#21849 = FILL_AREA_STYLE_COLOUR('',#19568);
#21850 = OVER_RIDING_STYLED_ITEM('overriding color',(#21851),#13527,
  #19455);
#21851 = PRESENTATION_STYLE_ASSIGNMENT((#21852));
#21852 = SURFACE_STYLE_USAGE(.BOTH.,#21853);
#21853 = SURFACE_SIDE_STYLE('',(#21854));
#21854 = SURFACE_STYLE_FILL_AREA(#21855);
#21855 = FILL_AREA_STYLE('',(#21856));
#21856 = FILL_AREA_STYLE_COLOUR('',#19568);
#21857 = OVER_RIDING_STYLED_ITEM('overriding color',(#21858),#13552,
  #19455);
#21858 = PRESENTATION_STYLE_ASSIGNMENT((#21859));
#21859 = SURFACE_STYLE_USAGE(.BOTH.,#21860);
#21860 = SURFACE_SIDE_STYLE('',(#21861));
#21861 = SURFACE_STYLE_FILL_AREA(#21862);
#21862 = FILL_AREA_STYLE('',(#21863));
#21863 = FILL_AREA_STYLE_COLOUR('',#19568);
#21864 = OVER_RIDING_STYLED_ITEM('overriding color',(#21865),#13576,
  #19455);
#21865 = PRESENTATION_STYLE_ASSIGNMENT((#21866));
#21866 = SURFACE_STYLE_USAGE(.BOTH.,#21867);
#21867 = SURFACE_SIDE_STYLE('',(#21868));
#21868 = SURFACE_STYLE_FILL_AREA(#21869);
#21869 = FILL_AREA_STYLE('',(#21870));
#21870 = FILL_AREA_STYLE_COLOUR('',#19568);
#21871 = OVER_RIDING_STYLED_ITEM('overriding color',(#21872),#13601,
  #19455);
#21872 = PRESENTATION_STYLE_ASSIGNMENT((#21873));
#21873 = SURFACE_STYLE_USAGE(.BOTH.,#21874);
#21874 = SURFACE_SIDE_STYLE('',(#21875));
#21875 = SURFACE_STYLE_FILL_AREA(#21876);
#21876 = FILL_AREA_STYLE('',(#21877));
#21877 = FILL_AREA_STYLE_COLOUR('',#19568);
#21878 = OVER_RIDING_STYLED_ITEM('overriding color',(#21879),#13618,
  #19455);
#21879 = PRESENTATION_STYLE_ASSIGNMENT((#21880));
#21880 = SURFACE_STYLE_USAGE(.BOTH.,#21881);
#21881 = SURFACE_SIDE_STYLE('',(#21882));
#21882 = SURFACE_STYLE_FILL_AREA(#21883);
#21883 = FILL_AREA_STYLE('',(#21884));
#21884 = FILL_AREA_STYLE_COLOUR('',#19568);
#21885 = OVER_RIDING_STYLED_ITEM('overriding color',(#21886),#13643,
  #19455);
#21886 = PRESENTATION_STYLE_ASSIGNMENT((#21887));
#21887 = SURFACE_STYLE_USAGE(.BOTH.,#21888);
#21888 = SURFACE_SIDE_STYLE('',(#21889));
#21889 = SURFACE_STYLE_FILL_AREA(#21890);
#21890 = FILL_AREA_STYLE('',(#21891));
#21891 = FILL_AREA_STYLE_COLOUR('',#19560);
#21892 = OVER_RIDING_STYLED_ITEM('overriding color',(#21893),#13668,
  #19455);
#21893 = PRESENTATION_STYLE_ASSIGNMENT((#21894));
#21894 = SURFACE_STYLE_USAGE(.BOTH.,#21895);
#21895 = SURFACE_SIDE_STYLE('',(#21896));
#21896 = SURFACE_STYLE_FILL_AREA(#21897);
#21897 = FILL_AREA_STYLE('',(#21898));
#21898 = FILL_AREA_STYLE_COLOUR('',#20249);
#21899 = OVER_RIDING_STYLED_ITEM('overriding color',(#21900),#13680,
  #19455);
#21900 = PRESENTATION_STYLE_ASSIGNMENT((#21901));
#21901 = SURFACE_STYLE_USAGE(.BOTH.,#21902);
#21902 = SURFACE_SIDE_STYLE('',(#21903));
#21903 = SURFACE_STYLE_FILL_AREA(#21904);
#21904 = FILL_AREA_STYLE('',(#21905));
#21905 = FILL_AREA_STYLE_COLOUR('',#20278);
#21906 = OVER_RIDING_STYLED_ITEM('overriding color',(#21907),#13692,
  #19455);
#21907 = PRESENTATION_STYLE_ASSIGNMENT((#21908));
#21908 = SURFACE_STYLE_USAGE(.BOTH.,#21909);
#21909 = SURFACE_SIDE_STYLE('',(#21910));
#21910 = SURFACE_STYLE_FILL_AREA(#21911);
#21911 = FILL_AREA_STYLE('',(#21912));
#21912 = FILL_AREA_STYLE_COLOUR('',#19560);
#21913 = OVER_RIDING_STYLED_ITEM('overriding color',(#21914),#13717,
  #19455);
#21914 = PRESENTATION_STYLE_ASSIGNMENT((#21915));
#21915 = SURFACE_STYLE_USAGE(.BOTH.,#21916);
#21916 = SURFACE_SIDE_STYLE('',(#21917));
#21917 = SURFACE_STYLE_FILL_AREA(#21918);
#21918 = FILL_AREA_STYLE('',(#21919));
#21919 = FILL_AREA_STYLE_COLOUR('',#20278);
#21920 = OVER_RIDING_STYLED_ITEM('overriding color',(#21921),#13729,
  #19455);
#21921 = PRESENTATION_STYLE_ASSIGNMENT((#21922));
#21922 = SURFACE_STYLE_USAGE(.BOTH.,#21923);
#21923 = SURFACE_SIDE_STYLE('',(#21924));
#21924 = SURFACE_STYLE_FILL_AREA(#21925);
#21925 = FILL_AREA_STYLE('',(#21926));
#21926 = FILL_AREA_STYLE_COLOUR('',#19560);
#21927 = OVER_RIDING_STYLED_ITEM('overriding color',(#21928),#13754,
  #19455);
#21928 = PRESENTATION_STYLE_ASSIGNMENT((#21929));
#21929 = SURFACE_STYLE_USAGE(.BOTH.,#21930);
#21930 = SURFACE_SIDE_STYLE('',(#21931));
#21931 = SURFACE_STYLE_FILL_AREA(#21932);
#21932 = FILL_AREA_STYLE('',(#21933));
#21933 = FILL_AREA_STYLE_COLOUR('',#20349);
#21934 = OVER_RIDING_STYLED_ITEM('overriding color',(#21935),#13802,
  #19455);
#21935 = PRESENTATION_STYLE_ASSIGNMENT((#21936));
#21936 = SURFACE_STYLE_USAGE(.BOTH.,#21937);
#21937 = SURFACE_SIDE_STYLE('',(#21938));
#21938 = SURFACE_STYLE_FILL_AREA(#21939);
#21939 = FILL_AREA_STYLE('',(#21940));
#21940 = FILL_AREA_STYLE_COLOUR('',#20378);
#21941 = OVER_RIDING_STYLED_ITEM('overriding color',(#21942),#13814,
  #19455);
#21942 = PRESENTATION_STYLE_ASSIGNMENT((#21943));
#21943 = SURFACE_STYLE_USAGE(.BOTH.,#21944);
#21944 = SURFACE_SIDE_STYLE('',(#21945));
#21945 = SURFACE_STYLE_FILL_AREA(#21946);
#21946 = FILL_AREA_STYLE('',(#21947));
#21947 = FILL_AREA_STYLE_COLOUR('',#20407);
#21948 = OVER_RIDING_STYLED_ITEM('overriding color',(#21949),#13826,
  #19455);
#21949 = PRESENTATION_STYLE_ASSIGNMENT((#21950));
#21950 = SURFACE_STYLE_USAGE(.BOTH.,#21951);
#21951 = SURFACE_SIDE_STYLE('',(#21952));
#21952 = SURFACE_STYLE_FILL_AREA(#21953);
#21953 = FILL_AREA_STYLE('',(#21954));
#21954 = FILL_AREA_STYLE_COLOUR('',#20278);
#21955 = OVER_RIDING_STYLED_ITEM('overriding color',(#21956),#13838,
  #19455);
#21956 = PRESENTATION_STYLE_ASSIGNMENT((#21957));
#21957 = SURFACE_STYLE_USAGE(.BOTH.,#21958);
#21958 = SURFACE_SIDE_STYLE('',(#21959));
#21959 = SURFACE_STYLE_FILL_AREA(#21960);
#21960 = FILL_AREA_STYLE('',(#21961));
#21961 = FILL_AREA_STYLE_COLOUR('',#20378);
#21962 = OVER_RIDING_STYLED_ITEM('overriding color',(#21963),#13850,
  #19455);
#21963 = PRESENTATION_STYLE_ASSIGNMENT((#21964));
#21964 = SURFACE_STYLE_USAGE(.BOTH.,#21965);
#21965 = SURFACE_SIDE_STYLE('',(#21966));
#21966 = SURFACE_STYLE_FILL_AREA(#21967);
#21967 = FILL_AREA_STYLE('',(#21968));
#21968 = FILL_AREA_STYLE_COLOUR('',#20278);
#21969 = OVER_RIDING_STYLED_ITEM('overriding color',(#21970),#13862,
  #19455);
#21970 = PRESENTATION_STYLE_ASSIGNMENT((#21971));
#21971 = SURFACE_STYLE_USAGE(.BOTH.,#21972);
#21972 = SURFACE_SIDE_STYLE('',(#21973));
#21973 = SURFACE_STYLE_FILL_AREA(#21974);
#21974 = FILL_AREA_STYLE('',(#21975));
#21975 = FILL_AREA_STYLE_COLOUR('',#20407);
#21976 = OVER_RIDING_STYLED_ITEM('overriding color',(#21977),#13874,
  #19455);
#21977 = PRESENTATION_STYLE_ASSIGNMENT((#21978));
#21978 = SURFACE_STYLE_USAGE(.BOTH.,#21979);
#21979 = SURFACE_SIDE_STYLE('',(#21980));
#21980 = SURFACE_STYLE_FILL_AREA(#21981);
#21981 = FILL_AREA_STYLE('',(#21982));
#21982 = FILL_AREA_STYLE_COLOUR('',#19863);
#21983 = OVER_RIDING_STYLED_ITEM('overriding color',(#21984),#13886,
  #19455);
#21984 = PRESENTATION_STYLE_ASSIGNMENT((#21985));
#21985 = SURFACE_STYLE_USAGE(.BOTH.,#21986);
#21986 = SURFACE_SIDE_STYLE('',(#21987));
#21987 = SURFACE_STYLE_FILL_AREA(#21988);
#21988 = FILL_AREA_STYLE('',(#21989));
#21989 = FILL_AREA_STYLE_COLOUR('',#19863);
#21990 = OVER_RIDING_STYLED_ITEM('overriding color',(#21991),#13898,
  #19455);
#21991 = PRESENTATION_STYLE_ASSIGNMENT((#21992));
#21992 = SURFACE_STYLE_USAGE(.BOTH.,#21993);
#21993 = SURFACE_SIDE_STYLE('',(#21994));
#21994 = SURFACE_STYLE_FILL_AREA(#21995);
#21995 = FILL_AREA_STYLE('',(#21996));
#21996 = FILL_AREA_STYLE_COLOUR('',#19560);
#21997 = OVER_RIDING_STYLED_ITEM('overriding color',(#21998),#13923,
  #19455);
#21998 = PRESENTATION_STYLE_ASSIGNMENT((#21999));
#21999 = SURFACE_STYLE_USAGE(.BOTH.,#22000);
#22000 = SURFACE_SIDE_STYLE('',(#22001));
#22001 = SURFACE_STYLE_FILL_AREA(#22002);
#22002 = FILL_AREA_STYLE('',(#22003));
#22003 = FILL_AREA_STYLE_COLOUR('',#19568);
#22004 = OVER_RIDING_STYLED_ITEM('overriding color',(#22005),#13940,
  #19455);
#22005 = PRESENTATION_STYLE_ASSIGNMENT((#22006));
#22006 = SURFACE_STYLE_USAGE(.BOTH.,#22007);
#22007 = SURFACE_SIDE_STYLE('',(#22008));
#22008 = SURFACE_STYLE_FILL_AREA(#22009);
#22009 = FILL_AREA_STYLE('',(#22010));
#22010 = FILL_AREA_STYLE_COLOUR('',#19568);
#22011 = OVER_RIDING_STYLED_ITEM('overriding color',(#22012),#13957,
  #19455);
#22012 = PRESENTATION_STYLE_ASSIGNMENT((#22013));
#22013 = SURFACE_STYLE_USAGE(.BOTH.,#22014);
#22014 = SURFACE_SIDE_STYLE('',(#22015));
#22015 = SURFACE_STYLE_FILL_AREA(#22016);
#22016 = FILL_AREA_STYLE('',(#22017));
#22017 = FILL_AREA_STYLE_COLOUR('',#19568);
#22018 = OVER_RIDING_STYLED_ITEM('overriding color',(#22019),#13976,
  #19455);
#22019 = PRESENTATION_STYLE_ASSIGNMENT((#22020));
#22020 = SURFACE_STYLE_USAGE(.BOTH.,#22021);
#22021 = SURFACE_SIDE_STYLE('',(#22022));
#22022 = SURFACE_STYLE_FILL_AREA(#22023);
#22023 = FILL_AREA_STYLE('',(#22024));
#22024 = FILL_AREA_STYLE_COLOUR('',#19568);
#22025 = OVER_RIDING_STYLED_ITEM('overriding color',(#22026),#13993,
  #19455);
#22026 = PRESENTATION_STYLE_ASSIGNMENT((#22027));
#22027 = SURFACE_STYLE_USAGE(.BOTH.,#22028);
#22028 = SURFACE_SIDE_STYLE('',(#22029));
#22029 = SURFACE_STYLE_FILL_AREA(#22030);
#22030 = FILL_AREA_STYLE('',(#22031));
#22031 = FILL_AREA_STYLE_COLOUR('',#19568);
#22032 = OVER_RIDING_STYLED_ITEM('overriding color',(#22033),#14010,
  #19455);
#22033 = PRESENTATION_STYLE_ASSIGNMENT((#22034));
#22034 = SURFACE_STYLE_USAGE(.BOTH.,#22035);
#22035 = SURFACE_SIDE_STYLE('',(#22036));
#22036 = SURFACE_STYLE_FILL_AREA(#22037);
#22037 = FILL_AREA_STYLE('',(#22038));
#22038 = FILL_AREA_STYLE_COLOUR('',#19568);
#22039 = OVER_RIDING_STYLED_ITEM('overriding color',(#22040),#14027,
  #19455);
#22040 = PRESENTATION_STYLE_ASSIGNMENT((#22041));
#22041 = SURFACE_STYLE_USAGE(.BOTH.,#22042);
#22042 = SURFACE_SIDE_STYLE('',(#22043));
#22043 = SURFACE_STYLE_FILL_AREA(#22044);
#22044 = FILL_AREA_STYLE('',(#22045));
#22045 = FILL_AREA_STYLE_COLOUR('',#19568);
#22046 = OVER_RIDING_STYLED_ITEM('overriding color',(#22047),#14044,
  #19455);
#22047 = PRESENTATION_STYLE_ASSIGNMENT((#22048));
#22048 = SURFACE_STYLE_USAGE(.BOTH.,#22049);
#22049 = SURFACE_SIDE_STYLE('',(#22050));
#22050 = SURFACE_STYLE_FILL_AREA(#22051);
#22051 = FILL_AREA_STYLE('',(#22052));
#22052 = FILL_AREA_STYLE_COLOUR('',#19568);
#22053 = OVER_RIDING_STYLED_ITEM('overriding color',(#22054),#14063,
  #19455);
#22054 = PRESENTATION_STYLE_ASSIGNMENT((#22055));
#22055 = SURFACE_STYLE_USAGE(.BOTH.,#22056);
#22056 = SURFACE_SIDE_STYLE('',(#22057));
#22057 = SURFACE_STYLE_FILL_AREA(#22058);
#22058 = FILL_AREA_STYLE('',(#22059));
#22059 = FILL_AREA_STYLE_COLOUR('',#19568);
#22060 = OVER_RIDING_STYLED_ITEM('overriding color',(#22061),#14080,
  #19455);
#22061 = PRESENTATION_STYLE_ASSIGNMENT((#22062));
#22062 = SURFACE_STYLE_USAGE(.BOTH.,#22063);
#22063 = SURFACE_SIDE_STYLE('',(#22064));
#22064 = SURFACE_STYLE_FILL_AREA(#22065);
#22065 = FILL_AREA_STYLE('',(#22066));
#22066 = FILL_AREA_STYLE_COLOUR('',#19568);
#22067 = OVER_RIDING_STYLED_ITEM('overriding color',(#22068),#14097,
  #19455);
#22068 = PRESENTATION_STYLE_ASSIGNMENT((#22069));
#22069 = SURFACE_STYLE_USAGE(.BOTH.,#22070);
#22070 = SURFACE_SIDE_STYLE('',(#22071));
#22071 = SURFACE_STYLE_FILL_AREA(#22072);
#22072 = FILL_AREA_STYLE('',(#22073));
#22073 = FILL_AREA_STYLE_COLOUR('',#19568);
#22074 = OVER_RIDING_STYLED_ITEM('overriding color',(#22075),#14114,
  #19455);
#22075 = PRESENTATION_STYLE_ASSIGNMENT((#22076));
#22076 = SURFACE_STYLE_USAGE(.BOTH.,#22077);
#22077 = SURFACE_SIDE_STYLE('',(#22078));
#22078 = SURFACE_STYLE_FILL_AREA(#22079);
#22079 = FILL_AREA_STYLE('',(#22080));
#22080 = FILL_AREA_STYLE_COLOUR('',#19568);
#22081 = OVER_RIDING_STYLED_ITEM('overriding color',(#22082),#14131,
  #19455);
#22082 = PRESENTATION_STYLE_ASSIGNMENT((#22083));
#22083 = SURFACE_STYLE_USAGE(.BOTH.,#22084);
#22084 = SURFACE_SIDE_STYLE('',(#22085));
#22085 = SURFACE_STYLE_FILL_AREA(#22086);
#22086 = FILL_AREA_STYLE('',(#22087));
#22087 = FILL_AREA_STYLE_COLOUR('',#19568);
#22088 = OVER_RIDING_STYLED_ITEM('overriding color',(#22089),#14150,
  #19455);
#22089 = PRESENTATION_STYLE_ASSIGNMENT((#22090));
#22090 = SURFACE_STYLE_USAGE(.BOTH.,#22091);
#22091 = SURFACE_SIDE_STYLE('',(#22092));
#22092 = SURFACE_STYLE_FILL_AREA(#22093);
#22093 = FILL_AREA_STYLE('',(#22094));
#22094 = FILL_AREA_STYLE_COLOUR('',#19568);
#22095 = OVER_RIDING_STYLED_ITEM('overriding color',(#22096),#14167,
  #19455);
#22096 = PRESENTATION_STYLE_ASSIGNMENT((#22097));
#22097 = SURFACE_STYLE_USAGE(.BOTH.,#22098);
#22098 = SURFACE_SIDE_STYLE('',(#22099));
#22099 = SURFACE_STYLE_FILL_AREA(#22100);
#22100 = FILL_AREA_STYLE('',(#22101));
#22101 = FILL_AREA_STYLE_COLOUR('',#19568);
#22102 = OVER_RIDING_STYLED_ITEM('overriding color',(#22103),#14184,
  #19455);
#22103 = PRESENTATION_STYLE_ASSIGNMENT((#22104));
#22104 = SURFACE_STYLE_USAGE(.BOTH.,#22105);
#22105 = SURFACE_SIDE_STYLE('',(#22106));
#22106 = SURFACE_STYLE_FILL_AREA(#22107);
#22107 = FILL_AREA_STYLE('',(#22108));
#22108 = FILL_AREA_STYLE_COLOUR('',#19568);
#22109 = OVER_RIDING_STYLED_ITEM('overriding color',(#22110),#14201,
  #19455);
#22110 = PRESENTATION_STYLE_ASSIGNMENT((#22111));
#22111 = SURFACE_STYLE_USAGE(.BOTH.,#22112);
#22112 = SURFACE_SIDE_STYLE('',(#22113));
#22113 = SURFACE_STYLE_FILL_AREA(#22114);
#22114 = FILL_AREA_STYLE('',(#22115));
#22115 = FILL_AREA_STYLE_COLOUR('',#19568);
#22116 = OVER_RIDING_STYLED_ITEM('overriding color',(#22117),#14218,
  #19455);
#22117 = PRESENTATION_STYLE_ASSIGNMENT((#22118));
#22118 = SURFACE_STYLE_USAGE(.BOTH.,#22119);
#22119 = SURFACE_SIDE_STYLE('',(#22120));
#22120 = SURFACE_STYLE_FILL_AREA(#22121);
#22121 = FILL_AREA_STYLE('',(#22122));
#22122 = FILL_AREA_STYLE_COLOUR('',#19568);
#22123 = OVER_RIDING_STYLED_ITEM('overriding color',(#22124),#14237,
  #19455);
#22124 = PRESENTATION_STYLE_ASSIGNMENT((#22125));
#22125 = SURFACE_STYLE_USAGE(.BOTH.,#22126);
#22126 = SURFACE_SIDE_STYLE('',(#22127));
#22127 = SURFACE_STYLE_FILL_AREA(#22128);
#22128 = FILL_AREA_STYLE('',(#22129));
#22129 = FILL_AREA_STYLE_COLOUR('',#19568);
#22130 = OVER_RIDING_STYLED_ITEM('overriding color',(#22131),#14254,
  #19455);
#22131 = PRESENTATION_STYLE_ASSIGNMENT((#22132));
#22132 = SURFACE_STYLE_USAGE(.BOTH.,#22133);
#22133 = SURFACE_SIDE_STYLE('',(#22134));
#22134 = SURFACE_STYLE_FILL_AREA(#22135);
#22135 = FILL_AREA_STYLE('',(#22136));
#22136 = FILL_AREA_STYLE_COLOUR('',#19568);
#22137 = OVER_RIDING_STYLED_ITEM('overriding color',(#22138),#14271,
  #19455);
#22138 = PRESENTATION_STYLE_ASSIGNMENT((#22139));
#22139 = SURFACE_STYLE_USAGE(.BOTH.,#22140);
#22140 = SURFACE_SIDE_STYLE('',(#22141));
#22141 = SURFACE_STYLE_FILL_AREA(#22142);
#22142 = FILL_AREA_STYLE('',(#22143));
#22143 = FILL_AREA_STYLE_COLOUR('',#19568);
#22144 = OVER_RIDING_STYLED_ITEM('overriding color',(#22145),#14288,
  #19455);
#22145 = PRESENTATION_STYLE_ASSIGNMENT((#22146));
#22146 = SURFACE_STYLE_USAGE(.BOTH.,#22147);
#22147 = SURFACE_SIDE_STYLE('',(#22148));
#22148 = SURFACE_STYLE_FILL_AREA(#22149);
#22149 = FILL_AREA_STYLE('',(#22150));
#22150 = FILL_AREA_STYLE_COLOUR('',#19568);
#22151 = OVER_RIDING_STYLED_ITEM('overriding color',(#22152),#14305,
  #19455);
#22152 = PRESENTATION_STYLE_ASSIGNMENT((#22153));
#22153 = SURFACE_STYLE_USAGE(.BOTH.,#22154);
#22154 = SURFACE_SIDE_STYLE('',(#22155));
#22155 = SURFACE_STYLE_FILL_AREA(#22156);
#22156 = FILL_AREA_STYLE('',(#22157));
#22157 = FILL_AREA_STYLE_COLOUR('',#19568);
#22158 = OVER_RIDING_STYLED_ITEM('overriding color',(#22159),#14324,
  #19455);
#22159 = PRESENTATION_STYLE_ASSIGNMENT((#22160));
#22160 = SURFACE_STYLE_USAGE(.BOTH.,#22161);
#22161 = SURFACE_SIDE_STYLE('',(#22162));
#22162 = SURFACE_STYLE_FILL_AREA(#22163);
#22163 = FILL_AREA_STYLE('',(#22164));
#22164 = FILL_AREA_STYLE_COLOUR('',#19568);
#22165 = OVER_RIDING_STYLED_ITEM('overriding color',(#22166),#14341,
  #19455);
#22166 = PRESENTATION_STYLE_ASSIGNMENT((#22167));
#22167 = SURFACE_STYLE_USAGE(.BOTH.,#22168);
#22168 = SURFACE_SIDE_STYLE('',(#22169));
#22169 = SURFACE_STYLE_FILL_AREA(#22170);
#22170 = FILL_AREA_STYLE('',(#22171));
#22171 = FILL_AREA_STYLE_COLOUR('',#19568);
#22172 = OVER_RIDING_STYLED_ITEM('overriding color',(#22173),#14358,
  #19455);
#22173 = PRESENTATION_STYLE_ASSIGNMENT((#22174));
#22174 = SURFACE_STYLE_USAGE(.BOTH.,#22175);
#22175 = SURFACE_SIDE_STYLE('',(#22176));
#22176 = SURFACE_STYLE_FILL_AREA(#22177);
#22177 = FILL_AREA_STYLE('',(#22178));
#22178 = FILL_AREA_STYLE_COLOUR('',#19568);
#22179 = OVER_RIDING_STYLED_ITEM('overriding color',(#22180),#14375,
  #19455);
#22180 = PRESENTATION_STYLE_ASSIGNMENT((#22181));
#22181 = SURFACE_STYLE_USAGE(.BOTH.,#22182);
#22182 = SURFACE_SIDE_STYLE('',(#22183));
#22183 = SURFACE_STYLE_FILL_AREA(#22184);
#22184 = FILL_AREA_STYLE('',(#22185));
#22185 = FILL_AREA_STYLE_COLOUR('',#19568);
#22186 = OVER_RIDING_STYLED_ITEM('overriding color',(#22187),#14392,
  #19455);
#22187 = PRESENTATION_STYLE_ASSIGNMENT((#22188));
#22188 = SURFACE_STYLE_USAGE(.BOTH.,#22189);
#22189 = SURFACE_SIDE_STYLE('',(#22190));
#22190 = SURFACE_STYLE_FILL_AREA(#22191);
#22191 = FILL_AREA_STYLE('',(#22192));
#22192 = FILL_AREA_STYLE_COLOUR('',#19568);
#22193 = OVER_RIDING_STYLED_ITEM('overriding color',(#22194),#14411,
  #19455);
#22194 = PRESENTATION_STYLE_ASSIGNMENT((#22195));
#22195 = SURFACE_STYLE_USAGE(.BOTH.,#22196);
#22196 = SURFACE_SIDE_STYLE('',(#22197));
#22197 = SURFACE_STYLE_FILL_AREA(#22198);
#22198 = FILL_AREA_STYLE('',(#22199));
#22199 = FILL_AREA_STYLE_COLOUR('',#19568);
#22200 = OVER_RIDING_STYLED_ITEM('overriding color',(#22201),#14428,
  #19455);
#22201 = PRESENTATION_STYLE_ASSIGNMENT((#22202));
#22202 = SURFACE_STYLE_USAGE(.BOTH.,#22203);
#22203 = SURFACE_SIDE_STYLE('',(#22204));
#22204 = SURFACE_STYLE_FILL_AREA(#22205);
#22205 = FILL_AREA_STYLE('',(#22206));
#22206 = FILL_AREA_STYLE_COLOUR('',#19568);
#22207 = OVER_RIDING_STYLED_ITEM('overriding color',(#22208),#14445,
  #19455);
#22208 = PRESENTATION_STYLE_ASSIGNMENT((#22209));
#22209 = SURFACE_STYLE_USAGE(.BOTH.,#22210);
#22210 = SURFACE_SIDE_STYLE('',(#22211));
#22211 = SURFACE_STYLE_FILL_AREA(#22212);
#22212 = FILL_AREA_STYLE('',(#22213));
#22213 = FILL_AREA_STYLE_COLOUR('',#19568);
#22214 = OVER_RIDING_STYLED_ITEM('overriding color',(#22215),#14462,
  #19455);
#22215 = PRESENTATION_STYLE_ASSIGNMENT((#22216));
#22216 = SURFACE_STYLE_USAGE(.BOTH.,#22217);
#22217 = SURFACE_SIDE_STYLE('',(#22218));
#22218 = SURFACE_STYLE_FILL_AREA(#22219);
#22219 = FILL_AREA_STYLE('',(#22220));
#22220 = FILL_AREA_STYLE_COLOUR('',#19568);
#22221 = OVER_RIDING_STYLED_ITEM('overriding color',(#22222),#14479,
  #19455);
#22222 = PRESENTATION_STYLE_ASSIGNMENT((#22223));
#22223 = SURFACE_STYLE_USAGE(.BOTH.,#22224);
#22224 = SURFACE_SIDE_STYLE('',(#22225));
#22225 = SURFACE_STYLE_FILL_AREA(#22226);
#22226 = FILL_AREA_STYLE('',(#22227));
#22227 = FILL_AREA_STYLE_COLOUR('',#19568);
#22228 = OVER_RIDING_STYLED_ITEM('overriding color',(#22229),#14498,
  #19455);
#22229 = PRESENTATION_STYLE_ASSIGNMENT((#22230));
#22230 = SURFACE_STYLE_USAGE(.BOTH.,#22231);
#22231 = SURFACE_SIDE_STYLE('',(#22232));
#22232 = SURFACE_STYLE_FILL_AREA(#22233);
#22233 = FILL_AREA_STYLE('',(#22234));
#22234 = FILL_AREA_STYLE_COLOUR('',#19568);
#22235 = OVER_RIDING_STYLED_ITEM('overriding color',(#22236),#14515,
  #19455);
#22236 = PRESENTATION_STYLE_ASSIGNMENT((#22237));
#22237 = SURFACE_STYLE_USAGE(.BOTH.,#22238);
#22238 = SURFACE_SIDE_STYLE('',(#22239));
#22239 = SURFACE_STYLE_FILL_AREA(#22240);
#22240 = FILL_AREA_STYLE('',(#22241));
#22241 = FILL_AREA_STYLE_COLOUR('',#19568);
#22242 = OVER_RIDING_STYLED_ITEM('overriding color',(#22243),#14532,
  #19455);
#22243 = PRESENTATION_STYLE_ASSIGNMENT((#22244));
#22244 = SURFACE_STYLE_USAGE(.BOTH.,#22245);
#22245 = SURFACE_SIDE_STYLE('',(#22246));
#22246 = SURFACE_STYLE_FILL_AREA(#22247);
#22247 = FILL_AREA_STYLE('',(#22248));
#22248 = FILL_AREA_STYLE_COLOUR('',#19568);
#22249 = OVER_RIDING_STYLED_ITEM('overriding color',(#22250),#14549,
  #19455);
#22250 = PRESENTATION_STYLE_ASSIGNMENT((#22251));
#22251 = SURFACE_STYLE_USAGE(.BOTH.,#22252);
#22252 = SURFACE_SIDE_STYLE('',(#22253));
#22253 = SURFACE_STYLE_FILL_AREA(#22254);
#22254 = FILL_AREA_STYLE('',(#22255));
#22255 = FILL_AREA_STYLE_COLOUR('',#19568);
#22256 = OVER_RIDING_STYLED_ITEM('overriding color',(#22257),#14566,
  #19455);
#22257 = PRESENTATION_STYLE_ASSIGNMENT((#22258));
#22258 = SURFACE_STYLE_USAGE(.BOTH.,#22259);
#22259 = SURFACE_SIDE_STYLE('',(#22260));
#22260 = SURFACE_STYLE_FILL_AREA(#22261);
#22261 = FILL_AREA_STYLE('',(#22262));
#22262 = FILL_AREA_STYLE_COLOUR('',#19568);
#22263 = OVER_RIDING_STYLED_ITEM('overriding color',(#22264),#14585,
  #19455);
#22264 = PRESENTATION_STYLE_ASSIGNMENT((#22265));
#22265 = SURFACE_STYLE_USAGE(.BOTH.,#22266);
#22266 = SURFACE_SIDE_STYLE('',(#22267));
#22267 = SURFACE_STYLE_FILL_AREA(#22268);
#22268 = FILL_AREA_STYLE('',(#22269));
#22269 = FILL_AREA_STYLE_COLOUR('',#19568);
#22270 = OVER_RIDING_STYLED_ITEM('overriding color',(#22271),#14602,
  #19455);
#22271 = PRESENTATION_STYLE_ASSIGNMENT((#22272));
#22272 = SURFACE_STYLE_USAGE(.BOTH.,#22273);
#22273 = SURFACE_SIDE_STYLE('',(#22274));
#22274 = SURFACE_STYLE_FILL_AREA(#22275);
#22275 = FILL_AREA_STYLE('',(#22276));
#22276 = FILL_AREA_STYLE_COLOUR('',#19568);
#22277 = OVER_RIDING_STYLED_ITEM('overriding color',(#22278),#14619,
  #19455);
#22278 = PRESENTATION_STYLE_ASSIGNMENT((#22279));
#22279 = SURFACE_STYLE_USAGE(.BOTH.,#22280);
#22280 = SURFACE_SIDE_STYLE('',(#22281));
#22281 = SURFACE_STYLE_FILL_AREA(#22282);
#22282 = FILL_AREA_STYLE('',(#22283));
#22283 = FILL_AREA_STYLE_COLOUR('',#19568);
#22284 = OVER_RIDING_STYLED_ITEM('overriding color',(#22285),#14636,
  #19455);
#22285 = PRESENTATION_STYLE_ASSIGNMENT((#22286));
#22286 = SURFACE_STYLE_USAGE(.BOTH.,#22287);
#22287 = SURFACE_SIDE_STYLE('',(#22288));
#22288 = SURFACE_STYLE_FILL_AREA(#22289);
#22289 = FILL_AREA_STYLE('',(#22290));
#22290 = FILL_AREA_STYLE_COLOUR('',#19568);
#22291 = OVER_RIDING_STYLED_ITEM('overriding color',(#22292),#14655,
  #19455);
#22292 = PRESENTATION_STYLE_ASSIGNMENT((#22293));
#22293 = SURFACE_STYLE_USAGE(.BOTH.,#22294);
#22294 = SURFACE_SIDE_STYLE('',(#22295));
#22295 = SURFACE_STYLE_FILL_AREA(#22296);
#22296 = FILL_AREA_STYLE('',(#22297));
#22297 = FILL_AREA_STYLE_COLOUR('',#19568);
#22298 = OVER_RIDING_STYLED_ITEM('overriding color',(#22299),#14672,
  #19455);
#22299 = PRESENTATION_STYLE_ASSIGNMENT((#22300));
#22300 = SURFACE_STYLE_USAGE(.BOTH.,#22301);
#22301 = SURFACE_SIDE_STYLE('',(#22302));
#22302 = SURFACE_STYLE_FILL_AREA(#22303);
#22303 = FILL_AREA_STYLE('',(#22304));
#22304 = FILL_AREA_STYLE_COLOUR('',#19560);
#22305 = OVER_RIDING_STYLED_ITEM('overriding color',(#22306),#14684,
  #19455);
#22306 = PRESENTATION_STYLE_ASSIGNMENT((#22307));
#22307 = SURFACE_STYLE_USAGE(.BOTH.,#22308);
#22308 = SURFACE_SIDE_STYLE('',(#22309));
#22309 = SURFACE_STYLE_FILL_AREA(#22310);
#22310 = FILL_AREA_STYLE('',(#22311));
#22311 = FILL_AREA_STYLE_COLOUR('',#19560);
#22312 = OVER_RIDING_STYLED_ITEM('overriding color',(#22313),#14696,
  #19455);
#22313 = PRESENTATION_STYLE_ASSIGNMENT((#22314));
#22314 = SURFACE_STYLE_USAGE(.BOTH.,#22315);
#22315 = SURFACE_SIDE_STYLE('',(#22316));
#22316 = SURFACE_STYLE_FILL_AREA(#22317);
#22317 = FILL_AREA_STYLE('',(#22318));
#22318 = FILL_AREA_STYLE_COLOUR('',#19568);
#22319 = OVER_RIDING_STYLED_ITEM('overriding color',(#22320),#14712,
  #19455);
#22320 = PRESENTATION_STYLE_ASSIGNMENT((#22321));
#22321 = SURFACE_STYLE_USAGE(.BOTH.,#22322);
#22322 = SURFACE_SIDE_STYLE('',(#22323));
#22323 = SURFACE_STYLE_FILL_AREA(#22324);
#22324 = FILL_AREA_STYLE('',(#22325));
#22325 = FILL_AREA_STYLE_COLOUR('',#19560);
#22326 = OVER_RIDING_STYLED_ITEM('overriding color',(#22327),#14724,
  #19455);
#22327 = PRESENTATION_STYLE_ASSIGNMENT((#22328));
#22328 = SURFACE_STYLE_USAGE(.BOTH.,#22329);
#22329 = SURFACE_SIDE_STYLE('',(#22330));
#22330 = SURFACE_STYLE_FILL_AREA(#22331);
#22331 = FILL_AREA_STYLE('',(#22332));
#22332 = FILL_AREA_STYLE_COLOUR('',#19568);
#22333 = OVER_RIDING_STYLED_ITEM('overriding color',(#22334),#14740,
  #19455);
#22334 = PRESENTATION_STYLE_ASSIGNMENT((#22335));
#22335 = SURFACE_STYLE_USAGE(.BOTH.,#22336);
#22336 = SURFACE_SIDE_STYLE('',(#22337));
#22337 = SURFACE_STYLE_FILL_AREA(#22338);
#22338 = FILL_AREA_STYLE('',(#22339));
#22339 = FILL_AREA_STYLE_COLOUR('',#19568);
#22340 = OVER_RIDING_STYLED_ITEM('overriding color',(#22341),#14756,
  #19455);
#22341 = PRESENTATION_STYLE_ASSIGNMENT((#22342));
#22342 = SURFACE_STYLE_USAGE(.BOTH.,#22343);
#22343 = SURFACE_SIDE_STYLE('',(#22344));
#22344 = SURFACE_STYLE_FILL_AREA(#22345);
#22345 = FILL_AREA_STYLE('',(#22346));
#22346 = FILL_AREA_STYLE_COLOUR('',#22347);
#22347 = COLOUR_RGB('',0.843137261657,0.843137261657,0.843137261657);
#22348 = OVER_RIDING_STYLED_ITEM('overriding color',(#22349),#14768,
  #19455);
#22349 = PRESENTATION_STYLE_ASSIGNMENT((#22350));
#22350 = SURFACE_STYLE_USAGE(.BOTH.,#22351);
#22351 = SURFACE_SIDE_STYLE('',(#22352));
#22352 = SURFACE_STYLE_FILL_AREA(#22353);
#22353 = FILL_AREA_STYLE('',(#22354));
#22354 = FILL_AREA_STYLE_COLOUR('',#22347);
#22355 = OVER_RIDING_STYLED_ITEM('overriding color',(#22356),#14780,
  #19455);
#22356 = PRESENTATION_STYLE_ASSIGNMENT((#22357));
#22357 = SURFACE_STYLE_USAGE(.BOTH.,#22358);
#22358 = SURFACE_SIDE_STYLE('',(#22359));
#22359 = SURFACE_STYLE_FILL_AREA(#22360);
#22360 = FILL_AREA_STYLE('',(#22361));
#22361 = FILL_AREA_STYLE_COLOUR('',#19568);
#22362 = OVER_RIDING_STYLED_ITEM('overriding color',(#22363),#14796,
  #19455);
#22363 = PRESENTATION_STYLE_ASSIGNMENT((#22364));
#22364 = SURFACE_STYLE_USAGE(.BOTH.,#22365);
#22365 = SURFACE_SIDE_STYLE('',(#22366));
#22366 = SURFACE_STYLE_FILL_AREA(#22367);
#22367 = FILL_AREA_STYLE('',(#22368));
#22368 = FILL_AREA_STYLE_COLOUR('',#19568);
#22369 = OVER_RIDING_STYLED_ITEM('overriding color',(#22370),#14812,
  #19455);
#22370 = PRESENTATION_STYLE_ASSIGNMENT((#22371));
#22371 = SURFACE_STYLE_USAGE(.BOTH.,#22372);
#22372 = SURFACE_SIDE_STYLE('',(#22373));
#22373 = SURFACE_STYLE_FILL_AREA(#22374);
#22374 = FILL_AREA_STYLE('',(#22375));
#22375 = FILL_AREA_STYLE_COLOUR('',#19568);
#22376 = OVER_RIDING_STYLED_ITEM('overriding color',(#22377),#14828,
  #19455);
#22377 = PRESENTATION_STYLE_ASSIGNMENT((#22378));
#22378 = SURFACE_STYLE_USAGE(.BOTH.,#22379);
#22379 = SURFACE_SIDE_STYLE('',(#22380));
#22380 = SURFACE_STYLE_FILL_AREA(#22381);
#22381 = FILL_AREA_STYLE('',(#22382));
#22382 = FILL_AREA_STYLE_COLOUR('',#22347);
#22383 = OVER_RIDING_STYLED_ITEM('overriding color',(#22384),#14840,
  #19455);
#22384 = PRESENTATION_STYLE_ASSIGNMENT((#22385));
#22385 = SURFACE_STYLE_USAGE(.BOTH.,#22386);
#22386 = SURFACE_SIDE_STYLE('',(#22387));
#22387 = SURFACE_STYLE_FILL_AREA(#22388);
#22388 = FILL_AREA_STYLE('',(#22389));
#22389 = FILL_AREA_STYLE_COLOUR('',#22347);
#22390 = OVER_RIDING_STYLED_ITEM('overriding color',(#22391),#14852,
  #19455);
#22391 = PRESENTATION_STYLE_ASSIGNMENT((#22392));
#22392 = SURFACE_STYLE_USAGE(.BOTH.,#22393);
#22393 = SURFACE_SIDE_STYLE('',(#22394));
#22394 = SURFACE_STYLE_FILL_AREA(#22395);
#22395 = FILL_AREA_STYLE('',(#22396));
#22396 = FILL_AREA_STYLE_COLOUR('',#19560);
#22397 = OVER_RIDING_STYLED_ITEM('overriding color',(#22398),#14864,
  #19455);
#22398 = PRESENTATION_STYLE_ASSIGNMENT((#22399));
#22399 = SURFACE_STYLE_USAGE(.BOTH.,#22400);
#22400 = SURFACE_SIDE_STYLE('',(#22401));
#22401 = SURFACE_STYLE_FILL_AREA(#22402);
#22402 = FILL_AREA_STYLE('',(#22403));
#22403 = FILL_AREA_STYLE_COLOUR('',#19863);
#22404 = OVER_RIDING_STYLED_ITEM('overriding color',(#22405),#14913,
  #19455);
#22405 = PRESENTATION_STYLE_ASSIGNMENT((#22406));
#22406 = SURFACE_STYLE_USAGE(.BOTH.,#22407);
#22407 = SURFACE_SIDE_STYLE('',(#22408));
#22408 = SURFACE_STYLE_FILL_AREA(#22409);
#22409 = FILL_AREA_STYLE('',(#22410));
#22410 = FILL_AREA_STYLE_COLOUR('',#19863);
#22411 = OVER_RIDING_STYLED_ITEM('overriding color',(#22412),#14955,
  #19455);
#22412 = PRESENTATION_STYLE_ASSIGNMENT((#22413));
#22413 = SURFACE_STYLE_USAGE(.BOTH.,#22414);
#22414 = SURFACE_SIDE_STYLE('',(#22415));
#22415 = SURFACE_STYLE_FILL_AREA(#22416);
#22416 = FILL_AREA_STYLE('',(#22417));
#22417 = FILL_AREA_STYLE_COLOUR('',#19863);
#22418 = OVER_RIDING_STYLED_ITEM('overriding color',(#22419),#14997,
  #19455);
#22419 = PRESENTATION_STYLE_ASSIGNMENT((#22420));
#22420 = SURFACE_STYLE_USAGE(.BOTH.,#22421);
#22421 = SURFACE_SIDE_STYLE('',(#22422));
#22422 = SURFACE_STYLE_FILL_AREA(#22423);
#22423 = FILL_AREA_STYLE('',(#22424));
#22424 = FILL_AREA_STYLE_COLOUR('',#19863);
#22425 = OVER_RIDING_STYLED_ITEM('overriding color',(#22426),#15037,
  #19455);
#22426 = PRESENTATION_STYLE_ASSIGNMENT((#22427));
#22427 = SURFACE_STYLE_USAGE(.BOTH.,#22428);
#22428 = SURFACE_SIDE_STYLE('',(#22429));
#22429 = SURFACE_STYLE_FILL_AREA(#22430);
#22430 = FILL_AREA_STYLE('',(#22431));
#22431 = FILL_AREA_STYLE_COLOUR('',#19863);
#22432 = OVER_RIDING_STYLED_ITEM('overriding color',(#22433),#15062,
  #19455);
#22433 = PRESENTATION_STYLE_ASSIGNMENT((#22434));
#22434 = SURFACE_STYLE_USAGE(.BOTH.,#22435);
#22435 = SURFACE_SIDE_STYLE('',(#22436));
#22436 = SURFACE_STYLE_FILL_AREA(#22437);
#22437 = FILL_AREA_STYLE('',(#22438));
#22438 = FILL_AREA_STYLE_COLOUR('',#19863);
#22439 = OVER_RIDING_STYLED_ITEM('overriding color',(#22440),#15086,
  #19455);
#22440 = PRESENTATION_STYLE_ASSIGNMENT((#22441));
#22441 = SURFACE_STYLE_USAGE(.BOTH.,#22442);
#22442 = SURFACE_SIDE_STYLE('',(#22443));
#22443 = SURFACE_STYLE_FILL_AREA(#22444);
#22444 = FILL_AREA_STYLE('',(#22445));
#22445 = FILL_AREA_STYLE_COLOUR('',#19863);
#22446 = OVER_RIDING_STYLED_ITEM('overriding color',(#22447),#15111,
  #19455);
#22447 = PRESENTATION_STYLE_ASSIGNMENT((#22448));
#22448 = SURFACE_STYLE_USAGE(.BOTH.,#22449);
#22449 = SURFACE_SIDE_STYLE('',(#22450));
#22450 = SURFACE_STYLE_FILL_AREA(#22451);
#22451 = FILL_AREA_STYLE('',(#22452));
#22452 = FILL_AREA_STYLE_COLOUR('',#19863);
#22453 = OVER_RIDING_STYLED_ITEM('overriding color',(#22454),#15167,
  #19455);
#22454 = PRESENTATION_STYLE_ASSIGNMENT((#22455));
#22455 = SURFACE_STYLE_USAGE(.BOTH.,#22456);
#22456 = SURFACE_SIDE_STYLE('',(#22457));
#22457 = SURFACE_STYLE_FILL_AREA(#22458);
#22458 = FILL_AREA_STYLE('',(#22459));
#22459 = FILL_AREA_STYLE_COLOUR('',#19863);
#22460 = OVER_RIDING_STYLED_ITEM('overriding color',(#22461),#15209,
  #19455);
#22461 = PRESENTATION_STYLE_ASSIGNMENT((#22462));
#22462 = SURFACE_STYLE_USAGE(.BOTH.,#22463);
#22463 = SURFACE_SIDE_STYLE('',(#22464));
#22464 = SURFACE_STYLE_FILL_AREA(#22465);
#22465 = FILL_AREA_STYLE('',(#22466));
#22466 = FILL_AREA_STYLE_COLOUR('',#19863);
#22467 = OVER_RIDING_STYLED_ITEM('overriding color',(#22468),#15250,
  #19455);
#22468 = PRESENTATION_STYLE_ASSIGNMENT((#22469));
#22469 = SURFACE_STYLE_USAGE(.BOTH.,#22470);
#22470 = SURFACE_SIDE_STYLE('',(#22471));
#22471 = SURFACE_STYLE_FILL_AREA(#22472);
#22472 = FILL_AREA_STYLE('',(#22473));
#22473 = FILL_AREA_STYLE_COLOUR('',#19863);
#22474 = OVER_RIDING_STYLED_ITEM('overriding color',(#22475),#15292,
  #19455);
#22475 = PRESENTATION_STYLE_ASSIGNMENT((#22476));
#22476 = SURFACE_STYLE_USAGE(.BOTH.,#22477);
#22477 = SURFACE_SIDE_STYLE('',(#22478));
#22478 = SURFACE_STYLE_FILL_AREA(#22479);
#22479 = FILL_AREA_STYLE('',(#22480));
#22480 = FILL_AREA_STYLE_COLOUR('',#19863);
#22481 = OVER_RIDING_STYLED_ITEM('overriding color',(#22482),#15327,
  #19455);
#22482 = PRESENTATION_STYLE_ASSIGNMENT((#22483));
#22483 = SURFACE_STYLE_USAGE(.BOTH.,#22484);
#22484 = SURFACE_SIDE_STYLE('',(#22485));
#22485 = SURFACE_STYLE_FILL_AREA(#22486);
#22486 = FILL_AREA_STYLE('',(#22487));
#22487 = FILL_AREA_STYLE_COLOUR('',#19863);
#22488 = OVER_RIDING_STYLED_ITEM('overriding color',(#22489),#15377,
  #19455);
#22489 = PRESENTATION_STYLE_ASSIGNMENT((#22490));
#22490 = SURFACE_STYLE_USAGE(.BOTH.,#22491);
#22491 = SURFACE_SIDE_STYLE('',(#22492));
#22492 = SURFACE_STYLE_FILL_AREA(#22493);
#22493 = FILL_AREA_STYLE('',(#22494));
#22494 = FILL_AREA_STYLE_COLOUR('',#19863);
#22495 = OVER_RIDING_STYLED_ITEM('overriding color',(#22496),#15426,
  #19455);
#22496 = PRESENTATION_STYLE_ASSIGNMENT((#22497));
#22497 = SURFACE_STYLE_USAGE(.BOTH.,#22498);
#22498 = SURFACE_SIDE_STYLE('',(#22499));
#22499 = SURFACE_STYLE_FILL_AREA(#22500);
#22500 = FILL_AREA_STYLE('',(#22501));
#22501 = FILL_AREA_STYLE_COLOUR('',#19863);
#22502 = OVER_RIDING_STYLED_ITEM('overriding color',(#22503),#15468,
  #19455);
#22503 = PRESENTATION_STYLE_ASSIGNMENT((#22504));
#22504 = SURFACE_STYLE_USAGE(.BOTH.,#22505);
#22505 = SURFACE_SIDE_STYLE('',(#22506));
#22506 = SURFACE_STYLE_FILL_AREA(#22507);
#22507 = FILL_AREA_STYLE('',(#22508));
#22508 = FILL_AREA_STYLE_COLOUR('',#19863);
#22509 = OVER_RIDING_STYLED_ITEM('overriding color',(#22510),#15510,
  #19455);
#22510 = PRESENTATION_STYLE_ASSIGNMENT((#22511));
#22511 = SURFACE_STYLE_USAGE(.BOTH.,#22512);
#22512 = SURFACE_SIDE_STYLE('',(#22513));
#22513 = SURFACE_STYLE_FILL_AREA(#22514);
#22514 = FILL_AREA_STYLE('',(#22515));
#22515 = FILL_AREA_STYLE_COLOUR('',#19863);
#22516 = OVER_RIDING_STYLED_ITEM('overriding color',(#22517),#15559,
  #19455);
#22517 = PRESENTATION_STYLE_ASSIGNMENT((#22518));
#22518 = SURFACE_STYLE_USAGE(.BOTH.,#22519);
#22519 = SURFACE_SIDE_STYLE('',(#22520));
#22520 = SURFACE_STYLE_FILL_AREA(#22521);
#22521 = FILL_AREA_STYLE('',(#22522));
#22522 = FILL_AREA_STYLE_COLOUR('',#19863);
#22523 = OVER_RIDING_STYLED_ITEM('overriding color',(#22524),#15601,
  #19455);
#22524 = PRESENTATION_STYLE_ASSIGNMENT((#22525));
#22525 = SURFACE_STYLE_USAGE(.BOTH.,#22526);
#22526 = SURFACE_SIDE_STYLE('',(#22527));
#22527 = SURFACE_STYLE_FILL_AREA(#22528);
#22528 = FILL_AREA_STYLE('',(#22529));
#22529 = FILL_AREA_STYLE_COLOUR('',#19863);
#22530 = OVER_RIDING_STYLED_ITEM('overriding color',(#22531),#15643,
  #19455);
#22531 = PRESENTATION_STYLE_ASSIGNMENT((#22532));
#22532 = SURFACE_STYLE_USAGE(.BOTH.,#22533);
#22533 = SURFACE_SIDE_STYLE('',(#22534));
#22534 = SURFACE_STYLE_FILL_AREA(#22535);
#22535 = FILL_AREA_STYLE('',(#22536));
#22536 = FILL_AREA_STYLE_COLOUR('',#19863);
#22537 = OVER_RIDING_STYLED_ITEM('overriding color',(#22538),#15683,
  #19455);
#22538 = PRESENTATION_STYLE_ASSIGNMENT((#22539));
#22539 = SURFACE_STYLE_USAGE(.BOTH.,#22540);
#22540 = SURFACE_SIDE_STYLE('',(#22541));
#22541 = SURFACE_STYLE_FILL_AREA(#22542);
#22542 = FILL_AREA_STYLE('',(#22543));
#22543 = FILL_AREA_STYLE_COLOUR('',#19863);
#22544 = OVER_RIDING_STYLED_ITEM('overriding color',(#22545),#15708,
  #19455);
#22545 = PRESENTATION_STYLE_ASSIGNMENT((#22546));
#22546 = SURFACE_STYLE_USAGE(.BOTH.,#22547);
#22547 = SURFACE_SIDE_STYLE('',(#22548));
#22548 = SURFACE_STYLE_FILL_AREA(#22549);
#22549 = FILL_AREA_STYLE('',(#22550));
#22550 = FILL_AREA_STYLE_COLOUR('',#19863);
#22551 = OVER_RIDING_STYLED_ITEM('overriding color',(#22552),#15732,
  #19455);
#22552 = PRESENTATION_STYLE_ASSIGNMENT((#22553));
#22553 = SURFACE_STYLE_USAGE(.BOTH.,#22554);
#22554 = SURFACE_SIDE_STYLE('',(#22555));
#22555 = SURFACE_STYLE_FILL_AREA(#22556);
#22556 = FILL_AREA_STYLE('',(#22557));
#22557 = FILL_AREA_STYLE_COLOUR('',#19863);
#22558 = OVER_RIDING_STYLED_ITEM('overriding color',(#22559),#15750,
  #19455);
#22559 = PRESENTATION_STYLE_ASSIGNMENT((#22560));
#22560 = SURFACE_STYLE_USAGE(.BOTH.,#22561);
#22561 = SURFACE_SIDE_STYLE('',(#22562));
#22562 = SURFACE_STYLE_FILL_AREA(#22563);
#22563 = FILL_AREA_STYLE('',(#22564));
#22564 = FILL_AREA_STYLE_COLOUR('',#20349);
#22565 = OVER_RIDING_STYLED_ITEM('overriding color',(#22566),#15782,
  #19455);
#22566 = PRESENTATION_STYLE_ASSIGNMENT((#22567));
#22567 = SURFACE_STYLE_USAGE(.BOTH.,#22568);
#22568 = SURFACE_SIDE_STYLE('',(#22569));
#22569 = SURFACE_STYLE_FILL_AREA(#22570);
#22570 = FILL_AREA_STYLE('',(#22571));
#22571 = FILL_AREA_STYLE_COLOUR('',#20349);
#22572 = OVER_RIDING_STYLED_ITEM('overriding color',(#22573),#15806,
  #19455);
#22573 = PRESENTATION_STYLE_ASSIGNMENT((#22574));
#22574 = SURFACE_STYLE_USAGE(.BOTH.,#22575);
#22575 = SURFACE_SIDE_STYLE('',(#22576));
#22576 = SURFACE_STYLE_FILL_AREA(#22577);
#22577 = FILL_AREA_STYLE('',(#22578));
#22578 = FILL_AREA_STYLE_COLOUR('',#20349);
#22579 = OVER_RIDING_STYLED_ITEM('overriding color',(#22580),#15831,
  #19455);
#22580 = PRESENTATION_STYLE_ASSIGNMENT((#22581));
#22581 = SURFACE_STYLE_USAGE(.BOTH.,#22582);
#22582 = SURFACE_SIDE_STYLE('',(#22583));
#22583 = SURFACE_STYLE_FILL_AREA(#22584);
#22584 = FILL_AREA_STYLE('',(#22585));
#22585 = FILL_AREA_STYLE_COLOUR('',#20349);
#22586 = OVER_RIDING_STYLED_ITEM('overriding color',(#22587),#15848,
  #19455);
#22587 = PRESENTATION_STYLE_ASSIGNMENT((#22588));
#22588 = SURFACE_STYLE_USAGE(.BOTH.,#22589);
#22589 = SURFACE_SIDE_STYLE('',(#22590));
#22590 = SURFACE_STYLE_FILL_AREA(#22591);
#22591 = FILL_AREA_STYLE('',(#22592));
#22592 = FILL_AREA_STYLE_COLOUR('',#19863);
#22593 = OVER_RIDING_STYLED_ITEM('overriding color',(#22594),#15879,
  #19455);
#22594 = PRESENTATION_STYLE_ASSIGNMENT((#22595));
#22595 = SURFACE_STYLE_USAGE(.BOTH.,#22596);
#22596 = SURFACE_SIDE_STYLE('',(#22597));
#22597 = SURFACE_STYLE_FILL_AREA(#22598);
#22598 = FILL_AREA_STYLE('',(#22599));
#22599 = FILL_AREA_STYLE_COLOUR('',#19863);
#22600 = OVER_RIDING_STYLED_ITEM('overriding color',(#22601),#15897,
  #19455);
#22601 = PRESENTATION_STYLE_ASSIGNMENT((#22602));
#22602 = SURFACE_STYLE_USAGE(.BOTH.,#22603);
#22603 = SURFACE_SIDE_STYLE('',(#22604));
#22604 = SURFACE_STYLE_FILL_AREA(#22605);
#22605 = FILL_AREA_STYLE('',(#22606));
#22606 = FILL_AREA_STYLE_COLOUR('',#19863);
#22607 = OVER_RIDING_STYLED_ITEM('overriding color',(#22608),#15915,
  #19455);
#22608 = PRESENTATION_STYLE_ASSIGNMENT((#22609));
#22609 = SURFACE_STYLE_USAGE(.BOTH.,#22610);
#22610 = SURFACE_SIDE_STYLE('',(#22611));
#22611 = SURFACE_STYLE_FILL_AREA(#22612);
#22612 = FILL_AREA_STYLE('',(#22613));
#22613 = FILL_AREA_STYLE_COLOUR('',#19863);
#22614 = OVER_RIDING_STYLED_ITEM('overriding color',(#22615),#15934,
  #19455);
#22615 = PRESENTATION_STYLE_ASSIGNMENT((#22616));
#22616 = SURFACE_STYLE_USAGE(.BOTH.,#22617);
#22617 = SURFACE_SIDE_STYLE('',(#22618));
#22618 = SURFACE_STYLE_FILL_AREA(#22619);
#22619 = FILL_AREA_STYLE('',(#22620));
#22620 = FILL_AREA_STYLE_COLOUR('',#19863);
#22621 = OVER_RIDING_STYLED_ITEM('overriding color',(#22622),#15946,
  #19455);
#22622 = PRESENTATION_STYLE_ASSIGNMENT((#22623));
#22623 = SURFACE_STYLE_USAGE(.BOTH.,#22624);
#22624 = SURFACE_SIDE_STYLE('',(#22625));
#22625 = SURFACE_STYLE_FILL_AREA(#22626);
#22626 = FILL_AREA_STYLE('',(#22627));
#22627 = FILL_AREA_STYLE_COLOUR('',#19863);
#22628 = OVER_RIDING_STYLED_ITEM('overriding color',(#22629),#15987,
  #19455);
#22629 = PRESENTATION_STYLE_ASSIGNMENT((#22630));
#22630 = SURFACE_STYLE_USAGE(.BOTH.,#22631);
#22631 = SURFACE_SIDE_STYLE('',(#22632));
#22632 = SURFACE_STYLE_FILL_AREA(#22633);
#22633 = FILL_AREA_STYLE('',(#22634));
#22634 = FILL_AREA_STYLE_COLOUR('',#19863);
#22635 = OVER_RIDING_STYLED_ITEM('overriding color',(#22636),#16004,
  #19455);
#22636 = PRESENTATION_STYLE_ASSIGNMENT((#22637));
#22637 = SURFACE_STYLE_USAGE(.BOTH.,#22638);
#22638 = SURFACE_SIDE_STYLE('',(#22639));
#22639 = SURFACE_STYLE_FILL_AREA(#22640);
#22640 = FILL_AREA_STYLE('',(#22641));
#22641 = FILL_AREA_STYLE_COLOUR('',#19863);
#22642 = OVER_RIDING_STYLED_ITEM('overriding color',(#22643),#16021,
  #19455);
#22643 = PRESENTATION_STYLE_ASSIGNMENT((#22644));
#22644 = SURFACE_STYLE_USAGE(.BOTH.,#22645);
#22645 = SURFACE_SIDE_STYLE('',(#22646));
#22646 = SURFACE_STYLE_FILL_AREA(#22647);
#22647 = FILL_AREA_STYLE('',(#22648));
#22648 = FILL_AREA_STYLE_COLOUR('',#19863);
#22649 = OVER_RIDING_STYLED_ITEM('overriding color',(#22650),#16046,
  #19455);
#22650 = PRESENTATION_STYLE_ASSIGNMENT((#22651));
#22651 = SURFACE_STYLE_USAGE(.BOTH.,#22652);
#22652 = SURFACE_SIDE_STYLE('',(#22653));
#22653 = SURFACE_STYLE_FILL_AREA(#22654);
#22654 = FILL_AREA_STYLE('',(#22655));
#22655 = FILL_AREA_STYLE_COLOUR('',#19863);
#22656 = OVER_RIDING_STYLED_ITEM('overriding color',(#22657),#16073,
  #19455);
#22657 = PRESENTATION_STYLE_ASSIGNMENT((#22658));
#22658 = SURFACE_STYLE_USAGE(.BOTH.,#22659);
#22659 = SURFACE_SIDE_STYLE('',(#22660));
#22660 = SURFACE_STYLE_FILL_AREA(#22661);
#22661 = FILL_AREA_STYLE('',(#22662));
#22662 = FILL_AREA_STYLE_COLOUR('',#19863);
#22663 = OVER_RIDING_STYLED_ITEM('overriding color',(#22664),#16099,
  #19455);
#22664 = PRESENTATION_STYLE_ASSIGNMENT((#22665));
#22665 = SURFACE_STYLE_USAGE(.BOTH.,#22666);
#22666 = SURFACE_SIDE_STYLE('',(#22667));
#22667 = SURFACE_STYLE_FILL_AREA(#22668);
#22668 = FILL_AREA_STYLE('',(#22669));
#22669 = FILL_AREA_STYLE_COLOUR('',#19863);
#22670 = OVER_RIDING_STYLED_ITEM('overriding color',(#22671),#16116,
  #19455);
#22671 = PRESENTATION_STYLE_ASSIGNMENT((#22672));
#22672 = SURFACE_STYLE_USAGE(.BOTH.,#22673);
#22673 = SURFACE_SIDE_STYLE('',(#22674));
#22674 = SURFACE_STYLE_FILL_AREA(#22675);
#22675 = FILL_AREA_STYLE('',(#22676));
#22676 = FILL_AREA_STYLE_COLOUR('',#19863);
#22677 = OVER_RIDING_STYLED_ITEM('overriding color',(#22678),#16128,
  #19455);
#22678 = PRESENTATION_STYLE_ASSIGNMENT((#22679));
#22679 = SURFACE_STYLE_USAGE(.BOTH.,#22680);
#22680 = SURFACE_SIDE_STYLE('',(#22681));
#22681 = SURFACE_STYLE_FILL_AREA(#22682);
#22682 = FILL_AREA_STYLE('',(#22683));
#22683 = FILL_AREA_STYLE_COLOUR('',#19863);
#22684 = OVER_RIDING_STYLED_ITEM('overriding color',(#22685),#16140,
  #19455);
#22685 = PRESENTATION_STYLE_ASSIGNMENT((#22686));
#22686 = SURFACE_STYLE_USAGE(.BOTH.,#22687);
#22687 = SURFACE_SIDE_STYLE('',(#22688));
#22688 = SURFACE_STYLE_FILL_AREA(#22689);
#22689 = FILL_AREA_STYLE('',(#22690));
#22690 = FILL_AREA_STYLE_COLOUR('',#19863);
#22691 = OVER_RIDING_STYLED_ITEM('overriding color',(#22692),#16165,
  #19455);
#22692 = PRESENTATION_STYLE_ASSIGNMENT((#22693));
#22693 = SURFACE_STYLE_USAGE(.BOTH.,#22694);
#22694 = SURFACE_SIDE_STYLE('',(#22695));
#22695 = SURFACE_STYLE_FILL_AREA(#22696);
#22696 = FILL_AREA_STYLE('',(#22697));
#22697 = FILL_AREA_STYLE_COLOUR('',#19863);
#22698 = OVER_RIDING_STYLED_ITEM('overriding color',(#22699),#16197,
  #19455);
#22699 = PRESENTATION_STYLE_ASSIGNMENT((#22700));
#22700 = SURFACE_STYLE_USAGE(.BOTH.,#22701);
#22701 = SURFACE_SIDE_STYLE('',(#22702));
#22702 = SURFACE_STYLE_FILL_AREA(#22703);
#22703 = FILL_AREA_STYLE('',(#22704));
#22704 = FILL_AREA_STYLE_COLOUR('',#19863);
#22705 = OVER_RIDING_STYLED_ITEM('overriding color',(#22706),#16209,
  #19455);
#22706 = PRESENTATION_STYLE_ASSIGNMENT((#22707));
#22707 = SURFACE_STYLE_USAGE(.BOTH.,#22708);
#22708 = SURFACE_SIDE_STYLE('',(#22709));
#22709 = SURFACE_STYLE_FILL_AREA(#22710);
#22710 = FILL_AREA_STYLE('',(#22711));
#22711 = FILL_AREA_STYLE_COLOUR('',#19863);
#22712 = OVER_RIDING_STYLED_ITEM('overriding color',(#22713),#16226,
  #19455);
#22713 = PRESENTATION_STYLE_ASSIGNMENT((#22714));
#22714 = SURFACE_STYLE_USAGE(.BOTH.,#22715);
#22715 = SURFACE_SIDE_STYLE('',(#22716));
#22716 = SURFACE_STYLE_FILL_AREA(#22717);
#22717 = FILL_AREA_STYLE('',(#22718));
#22718 = FILL_AREA_STYLE_COLOUR('',#19863);
#22719 = OVER_RIDING_STYLED_ITEM('overriding color',(#22720),#16238,
  #19455);
#22720 = PRESENTATION_STYLE_ASSIGNMENT((#22721));
#22721 = SURFACE_STYLE_USAGE(.BOTH.,#22722);
#22722 = SURFACE_SIDE_STYLE('',(#22723));
#22723 = SURFACE_STYLE_FILL_AREA(#22724);
#22724 = FILL_AREA_STYLE('',(#22725));
#22725 = FILL_AREA_STYLE_COLOUR('',#19863);
#22726 = OVER_RIDING_STYLED_ITEM('overriding color',(#22727),#16263,
  #19455);
#22727 = PRESENTATION_STYLE_ASSIGNMENT((#22728));
#22728 = SURFACE_STYLE_USAGE(.BOTH.,#22729);
#22729 = SURFACE_SIDE_STYLE('',(#22730));
#22730 = SURFACE_STYLE_FILL_AREA(#22731);
#22731 = FILL_AREA_STYLE('',(#22732));
#22732 = FILL_AREA_STYLE_COLOUR('',#19863);
#22733 = OVER_RIDING_STYLED_ITEM('overriding color',(#22734),#16295,
  #19455);
#22734 = PRESENTATION_STYLE_ASSIGNMENT((#22735));
#22735 = SURFACE_STYLE_USAGE(.BOTH.,#22736);
#22736 = SURFACE_SIDE_STYLE('',(#22737));
#22737 = SURFACE_STYLE_FILL_AREA(#22738);
#22738 = FILL_AREA_STYLE('',(#22739));
#22739 = FILL_AREA_STYLE_COLOUR('',#19863);
#22740 = OVER_RIDING_STYLED_ITEM('overriding color',(#22741),#16307,
  #19455);
#22741 = PRESENTATION_STYLE_ASSIGNMENT((#22742));
#22742 = SURFACE_STYLE_USAGE(.BOTH.,#22743);
#22743 = SURFACE_SIDE_STYLE('',(#22744));
#22744 = SURFACE_STYLE_FILL_AREA(#22745);
#22745 = FILL_AREA_STYLE('',(#22746));
#22746 = FILL_AREA_STYLE_COLOUR('',#19863);
#22747 = OVER_RIDING_STYLED_ITEM('overriding color',(#22748),#16324,
  #19455);
#22748 = PRESENTATION_STYLE_ASSIGNMENT((#22749));
#22749 = SURFACE_STYLE_USAGE(.BOTH.,#22750);
#22750 = SURFACE_SIDE_STYLE('',(#22751));
#22751 = SURFACE_STYLE_FILL_AREA(#22752);
#22752 = FILL_AREA_STYLE('',(#22753));
#22753 = FILL_AREA_STYLE_COLOUR('',#19863);
#22754 = OVER_RIDING_STYLED_ITEM('overriding color',(#22755),#16336,
  #19455);
#22755 = PRESENTATION_STYLE_ASSIGNMENT((#22756));
#22756 = SURFACE_STYLE_USAGE(.BOTH.,#22757);
#22757 = SURFACE_SIDE_STYLE('',(#22758));
#22758 = SURFACE_STYLE_FILL_AREA(#22759);
#22759 = FILL_AREA_STYLE('',(#22760));
#22760 = FILL_AREA_STYLE_COLOUR('',#20349);
#22761 = OVER_RIDING_STYLED_ITEM('overriding color',(#22762),#16370,
  #19455);
#22762 = PRESENTATION_STYLE_ASSIGNMENT((#22763));
#22763 = SURFACE_STYLE_USAGE(.BOTH.,#22764);
#22764 = SURFACE_SIDE_STYLE('',(#22765));
#22765 = SURFACE_STYLE_FILL_AREA(#22766);
#22766 = FILL_AREA_STYLE('',(#22767));
#22767 = FILL_AREA_STYLE_COLOUR('',#20349);
#22768 = OVER_RIDING_STYLED_ITEM('overriding color',(#22769),#16395,
  #19455);
#22769 = PRESENTATION_STYLE_ASSIGNMENT((#22770));
#22770 = SURFACE_STYLE_USAGE(.BOTH.,#22771);
#22771 = SURFACE_SIDE_STYLE('',(#22772));
#22772 = SURFACE_STYLE_FILL_AREA(#22773);
#22773 = FILL_AREA_STYLE('',(#22774));
#22774 = FILL_AREA_STYLE_COLOUR('',#20349);
#22775 = OVER_RIDING_STYLED_ITEM('overriding color',(#22776),#16421,
  #19455);
#22776 = PRESENTATION_STYLE_ASSIGNMENT((#22777));
#22777 = SURFACE_STYLE_USAGE(.BOTH.,#22778);
#22778 = SURFACE_SIDE_STYLE('',(#22779));
#22779 = SURFACE_STYLE_FILL_AREA(#22780);
#22780 = FILL_AREA_STYLE('',(#22781));
#22781 = FILL_AREA_STYLE_COLOUR('',#20349);
#22782 = OVER_RIDING_STYLED_ITEM('overriding color',(#22783),#16438,
  #19455);
#22783 = PRESENTATION_STYLE_ASSIGNMENT((#22784));
#22784 = SURFACE_STYLE_USAGE(.BOTH.,#22785);
#22785 = SURFACE_SIDE_STYLE('',(#22786));
#22786 = SURFACE_STYLE_FILL_AREA(#22787);
#22787 = FILL_AREA_STYLE('',(#22788));
#22788 = FILL_AREA_STYLE_COLOUR('',#20349);
ENDSEC;
END-ISO-10303-21;
